-- MySQL dump 10.13  Distrib 8.0.33, for Win64 (x86_64)
--
-- Host: 127.0.0.1    Database: real_dbp
-- ------------------------------------------------------
-- Server version	5.5.5-10.11.7-MariaDB

/*!40101 SET @OLD_CHARACTER_SET_CLIENT=@@CHARACTER_SET_CLIENT */;
/*!40101 SET @OLD_CHARACTER_SET_RESULTS=@@CHARACTER_SET_RESULTS */;
/*!40101 SET @OLD_COLLATION_CONNECTION=@@COLLATION_CONNECTION */;
/*!50503 SET NAMES utf8mb4 */;
/*!40103 SET @OLD_TIME_ZONE=@@TIME_ZONE */;
/*!40103 SET TIME_ZONE='+00:00' */;
/*!40014 SET @OLD_UNIQUE_CHECKS=@@UNIQUE_CHECKS, UNIQUE_CHECKS=0 */;
/*!40014 SET @OLD_FOREIGN_KEY_CHECKS=@@FOREIGN_KEY_CHECKS, FOREIGN_KEY_CHECKS=0 */;
/*!40101 SET @OLD_SQL_MODE=@@SQL_MODE, SQL_MODE='NO_AUTO_VALUE_ON_ZERO' */;
/*!40111 SET @OLD_SQL_NOTES=@@SQL_NOTES, SQL_NOTES=0 */;

--
-- Table structure for table `chef_specializes_in_national_cuisine`
--

DROP TABLE IF EXISTS `chef_specializes_in_national_cuisine`;
/*!40101 SET @saved_cs_client     = @@character_set_client */;
/*!50503 SET character_set_client = utf8mb4 */;
CREATE TABLE `chef_specializes_in_national_cuisine` (
  `chef_id` int(11) NOT NULL,
  `national_cuisine` varchar(255) NOT NULL,
  PRIMARY KEY (`chef_id`,`national_cuisine`),
  KEY `national_cuisine` (`national_cuisine`),
  CONSTRAINT `chef_specializes_in_national_cuisine_ibfk_1` FOREIGN KEY (`chef_id`) REFERENCES `chefs` (`id`) ON DELETE NO ACTION ON UPDATE NO ACTION,
  CONSTRAINT `chef_specializes_in_national_cuisine_ibfk_2` FOREIGN KEY (`national_cuisine`) REFERENCES `national_cuisines` (`name`) ON DELETE NO ACTION ON UPDATE NO ACTION
) ENGINE=InnoDB DEFAULT CHARSET=utf8mb4 COLLATE=utf8mb4_general_ci;
/*!40101 SET character_set_client = @saved_cs_client */;

--
-- Dumping data for table `chef_specializes_in_national_cuisine`
--

/*!40000 ALTER TABLE `chef_specializes_in_national_cuisine` DISABLE KEYS */;
INSERT INTO `chef_specializes_in_national_cuisine` VALUES (1,'African'),(1,'Icelandic'),(2,'American'),(2,'Indian'),(3,'Andalusian'),(3,'Iranian'),(4,'Argentine'),(4,'Irish'),(5,'Bangladeshi'),(5,'Israeli'),(6,'Brazilian'),(6,'Italian'),(7,'Burmese'),(7,'Jamaican'),(8,'Chilean'),(8,'Japanese'),(9,'Chinese'),(9,'Korean'),(10,'Ecuadorian'),(10,'Malaysian'),(11,'Ethiopian'),(11,'Maltese'),(12,'Finnish'),(12,'Mexican'),(13,'Greek'),(13,'Moroccan'),(14,'Hungarian'),(14,'Nepalese'),(15,'Icelandic'),(15,'Norwegian'),(16,'Indian'),(16,'Palestinian'),(17,'Iranian'),(17,'Peruvian'),(18,'Irish'),(18,'Philippine'),(19,'Israeli'),(19,'Polish'),(20,'Italian'),(20,'Portuguese'),(21,'Jamaican'),(21,'Republic'),(22,'Japanese'),(22,'Russian'),(23,'Korean'),(24,'Malaysian'),(24,'Sicilian'),(25,'Maltese'),(25,'Singaporean'),(26,'Mexican'),(26,'Thai'),(27,'Moroccan'),(27,'Tibetan'),(28,'Nepalese'),(28,'Uzbek'),(29,'Norwegian'),(29,'Vietnamese'),(30,'African'),(30,'Palestinian'),(31,'American'),(31,'Peruvian'),(32,'Andalusian'),(32,'Philippine'),(33,'Argentine'),(33,'Polish'),(34,'Bangladeshi'),(34,'Portuguese'),(35,'Brazilian'),(35,'Republic'),(36,'Burmese'),(36,'Russian'),(37,'Chilean'),(38,'Chinese'),(38,'Sicilian'),(39,'Ecuadorian'),(39,'Singaporean'),(40,'Ethiopian'),(40,'Thai'),(41,'Finnish'),(41,'Tibetan'),(42,'Greek'),(42,'Uzbek'),(43,'Hungarian'),(43,'Vietnamese'),(44,'African'),(44,'Icelandic'),(45,'American'),(45,'Indian'),(46,'Andalusian'),(46,'Iranian'),(47,'Argentine'),(47,'Irish'),(48,'Bangladeshi'),(48,'Israeli'),(49,'Brazilian'),(49,'Italian'),(50,'Burmese'),(50,'Jamaican'),(51,'Chilean'),(51,'Japanese'),(52,'Chinese'),(52,'Korean'),(53,'Ecuadorian'),(53,'Malaysian'),(54,'Ethiopian'),(54,'Maltese'),(55,'Finnish'),(55,'Mexican'),(56,'Greek'),(56,'Moroccan'),(57,'Hungarian'),(57,'Nepalese'),(58,'Icelandic'),(58,'Norwegian'),(59,'Indian'),(59,'Palestinian'),(60,'Iranian'),(60,'Peruvian'),(61,'Irish'),(61,'Philippine'),(62,'Israeli'),(62,'Polish'),(63,'Italian'),(63,'Portuguese'),(64,'Jamaican'),(64,'Republic'),(65,'Japanese'),(65,'Russian'),(66,'Korean'),(67,'Malaysian'),(67,'Sicilian'),(68,'Maltese'),(68,'Singaporean'),(69,'Mexican'),(69,'Thai'),(70,'Moroccan'),(70,'Tibetan'),(71,'Nepalese'),(71,'Uzbek'),(72,'Norwegian'),(72,'Vietnamese'),(73,'African'),(73,'Palestinian'),(74,'American'),(74,'Peruvian'),(75,'Andalusian'),(75,'Philippine'),(76,'Argentine'),(76,'Polish'),(77,'Bangladeshi'),(77,'Portuguese'),(78,'Brazilian'),(78,'Republic'),(79,'Burmese'),(79,'Russian'),(80,'Chilean'),(81,'Chinese'),(81,'Sicilian'),(82,'Ecuadorian'),(82,'Singaporean'),(83,'Ethiopian'),(83,'Thai'),(84,'Finnish'),(84,'Tibetan'),(85,'Greek'),(85,'Uzbek'),(86,'Hungarian'),(86,'Vietnamese'),(87,'African'),(87,'Icelandic'),(88,'American'),(88,'Indian'),(89,'Andalusian'),(89,'Iranian'),(90,'Argentine'),(90,'Irish'),(91,'Bangladeshi'),(91,'Israeli'),(92,'Brazilian'),(92,'Italian'),(93,'Burmese'),(93,'Jamaican'),(94,'Chilean'),(94,'Japanese'),(95,'Chinese'),(95,'Korean'),(96,'Ecuadorian'),(96,'Malaysian'),(97,'Ethiopian'),(97,'Maltese'),(98,'Finnish'),(98,'Mexican'),(99,'Greek'),(99,'Moroccan'),(100,'Hungarian'),(100,'Nepalese');
/*!40000 ALTER TABLE `chef_specializes_in_national_cuisine` ENABLE KEYS */;

--
-- Table structure for table `chefs`
--

DROP TABLE IF EXISTS `chefs`;
/*!40101 SET @saved_cs_client     = @@character_set_client */;
/*!50503 SET character_set_client = utf8mb4 */;
CREATE TABLE `chefs` (
  `id` int(11) NOT NULL AUTO_INCREMENT,
  `first_name` varchar(255) NOT NULL,
  `last_name` varchar(255) NOT NULL,
  `date_of_birth` date NOT NULL,
  `phone_number` varchar(255) NOT NULL,
  `type` int(11) NOT NULL,
  PRIMARY KEY (`id`),
  UNIQUE KEY `id` (`id`)
) ENGINE=InnoDB AUTO_INCREMENT=101 DEFAULT CHARSET=utf8mb4 COLLATE=utf8mb4_general_ci;
/*!40101 SET character_set_client = @saved_cs_client */;

--
-- Dumping data for table `chefs`
--

/*!40000 ALTER TABLE `chefs` DISABLE KEYS */;
INSERT INTO `chefs` VALUES (1,'Breanne','Schoen','1978-05-19','1-174-789-0630x0808',3),(2,'Talia','Legros','1984-01-13','(302)333-9369',5),(3,'Rosalee','Heidenreich','1979-01-24','134-092-2121x066',2),(4,'Thurman','Wyman','1977-12-31','02887124127',3),(5,'Elias','Hettinger','1998-03-10','619.326.8006x750',4),(6,'Augustus','Murazik','1997-07-01','200.394.5687',5),(7,'Tierra','Cruickshank','1974-06-13','700.047.4515x24771',3),(8,'Rory','Bruen','2003-08-08','1-118-803-1140x84765',5),(9,'Rosina','Beatty','1991-01-20','383.365.9105x041',4),(10,'Verona','Murphy','1991-12-22','818.618.3909x4507',3),(11,'Rossie','Considine','2001-01-25','09623868610',1),(12,'Fernando','Hahn','1991-01-13','+81(2)7068850268',4),(13,'Rubye','Conroy','1981-11-16','00705827979',5),(14,'Rachael','Goldner','1977-01-01','09384467750',4),(15,'Broderick','Cronin','1993-07-01','(100)534-8387x10331',4),(16,'Rachelle','Bins','1987-10-02','1-452-856-2957x28238',1),(17,'Nathanial','Buckridge','2000-10-19','(442)338-0378x23012',4),(18,'Dwight','Towne','1977-03-31','(005)572-1120x91333',5),(19,'Marcelina','DuBuque','1982-11-27','+53(7)5432431175',5),(20,'Marcella','Kulas','1985-08-08','+81(0)1941050570',3),(21,'Torrance','Ledner','1985-10-02','465.942.7709x54047',3),(22,'Mckenna','Larson','2002-06-08','659.630.5453',1),(23,'Kaela','Zulauf','1979-09-26','914-782-2613x7784',2),(24,'Alysa','Herzog','1990-04-24','(053)482-1983x62499',3),(25,'Asia','Brekke','1978-09-09','(307)091-2571',1),(26,'Cordie','Grady','1986-03-28','843-994-4253x3308',3),(27,'Stephon','Nicolas','1972-12-26','101-530-4645x934',4),(28,'Margarete','Volkman','1983-08-30','(251)582-9978',2),(29,'Brendon','Mayer','1978-06-12','1-224-679-8269x3394',1),(30,'Corbin','Rodriguez','1985-12-20','653.391.1547',4),(31,'Charlene','Sawayn','2002-02-12','346-423-1454x9171',1),(32,'Keara','Muller','1996-01-19','(719)527-6370',1),(33,'Josianne','Kshlerin','1983-02-22','(808)068-3233x8868',4),(34,'Gladyce','Schneider','1999-10-01','(838)869-5795',4),(35,'Parker','Von','1992-06-12','1-137-065-2722x5007',5),(36,'Fernando','Rau','1998-01-12','(952)512-0746x89468',5),(37,'Joana','Moen','1970-08-13','1-404-431-6694x86959',2),(38,'Briana','Barrows','1970-07-04','1-173-802-1938x1993',5),(39,'Nathanael','Goodwin','1995-02-04','1-167-880-1130',1),(40,'Mekhi','Gorczany','1975-12-30','+03(1)8681038079',1),(41,'Elyse','Pollich','1998-05-21','393-238-2421x234',5),(42,'Kaci','Dietrich','1982-07-09','(520)588-6621',3),(43,'Joel','Becker','1998-02-24','01357976742',5),(44,'Hope','Kris','1973-11-27','322-556-2267x274',2),(45,'Jace','Osinski','1980-04-09','1-931-809-4536x89502',2),(46,'Durward','Tillman','1977-02-08','089-962-4954x5364',3),(47,'Anastasia','Conroy','1983-06-04','158.732.0371',5),(48,'Titus','Volkman','1999-11-09','815.216.6535',5),(49,'Kattie','Stracke','1991-01-31','809-989-2410',5),(50,'Ken','Hartmann','1970-02-01','1-214-843-7056',5),(51,'Tommie','Lueilwitz','1980-02-01','454.419.3901',2),(52,'Emilio','Zboncak','1976-10-26','037-216-8317x084',1),(53,'Alyce','Hintz','1988-03-27','627-664-4070x7803',5),(54,'Alda','Fadel','1997-06-02','324.549.1581x1207',3),(55,'Carolyn','Schuppe','1983-01-19','(077)167-3396x282',5),(56,'Mauricio','Cormier','1981-01-23','854.905.9215',1),(57,'Kylee','Waelchi','1997-07-14','(245)758-6414x087',3),(58,'Sophie','Robel','1986-08-16','(741)394-5117',3),(59,'Hassie','Kunde','1992-12-17','(204)086-0929x061',4),(60,'Murphy','Dach','1988-09-24','838-665-6261',2),(61,'Makayla','Simonis','1988-08-05','(679)880-7946x326',3),(62,'Domenic','Gaylord','1980-11-24','1-538-428-8480x1888',2),(63,'Maci','Powlowski','1990-07-30','729-926-9857',2),(64,'Brandon','Cronin','1978-07-04','+10(4)4145361005',4),(65,'Camron','Heaney','1982-03-15','182-612-6282',4),(66,'Clementina','Feeney','1991-08-04','(034)787-0247x319',1),(67,'Asia','Parker','1996-03-15','1-074-898-5447x79833',2),(68,'Meredith','Toy','1971-04-21','(165)916-6794x01067',5),(69,'Omer','Zemlak','2003-01-05','(517)120-2340',2),(70,'Jed','Bins','1995-03-26','1-720-601-5224x280',4),(71,'Abigail','Reichel','1993-10-21','1-035-009-7488',5),(72,'Judd','Hermiston','1996-07-28','482.590.9207',1),(73,'Mark','Langworth','2000-01-24','01703094101',1),(74,'Marcos','Stiedemann','2000-12-18','(180)814-9791x5115',3),(75,'Johnny','Jones','1971-03-04','178.414.4012x7118',5),(76,'Joshuah','Orn','1977-07-05','080-225-7821x7887',2),(77,'Mya','Shanahan','1991-03-13','(146)442-2056x03246',5),(78,'Brando','Roob','1975-05-27','1-189-914-1275',3),(79,'Gudrun','Bashirian','1988-09-06','(565)607-1755',4),(80,'Elisabeth','Altenwerth','1973-09-07','151.652.3167',2),(81,'Graciela','Mayert','2003-12-01','321.342.2458',1),(82,'Chase','Hermann','1981-11-13','(213)157-7334x15829',1),(83,'Anika','Wisozk','2003-12-14','+72(7)3466081020',2),(84,'Donna','Franecki','1974-07-11','(238)773-5401',2),(85,'Nikki','Robel','1985-09-21','251-313-3319',2),(86,'Sylvan','Sporer','1989-02-01','+70(5)8289057852',5),(87,'Suzanne','Treutel','1971-11-07','730-874-4835x9265',5),(88,'Izabella','Kozey','1994-04-29','(256)945-4108x1524',2),(89,'Laisha','Upton','2001-07-22','06488230569',2),(90,'Emory','Casper','2000-04-01','1-464-176-0365x8079',2),(91,'Leopold','Von','1985-06-02','1-599-101-6440x1615',5),(92,'Rebekah','Welch','1987-07-22','188-875-8207',2),(93,'Clara','Lindgren','1984-09-06','+41(7)1526682896',4),(94,'Bria','Dooley','1992-12-19','210.857.6565',5),(95,'Geo','Douglas','1983-07-30','(341)157-1588x76940',3),(96,'Annalise','Rohan','2000-12-26','215.643.9246x2944',4),(97,'Vada','Runte','1994-06-29','1-741-750-1288x1382',4),(98,'Eusebio','Schinner','1991-05-19','(803)421-2866x07605',4),(99,'Estrella','Ritchie','1986-04-03','1-596-055-0400',2),(100,'Matteo','Koelpin','1975-01-24','(960)231-3374x337',4);
/*!40000 ALTER TABLE `chefs` ENABLE KEYS */;

--
-- Table structure for table `episode_participants`
--

DROP TABLE IF EXISTS `episode_participants`;
/*!40101 SET @saved_cs_client     = @@character_set_client */;
/*!50503 SET character_set_client = utf8mb4 */;
CREATE TABLE `episode_participants` (
  `id` int(11) NOT NULL AUTO_INCREMENT,
  `episode_id` int(11) NOT NULL,
  `chef_id` int(11) NOT NULL,
  `recipe_id` int(11) DEFAULT NULL,
  `role` enum('participant','judge') NOT NULL,
  `score_1` int(11) DEFAULT NULL,
  `score_2` int(11) DEFAULT NULL,
  `score_3` int(11) DEFAULT NULL,
  PRIMARY KEY (`id`),
  KEY `chef_id` (`chef_id`),
  KEY `episode_id` (`episode_id`),
  KEY `recipe_id` (`recipe_id`),
  CONSTRAINT `episode_participants_ibfk_1` FOREIGN KEY (`episode_id`) REFERENCES `episodes` (`id`),
  CONSTRAINT `episode_participants_ibfk_2` FOREIGN KEY (`chef_id`) REFERENCES `chefs` (`id`),
  CONSTRAINT `episode_participants_ibfk_3` FOREIGN KEY (`recipe_id`) REFERENCES `recipes` (`id`)
) ENGINE=InnoDB AUTO_INCREMENT=131 DEFAULT CHARSET=utf8mb4 COLLATE=utf8mb4_general_ci;
/*!40101 SET character_set_client = @saved_cs_client */;

--
-- Dumping data for table `episode_participants`
--

/*!40000 ALTER TABLE `episode_participants` DISABLE KEYS */;
INSERT INTO `episode_participants` VALUES (1,261,28,321,'participant',1,4,5),(2,261,68,377,'participant',5,5,1),(3,261,34,351,'participant',3,5,1),(4,261,19,347,'participant',4,2,5),(5,261,15,248,'participant',2,2,2),(6,261,18,339,'participant',4,2,1),(7,261,12,102,'participant',1,3,2),(8,261,35,354,'participant',4,5,3),(9,261,42,390,'participant',2,1,4),(10,261,6,295,'participant',2,1,2),(11,261,45,NULL,'judge',NULL,NULL,NULL),(12,261,50,NULL,'judge',NULL,NULL,NULL),(13,261,41,NULL,'judge',NULL,NULL,NULL),(14,262,28,322,'participant',1,2,1),(15,262,22,4,'participant',4,2,5),(16,262,96,81,'participant',5,3,2),(17,262,11,93,'participant',1,4,1),(18,262,9,191,'participant',5,5,1),(19,262,48,285,'participant',4,1,4),(20,262,12,36,'participant',1,1,4),(21,262,73,333,'participant',2,3,5),(22,262,2,123,'participant',3,5,5),(23,262,97,211,'participant',1,4,2),(24,262,12,NULL,'judge',NULL,NULL,NULL),(25,262,52,NULL,'judge',NULL,NULL,NULL),(26,262,56,NULL,'judge',NULL,NULL,NULL),(27,263,35,355,'participant',3,5,1),(28,263,15,252,'participant',4,2,4),(29,263,60,274,'participant',1,3,4),(30,263,29,328,'participant',5,5,3),(31,263,86,393,'participant',3,3,1),(32,263,49,157,'participant',3,5,2),(33,263,82,376,'participant',2,2,3),(34,263,67,372,'participant',4,4,2),(35,263,17,336,'participant',4,3,2),(36,263,96,77,'participant',2,5,4),(37,263,36,NULL,'judge',NULL,NULL,NULL),(38,263,64,NULL,'judge',NULL,NULL,NULL),(39,263,73,NULL,'judge',NULL,NULL,NULL),(40,264,79,361,'participant',1,2,5),(41,264,53,201,'participant',5,4,1),(42,264,68,374,'participant',4,4,3),(43,264,27,313,'participant',3,4,3),(44,264,81,372,'participant',4,5,5),(45,264,20,352,'participant',2,5,5),(46,264,85,390,'participant',5,5,4),(47,264,57,238,'participant',1,5,2),(48,264,27,387,'participant',5,4,5),(49,264,4,277,'participant',1,4,3),(50,264,89,NULL,'judge',NULL,NULL,NULL),(51,264,97,NULL,'judge',NULL,NULL,NULL),(52,264,66,NULL,'judge',NULL,NULL,NULL),(53,265,52,67,'participant',1,1,1),(54,265,19,344,'participant',5,2,4),(55,265,86,243,'participant',5,4,1),(56,265,71,392,'participant',1,5,4),(57,265,71,322,'participant',2,1,2),(58,265,94,173,'participant',4,4,5),(59,265,12,101,'participant',4,3,4),(60,265,78,153,'participant',1,4,3),(61,265,46,128,'participant',2,1,5),(62,265,16,255,'participant',4,4,5),(63,265,93,NULL,'judge',NULL,NULL,NULL),(64,265,95,NULL,'judge',NULL,NULL,NULL),(65,265,35,NULL,'judge',NULL,NULL,NULL),(66,266,75,127,'participant',2,1,4),(67,266,98,95,'participant',4,2,2),(68,266,31,121,'participant',4,2,5),(69,266,96,81,'participant',5,5,2),(70,266,87,111,'participant',3,1,5),(71,266,92,151,'participant',5,4,2),(72,266,64,357,'participant',4,2,3),(73,266,44,245,'participant',1,3,1),(74,266,83,382,'participant',5,4,4),(75,266,75,339,'participant',2,4,2),(76,266,80,NULL,'judge',NULL,NULL,NULL),(77,266,99,NULL,'judge',NULL,NULL,NULL),(78,266,34,NULL,'judge',NULL,NULL,NULL),(79,267,64,355,'participant',5,5,1),(80,267,85,3,'participant',2,5,4),(81,267,9,194,'participant',4,5,1),(82,267,7,166,'participant',3,3,1),(83,267,87,107,'participant',1,3,1),(84,267,25,374,'participant',2,1,3),(85,267,21,305,'participant',2,4,4),(86,267,65,360,'participant',3,5,1),(87,267,29,327,'participant',2,5,4),(88,267,12,218,'participant',1,5,3),(89,267,59,NULL,'judge',NULL,NULL,NULL),(90,267,79,NULL,'judge',NULL,NULL,NULL),(91,267,7,NULL,'judge',NULL,NULL,NULL),(92,268,34,150,'participant',4,4,5),(93,268,38,182,'participant',1,5,4),(94,268,6,153,'participant',1,1,3),(95,268,74,334,'participant',4,5,1),(96,268,30,111,'participant',3,2,3),(97,268,98,99,'participant',3,4,1),(98,268,72,325,'participant',1,4,3),(99,268,33,346,'participant',2,3,1),(100,268,75,131,'participant',4,1,2),(101,268,77,353,'participant',3,5,3),(102,268,1,NULL,'judge',NULL,NULL,NULL),(103,268,62,NULL,'judge',NULL,NULL,NULL),(104,268,64,NULL,'judge',NULL,NULL,NULL),(105,269,81,372,'participant',5,1,3),(106,269,20,295,'participant',5,3,4),(107,269,65,50,'participant',3,4,3),(108,269,93,160,'participant',2,3,3),(109,269,30,108,'participant',2,3,4),(110,269,51,171,'participant',1,1,2),(111,269,73,332,'participant',2,4,2),(112,269,72,327,'participant',3,3,1),(113,269,62,33,'participant',2,3,3),(114,269,100,321,'participant',3,1,4),(115,269,52,NULL,'judge',NULL,NULL,NULL),(116,269,9,NULL,'judge',NULL,NULL,NULL),(117,269,80,NULL,'judge',NULL,NULL,NULL),(118,270,67,371,'participant',2,3,3),(119,270,8,176,'participant',4,3,5),(120,270,71,391,'participant',1,3,2),(121,270,96,82,'participant',2,3,3),(122,270,88,118,'participant',2,1,1),(123,270,20,349,'participant',3,3,3),(124,270,91,145,'participant',2,1,1),(125,270,55,101,'participant',3,5,2),(126,270,21,357,'participant',4,1,4),(127,270,40,208,'participant',1,3,1),(128,270,16,NULL,'judge',NULL,NULL,NULL),(129,270,68,NULL,'judge',NULL,NULL,NULL),(130,270,84,NULL,'judge',NULL,NULL,NULL);
/*!40000 ALTER TABLE `episode_participants` ENABLE KEYS */;

--
-- Table structure for table `episodes`
--

DROP TABLE IF EXISTS `episodes`;
/*!40101 SET @saved_cs_client     = @@character_set_client */;
/*!50503 SET character_set_client = utf8mb4 */;
CREATE TABLE `episodes` (
  `id` int(11) NOT NULL AUTO_INCREMENT,
  `day` int(11) NOT NULL,
  `month` int(11) NOT NULL,
  `year` int(11) NOT NULL,
  PRIMARY KEY (`id`)
) ENGINE=InnoDB AUTO_INCREMENT=271 DEFAULT CHARSET=utf8mb4 COLLATE=utf8mb4_general_ci;
/*!40101 SET character_set_client = @saved_cs_client */;

--
-- Dumping data for table `episodes`
--

/*!40000 ALTER TABLE `episodes` DISABLE KEYS */;
INSERT INTO `episodes` VALUES (261,19,1,2025),(262,13,2,2025),(263,23,3,2025),(264,12,4,2025),(265,24,5,2025),(266,9,6,2025),(267,20,7,2025),(268,3,8,2025),(269,20,9,2025),(270,15,10,2025);
/*!40000 ALTER TABLE `episodes` ENABLE KEYS */;

--
-- Table structure for table `equipment`
--

DROP TABLE IF EXISTS `equipment`;
/*!40101 SET @saved_cs_client     = @@character_set_client */;
/*!50503 SET character_set_client = utf8mb4 */;
CREATE TABLE `equipment` (
  `id` int(11) NOT NULL AUTO_INCREMENT,
  `name` varchar(255) NOT NULL,
  `instructions` mediumtext DEFAULT NULL,
  PRIMARY KEY (`id`),
  UNIQUE KEY `id` (`id`)
) ENGINE=InnoDB AUTO_INCREMENT=152 DEFAULT CHARSET=utf8mb4 COLLATE=utf8mb4_general_ci;
/*!40101 SET character_set_client = @saved_cs_client */;

--
-- Dumping data for table `equipment`
--

/*!40000 ALTER TABLE `equipment` DISABLE KEYS */;
INSERT INTO `equipment` VALUES (1,'Chef\'s knife','Use for chopping, slicing, and dicing a variety of foods. Keep it sharp for best performance.'),(2,'Paring knife','Ideal for peeling and other small, intricate work. Keep it sharp for precise cuts.'),(3,'Bread knife','Use for slicing bread and other baked goods. The serrated edge helps cut through crusts without crushing.'),(4,'Utility knife','A versatile knife for cutting fruits, vegetables, and small meats. Keep it sharp for best results.'),(5,'Carving knife','Use for slicing cooked meats. A long blade helps make smooth, even slices.'),(6,'Knife sharpener','Use regularly to keep knives sharp. Follow manufacturer instructions for best results.'),(7,'Cutting board','Use as a surface for chopping, slicing, and dicing to protect countertops and knife blades.'),(8,'Vegetable peeler','Use to peel the skin off fruits and vegetables.'),(9,'Mandoline slicer','Use for slicing fruits and vegetables into even, thin pieces. Handle with care to avoid cuts.'),(10,'Grater','Use to shred cheese, vegetables, and other foods.'),(11,'Box grater','A four-sided grater for shredding, slicing, grating, and zesting.'),(12,'Microplane','Use for zesting citrus fruits and finely grating hard cheeses and spices.'),(13,'Mixing bowls','Use for mixing ingredients, preparing dough, and serving.'),(14,'Measuring cups','Use to measure dry ingredients.'),(15,'Measuring spoons','Use to measure small quantities of dry and liquid ingredients.'),(16,'Liquid measuring cup','Use to measure liquid ingredients.'),(17,'Whisk','Use to mix, beat, and aerate ingredients.'),(18,'Hand mixer','Use to beat, whip, and mix ingredients.'),(19,'Stand mixer','Use for mixing, whipping, and kneading ingredients with various attachments.'),(20,'Mixing spoon','Use to stir and combine ingredients.'),(21,'Slotted spoon','Use to lift solid food from liquid, allowing the liquid to drain away.'),(22,'Spatula','Use to flip, spread, and mix food.'),(23,'Rubber spatula','Use to scrape bowls and fold ingredients.'),(24,'Wooden spoon','Use for stirring and mixing without scratching cookware.'),(25,'Tongs','Use to grip and lift hot foods without using fingers or utensils.'),(26,'Ladle','Use to serve soups, stews, and sauces.'),(27,'Soup ladle','Use to serve soup and stews.'),(28,'Colander','Use to drain liquids from foods such as pasta and washed vegetables.'),(29,'Strainer','Use to strain liquids from solids or sift dry ingredients.'),(30,'Sieve','Use to sift dry ingredients and strain liquids.'),(31,'Can opener','Use to open metal cans.'),(32,'Bottle opener','Use to open bottles with caps.'),(33,'Corkscrew','Use to open wine bottles.'),(34,'Garlic press','Use to crush garlic cloves.'),(35,'Rolling pin','Use to roll out dough for baking.'),(36,'Pastry brush','Use to brush glazes, butter, or egg wash on pastries and doughs.'),(37,'Kitchen shears','Use for cutting herbs, poultry, and other foods.'),(38,'Pizza cutter','Use to slice pizzas.'),(39,'Kitchen scale','Use to measure ingredients by weight.'),(40,'Thermometer','Use to check the temperature of meats, liquids, and baked goods.'),(41,'Mortar and pestle','Use to grind and crush herbs and spices.'),(42,'Blender','Use to blend and puree ingredients.'),(43,'Food processor','Use to chop, slice, shred, and puree food quickly.'),(44,'Immersion blender','Use to blend soups, sauces, and other liquids directly in the pot.'),(45,'Rice cooker','Use to cook rice perfectly every time.'),(46,'Slow cooker','Use to cook meals slowly at low temperatures.'),(47,'Pressure cooker','Use to cook food quickly under pressure.'),(48,'Dutch oven','Use for braising, stewing, and baking.'),(49,'Wok','Use for stir-frying, steaming, and deep-frying.'),(50,'Cast iron skillet','Use for frying, searing, baking, and more. Season regularly to maintain the non-stick surface.'),(51,'Baking sheet','Use for baking cookies, roasting vegetables, and more.'),(52,'Cooling rack','Use to cool baked goods evenly.'),(53,'Muffin tin','Use to bake muffins and cupcakes. Grease or line with paper cups to prevent sticking.'),(54,'Loaf pan','Use to bake bread and loaf cakes. Grease before use to prevent sticking.'),(55,'Cake pan','Use to bake cakes. Grease and flour before use to prevent sticking.'),(56,'Springform pan','Use for baking cheesecakes and other delicate cakes. The removable sides make it easy to release the cake.'),(57,'Pie dish','Use to bake pies and quiches.'),(58,'Tart pan','Use for baking tarts. The removable bottom helps release the tart easily.'),(59,'Bundt pan','Use for baking Bundt cakes. Grease and flour before use to prevent sticking.'),(60,'Ramekins','Use for baking individual portions of soufflés, crème brûlée, and other desserts.'),(61,'Baking stone','Use to bake pizzas and breads. Preheat with the oven for best results.'),(62,'Pastry cutter','Use to cut butter into flour for pastry dough.'),(63,'Bench scraper','Use to scrape dough from surfaces and cut dough into portions.'),(64,'Dough scraper','Use to scrape and cut dough while working with it.'),(65,'Pastry wheel','Use to cut dough and pastry.'),(66,'Zester','Use to remove the zest from citrus fruits.'),(67,'Citrus juicer','Use to extract juice from citrus fruits.'),(68,'Salad spinner','Use to dry washed salad greens.'),(69,'Salad tongs','Use to serve salads.'),(70,'Meat tenderizer','Use to tenderize meat by pounding it.'),(71,'Meat thermometer','Use to check the internal temperature of meats to ensure they are cooked properly.'),(72,'Basting brush','Use to apply marinades, glazes, and sauces to food while cooking.'),(73,'Grill pan','Use to grill foods indoors.'),(74,'Griddle','Use for cooking pancakes, bacon, and other foods.'),(75,'Waffle iron','Use to make waffles.'),(76,'Deep fryer','Use to fry foods.'),(77,'Electric skillet','Use for cooking a variety of foods with precise temperature control.'),(78,'Toaster','Use to toast bread and bagels.'),(79,'Toaster oven','Use to bake, broil, and toast small quantities of food.'),(80,'Microwave','Use to quickly heat and cook food.'),(81,'Electric kettle','Use to boil water quickly.'),(82,'Coffee maker','Use to brew coffee.'),(83,'Espresso machine','Use to make espresso coffee.'),(84,'Coffee grinder','Use to grind coffee beans.'),(85,'Tea infuser','Use to brew loose leaf tea.'),(86,'Ice cream maker','Use to make homemade ice cream.'),(87,'Popcorn maker','Use to make popcorn.'),(88,'Bread machine','Use to make homemade bread.'),(89,'Food dehydrator','Use to dry fruits, vegetables, and meats.'),(90,'Yogurt maker','Use to make homemade yogurt.'),(91,'Vacuum sealer','Use to vacuum seal food for storage.'),(92,'Electric can opener','Use to open cans easily.'),(93,'Electric knife','Use for slicing meats and breads.'),(94,'Induction cooktop','Use for cooking with induction-compatible cookware.'),(95,'Juicer','Use to extract juice from fruits and vegetables.'),(96,'Spiralizer','Use to create spiral-cut vegetables.'),(97,'Mandoline guard','Use with a mandoline slicer to protect your hands.'),(98,'Cheese slicer','Use to slice cheese.'),(99,'Nutcracker','Use to crack open nuts.'),(100,'Potato masher','Use to mash potatoes and other root vegetables.'),(101,'Potato ricer','Use to create smooth mashed potatoes.'),(102,'Mortar and pestle','Use to grind and crush herbs and spices.'),(103,'French press','Use to brew coffee by steeping ground coffee in hot water and then pressing the plunger to separate the grounds.'),(104,'Milk frother','Use to froth milk for lattes, cappuccinos, and other coffee drinks.'),(105,'Ice cream scoop','Use to scoop ice cream easily.'),(106,'Melon baller','Use to scoop out round balls from melons and other fruits.'),(107,'Avocado slicer','Use to slice and remove the pit from avocados.'),(108,'Cherry pitter','Use to remove pits from cherries.'),(109,'Apple corer','Use to remove the core from apples.'),(110,'Grapefruit knife','Use to section grapefruits easily.'),(111,'Egg slicer','Use to slice hard-boiled eggs evenly.'),(112,'Egg separator','Use to separate egg whites from yolks.'),(113,'Egg poacher','Use to poach eggs easily.'),(114,'Egg timer','Use to time the cooking of eggs.'),(115,'Omelet pan','Use to make omelets.'),(116,'Rice paddle','Use to serve and mix rice.'),(117,'Rice cooker','Use to cook rice perfectly every time.'),(118,'Salad bowl','Use to serve salads.'),(119,'Salad servers','Use to toss and serve salads.'),(120,'Soup pot','Use to cook soups and stews.'),(121,'Stockpot','Use to make stocks, soups, and stews.'),(122,'Saucepan','Use to cook sauces, soups, and other foods.'),(123,'Double boiler','Use for gentle heating of delicate ingredients such as chocolate and custards.'),(124,'Pressure cooker','Use to cook food quickly under high pressure.'),(125,'Slow cooker','Use to cook meals slowly at low temperatures.'),(126,'Roasting pan','Use to roast meats and vegetables.'),(127,'Braising pan','Use for braising meats and vegetables.'),(128,'Casserole dish','Use to bake casseroles.'),(129,'Lasagna pan','Use to bake lasagna.'),(130,'Pie server','Use to serve slices of pie.'),(131,'Cake server','Use to serve slices of cake.'),(132,'Cake stand','Use to display and serve cakes.'),(133,'Cooling rack','Use to cool baked goods evenly.'),(134,'Pastry mat','Use to roll out and work with pastry dough.'),(135,'Silicone baking mat','Use to line baking sheets for non-stick baking.'),(136,'Parchment paper','Use to line baking sheets and pans for easy cleanup.'),(137,'Aluminum foil','Use to cover food and line pans for baking.'),(138,'Plastic wrap','Use to cover and store food.'),(139,'Food storage containers','Use to store leftovers and ingredients.'),(140,'Mason jars','Use for canning and storing food.'),(141,'Vacuum sealer bags','Use with a vacuum sealer to store food.'),(142,'Oven mitts','Use to protect your hands from hot cookware.'),(143,'Pot holders','Use to protect your hands and surfaces from hot pots and pans.'),(144,'Trivet','Use to protect your countertop or table from hot cookware.'),(145,'Apron','Use to protect your clothing while cooking.'),(146,'Kitchen towel','Use to dry dishes and clean up spills.'),(147,'Dish rack','Use to dry dishes after washing.'),(148,'Sink strainer','Use to catch food particles and prevent clogs in the sink.'),(149,'Garbage disposal','Use to grind up food waste for easy disposal.'),(150,'Compost bin','Use to collect food scraps for composting.'),(151,'Fire extinguisher','Use for safety to extinguish kitchen fires.');
/*!40000 ALTER TABLE `equipment` ENABLE KEYS */;

--
-- Table structure for table `food_groups`
--

DROP TABLE IF EXISTS `food_groups`;
/*!40101 SET @saved_cs_client     = @@character_set_client */;
/*!50503 SET character_set_client = utf8mb4 */;
CREATE TABLE `food_groups` (
  `id` int(11) NOT NULL AUTO_INCREMENT,
  `name` varchar(255) NOT NULL,
  `description` text DEFAULT NULL,
  PRIMARY KEY (`id`),
  UNIQUE KEY `id` (`id`),
  UNIQUE KEY `name` (`name`)
) ENGINE=InnoDB AUTO_INCREMENT=11 DEFAULT CHARSET=utf8mb4 COLLATE=utf8mb4_general_ci;
/*!40101 SET character_set_client = @saved_cs_client */;

--
-- Dumping data for table `food_groups`
--

/*!40000 ALTER TABLE `food_groups` DISABLE KEYS */;
INSERT INTO `food_groups` VALUES (1,'Vegetables','All raw vegetables, eg lettuce, cabbage, carrot, tomato, cucumber, onion, etc.\nAll cooked vegetables, eg broccoli, cauliflower, courgettes, greens, beetroot etc.\nStarchy vegetables, eg, peas, corn, pumpkin\nPotato and its varieties are NOT included'),(2,'Fruits','All raw fruits, e.g., orange, apple, pear, banana, peach, etc.\nAll dried fruits, e.g., plums, raisins, apricots, etc.\nNatural fruit juices (100% without added sugar).'),(3,'Cereals (bread, rice, pasta) and Potatoes','Wheat, oats, barley, rye etc.\nRice\nFlour\nBread\nSimple baked goods, eg, toasts, nuts, breadcrumbs, crackers\nComplex pastries, eg, doughs, pies\nPasta, eg, spaghetti, barley, noodles\nVarious cereal products, e.g., oatmeal, bran\nCereal'),(4,'Milk and milk products','The milk\nDairy products, e.g., yogurt, cheese, sour milk, etc.\nButter is NOT included (included in fats and oils)'),(5,'Legumes','The lentils\nThe beans\nThe chickpeas\nThe fava bean\nThe dry beans\nVarieties of all of the above'),(6,'Red meat','Veal, beef\nPork\nLamb, sheep\nGoat, goat\nGame: e.g., wild boar, deer, deer\nAll processed products of the above'),(7,'White meat','Chicken\nTurkey\nDuck\nRabbit\nGame: eg, pheasant, quail, partridge\nAll processed products of the above'),(8,'Eggs',''),(9,'Fish and seafood','Fish, e.g. sardine, mullet, goby, anchovy, atherina, ruff, flounder, grouper, cod, galley, tuna, sea bass, bream, bream, red snapper\nSeafood (molluscs, shellfish, crustaceans), eg squid, cuttlefish, octopus, shrimp, mussels, oysters.'),(10,'Added fats and oils, olives and nuts','Added fats and oils:\n\n    Olive oil\n    Other vegetable oils (seed oils): sunflower oil, corn oil, soybean oil, sesame oil, etc.\n    Margarine\n    Butter\nThe olives\nNuts\n\n    Walnuts, almonds, peanuts, hazelnuts, etc.\n    Sunflower seeds, sesame etc.\n    Spreads derived from the above (eg tahini)');
/*!40000 ALTER TABLE `food_groups` ENABLE KEYS */;

--
-- Table structure for table `ingredients`
--

DROP TABLE IF EXISTS `ingredients`;
/*!40101 SET @saved_cs_client     = @@character_set_client */;
/*!50503 SET character_set_client = utf8mb4 */;
CREATE TABLE `ingredients` (
  `id` int(11) NOT NULL AUTO_INCREMENT,
  `fat_per_100g` float NOT NULL,
  `protein_per_100g` float NOT NULL,
  `carbs_per_100g` float NOT NULL,
  `name` varchar(255) NOT NULL,
  `food_group` int(11) NOT NULL,
  PRIMARY KEY (`id`),
  UNIQUE KEY `id` (`id`),
  UNIQUE KEY `name` (`name`),
  UNIQUE KEY `name_index` (`name`),
  KEY `food_group` (`food_group`),
  CONSTRAINT `ingredients_ibfk_1` FOREIGN KEY (`food_group`) REFERENCES `food_groups` (`id`) ON DELETE NO ACTION ON UPDATE NO ACTION,
  CONSTRAINT `ingredients_ibfk_2` FOREIGN KEY (`food_group`) REFERENCES `food_groups` (`id`) ON DELETE NO ACTION ON UPDATE NO ACTION
) ENGINE=InnoDB AUTO_INCREMENT=1796 DEFAULT CHARSET=utf8mb4 COLLATE=utf8mb4_general_ci;
/*!40101 SET character_set_client = @saved_cs_client */;

--
-- Dumping data for table `ingredients`
--

/*!40000 ALTER TABLE `ingredients` DISABLE KEYS */;
INSERT INTO `ingredients` VALUES (1,2.5,1.2,10.5,'Lettuce',1),(2,0.3,0.6,9.8,'Cabbage',1),(3,0.2,0.9,7.6,'Carrot',1),(4,0.2,1,3.9,'Tomato',1),(5,0.2,0.6,3.6,'Cucumber',1),(6,0.1,1.1,9.3,'Onion',1),(7,0.4,1.3,5.2,'Broccoli',1),(8,0.5,1.8,4.9,'Cauliflower',1),(9,0.3,2,3.1,'Courgettes',1),(10,0.4,1.9,4.3,'Greens',1),(11,0.3,1.2,9.6,'Beetroot',1),(12,0.5,0.9,16.7,'Peas',1),(13,1.2,3.2,19,'Corn',1),(14,0.1,0.3,6,'Pumpkin',1),(15,1.5,3,17,'Orange',2),(16,0.4,0.5,14,'Apple',2),(17,0.3,0.6,15,'Pear',2),(18,0.2,1.2,27,'Banana',2),(19,0.5,2.5,17.5,'Peach',2),(20,2,2,72,'Plums',2),(21,0.5,3,65,'Raisins',2),(22,0.4,2,50,'Apricots',2),(23,0.1,10,4,'Orange juice',2),(24,0.1,11,3.5,'Apple juice',2),(25,0.2,9.5,3,'Pear juice',2),(26,0.3,8,4.5,'Banana smoothie',2),(27,1,12,75,'Wheat',3),(28,0.8,6,77,'Oats',3),(29,0.6,13,73,'Barley',3),(30,0.4,12,76,'Rye',3),(31,0.2,28,61,'Rice',3),(32,1.5,77,11,'Flour',3),(33,1,49,35,'Bread',3),(34,1.2,56,33,'Toast',3),(35,2.5,41,39,'Nuts',3),(36,1.8,55,35,'Pasta',3),(37,0.8,60,29,'Oatmeal',3),(38,1,40,35,'Bran',3),(39,1.2,52,31,'Cereal',3),(40,3.5,4,5,'Milk',4),(41,3,9,5,'Yogurt',4),(42,4,25,1,'Cheese',4),(43,0.5,0,0,'Sour milk',4),(44,4,0,99,'Butter',4),(45,1.5,23,57,'Lentils',5),(46,2,21,55,'Beans',5),(47,1.7,19,58,'Chickpeas',5),(48,2.2,22,54,'Fava bean',5),(49,1.8,20,56,'Dry beans',5),(50,2,21,55,'Walnuts',10),(51,1.5,18,57,'Almonds',10),(52,1.3,20,53,'Peanuts',10),(53,1.4,21,54,'Hazelnuts',10),(54,1.6,22,56,'Sunflower seeds',10),(55,1.7,22,56,'Sesame seeds',10),(56,2,23,58,'Tahini',10),(57,3,20,50,'Olive oil',10),(58,3.5,20,45,'Sunflower oil',10),(59,3.2,20.5,47,'Corn oil',10),(60,3,20,48,'Soybean oil',10),(61,3,20,49,'Sesame oil',10),(62,3.5,20,45,'Margarine',10),(63,4,0,100,'Olives',10),(64,2.5,14,50,'Chicken breast',7),(65,3,20,40,'Turkey breast',7),(66,4,20,35,'Duck breast',7),(67,2.8,18,48,'Rabbit meat',7),(68,3.5,18,47,'Pheasant meat',7),(69,4,18,45,'Quail meat',7),(70,4.2,19,43,'Partridge meat',7),(71,2,13,1,'Egg',8),(72,4.5,20,0,'Veal',6),(73,5,18,0,'Beef',6),(74,6,16,0,'Pork',6),(75,5.5,17,0,'Lamb',6),(76,4.8,15,0,'Goat meat',6),(77,6.5,20,0,'Wild boar meat',6),(78,7,21,0,'Deer meat',6),(79,6.5,20,0,'Game meat',6),(80,2.8,17,1,'Sardine',9),(81,3,18,0.5,'Mullet',9),(82,2.5,19,0,'Goby',9),(83,2,20,1,'Anchovy',9),(84,1.8,17,0.5,'Atherina',9),(85,3.5,18,1.5,'Ruff',9),(86,2.5,19,0.5,'Flounder',9),(87,3,20,1,'Grouper',9),(88,3.2,21,1.5,'Cod',9),(89,2.5,18,1,'Galley',9),(90,3.5,20,1.2,'Tuna',9),(91,3,20,1.5,'Sea bass',9),(92,2.8,19,1,'Bream',9),(93,3,20,1.5,'Red snapper',9),(94,2.5,15,0.8,'Squid',9),(95,3,18,0.5,'Cuttlefish',9),(96,2.5,17,0.7,'Octopus',9),(97,3.2,20,1,'Shrimp',9),(98,2.8,18,0.8,'Mussels',9),(99,2.5,16,0.5,'Oysters',9),(100,1.5,10,3,'Spinach',1),(101,0.6,2,7,'Bell pepper',1),(102,0.3,1.5,4,'Celery',1),(103,0.4,1,10,'Mushroom',1),(104,1,2.5,17,'Asparagus',1),(105,1.2,2,18,'Artichoke',1),(106,0.8,1.5,9,'Green beans',1),(107,0.5,2,6,'Snap peas',1),(108,1,1.5,10,'Brussels sprouts',1),(109,0.3,0.5,9,'Radish',1),(110,0.5,1,7,'Zucchini',1),(111,1,1.2,12,'Kale',1),(112,0.2,1,4,'Garlic',1),(113,0.3,1.2,5,'Ginger',1),(114,1,3,23,'Pineapple',2),(115,0.5,1.5,11,'Grapes',2),(116,0.4,0.8,16,'Watermelon',2),(117,0.2,1,13,'Kiwi',2),(118,0.3,1.2,10,'Mango',2),(119,0.7,2.5,9,'Blueberries',2),(120,0.5,2,10,'Raspberries',2),(121,0.6,2,9,'Strawberries',2),(122,0.4,2.5,12,'Blackberries',2),(123,0.5,1,12,'Cranberries',2),(124,0.8,15,68,'White bread',3),(125,0.5,14,68,'Brown bread',3),(126,0.3,11,70,'Baguette',3),(127,0.6,15,65,'Rye bread',3),(128,0.7,13,63,'Multigrain bread',3),(129,0.4,12,65,'Whole wheat bread',3),(130,0.3,13,68,'Sourdough bread',3),(131,1.2,12,66,'Pita bread',3),(132,0.5,11,68,'Tortilla',3),(133,0.7,13,64,'Naan bread',3),(134,0.8,15,62,'Brioche',3),(135,0.9,14,63,'Ciabatta',3),(136,1,16,60,'Focaccia',3),(137,1.5,12,65,'English muffin',3),(138,0.5,11,70,'Croissant',3),(139,0.4,10,71,'Roll',3),(140,0.3,9,72,'Bagel',3),(141,0.5,11,69,'Biscuit',3),(142,0.4,10,70,'Scone',3),(143,0.3,8,74,'Crumpet',3),(144,0.6,12,64,'Pancake',3),(145,0.8,15,60,'Waffle',3),(146,0.5,11,68,'Muffin',3),(147,1,8,77,'Rice cake',3),(148,1.2,13,65,'Donut',3),(149,0.3,1.5,3.5,'Mozzarella',4),(150,0.5,1.8,4,'Cheddar',4),(151,0.4,1.7,3.8,'Feta',4),(152,0.3,1.5,3.2,'Cottage cheese',4),(153,1.2,12,5,'Yogurt drink',4),(154,0.8,6,36,'Cream cheese',4),(155,0.5,0.5,1.5,'Ricotta',4),(156,2.5,23,5,'Soy milk',4),(157,0.2,3,5,'Tofu',4),(158,2,16,3,'Almond milk',4),(159,2,15,4,'Coconut milk',4),(160,1.5,14,6,'Cashew milk',4),(161,1,8,5,'Oat milk',4),(162,1.5,13,4,'Hemp milk',4),(163,1,12,7,'Rice milk',4),(164,1.8,20,60,'Chickpea',5),(165,1.6,18,62,'Black beans',5),(166,1.7,19,61,'Kidney beans',5),(167,1.5,17,63,'Pinto beans',5),(168,1.8,20,60,'Cannellini beans',5),(169,1.6,18,62,'Soybeans',5),(170,2,22,58,'Chia seeds',10),(171,2.5,24,55,'Flaxseeds',10),(172,1.8,18,60,'Pumpkin seeds',10),(173,2.2,21,57,'Hemp seeds',10),(174,2,20,56,'Poppy seeds',10),(175,2.3,23,54,'Pistachios',10),(176,2.5,24,53,'Brazil nuts',10),(177,2.4,23,55,'Pecans',10),(178,2,20,58,'Macadamia nuts',10),(179,2.1,22,57,'Pine nuts',10),(180,2.6,25,52,'Chestnuts',10),(181,2.3,23,54,'Almond butter',10),(182,2.5,24,53,'Peanut butter',10),(183,2,20,58,'Cashew butter',10),(184,2.2,21,57,'Hazelnut butter',10),(185,2.4,23,55,'Sunflower seed butter',10),(186,2,20,56,'Sesame seed butter',10),(187,3,80,17,'Salmon',9),(188,2.8,18,20,'Haddock',9),(189,3,20,18,'Halibut',9),(190,3.5,21,17,'Tilapia',9),(191,3.2,20,17,'Catfish',9),(192,3,20,18,'Mackerel',9),(193,2.5,16,21,'Trout',9),(194,2.5,15,23,'Herring',9),(195,3.5,22,17,'Pollock',9),(196,2.8,18,20,'Mahi-mahi',9),(197,3,20,18,'Barramundi',9),(198,3.2,19,19,'Redfish',9),(199,2.6,17,22,'Swordfish',9),(200,3,20,18,'Tilefish',9),(201,3.2,20,17,'Snapper',9),(202,2.8,18,20,'Perch',9),(203,3,20,18,'Bluefish',9),(204,3.5,22,16,'Rockfish',9),(205,2.5,16,21,'Whitefish',9),(206,3,20,18,'Pompano',9),(207,2.8,18,20,'Cobia',9),(208,3.2,19,19,'Wahoo',9),(209,2.6,17,22,'Amberjack',9),(210,3,20,18,'Bass',9),(211,3,20,18,'Sole',9),(212,0.7,3,13,'Jicama',1),(213,0.5,2,10,'Bok choy',1),(214,0.3,2.5,8,'Snow peas',1),(215,0.4,1,12,'Rutabaga',1),(216,0.6,1.5,7,'Kohlrabi',1),(217,0.8,3,16,'Starfruit',2),(218,0.3,1.2,9,'Papaya',2),(219,0.5,1.8,11,'Dragon fruit',2),(220,1,5,25,'Quinoa',3),(221,1.5,12,65,'Fougasse',3),(222,0.3,1,5,'Chayote',1),(223,0.2,1.2,7,'Yuca',1),(224,0.4,2,10,'Bitter melon',1),(225,0.5,2.5,8,'Fiddlehead ferns',1),(226,1.5,12,63,'Muesli',3),(227,0.5,1,15,'Papadum',3),(228,1.2,2,20,'Couscous',3),(229,0.6,3,11,'Plantain',3),(230,0.8,2.5,17,'Tapioca',3),(231,0.3,1,4,'Kale sprouts',1),(232,0.4,2,9,'Samphire',1),(233,0.5,3,12,'Borage',1),(234,0.3,1.5,7,'Kumquat',2),(235,0.6,2.5,10,'Persimmon',2),(236,0.7,1.8,9,'Feijoa',2),(237,0.2,1.2,6,'Ugli fruit',2),(238,0.8,2.5,15,'Chayote squash',1),(239,0.7,2,8,'Water spinach',1),(240,0.4,1.5,6,'Bamboo shoots',1),(241,1.2,10,50,'Wheat germ',3),(242,1,8,45,'Rye flour',3),(243,1.5,12,60,'Barley malt',3),(244,0.8,6.5,40,'Amaranth flour',3),(245,0.6,5,35,'Farro',3),(246,1,10,55,'Spelt flour',3),(247,0.7,4,30,'Teff',3),(248,0.5,2.5,20,'Millet',3),(249,0.9,6,45,'Buckwheat flour',3),(250,1.2,8,50,'Sorghum flour',3),(251,0.3,1.2,7,'Daikon',1),(252,0.5,3,10,'Pattypan squash',1),(253,0.2,1.5,6,'Watercress',1),(254,0.6,2.5,12,'Fennel bulb',1),(255,0.7,1.8,8,'Yautia',1),(256,0.3,1.2,7,'Quince',2),(257,0.5,2.2,10,'Atemoya',2),(258,0.7,1.5,8,'Durian',2),(259,0.4,1.8,7,'Star apple',2),(260,0.9,2,11,'Lychee',2),(261,0.5,1.5,9,'Hatch pepper',1),(262,0.6,2,11,'Padron pepper',1),(263,0.4,1.2,8,'Guero pepper',1),(264,1.2,10,55,'Durum flour',3),(265,0.7,4.5,40,'Almond flour',3),(266,1.1,8.5,50,'Hazelnut meal',3),(267,1.3,9,52,'Coconut flour',3),(268,0.8,7,45,'Tigernut flour',3),(269,1,9,48,'Cassava flour',3),(270,1.2,9,54,'Adzuki beans',5),(271,1.5,10,55,'Lima beans',5),(272,1.8,11,52,'Cranberry beans',5),(273,1.3,9.5,53,'Butter beans',5),(274,1.6,10.5,50,'Black-eyed peas',5),(275,1.7,11.5,51,'Mung beans',5),(276,2,20,5,'Venison',6),(277,1.8,18,7,'Elk',6),(278,1.9,19,6.5,'Bison',6),(279,2.2,22,4,'Kangaroo',6),(280,1.5,14,8,'Guinea fowl',7),(281,1.3,12,9,'Squab',7),(282,1.7,16,6,'Goose',7),(283,1.4,13,7,'Pheasant',7),(284,1.6,15,5.5,'Partridge',7),(285,0.8,12,1.5,'Quail eggs',8),(286,1,11,3,'Duck eggs',8),(287,1.2,10,2.5,'Goose eggs',8),(288,1.5,15,3,'Emu eggs',8),(289,1.4,10.5,53,'Fava beans',5),(290,1.6,11.5,52,'Navy beans',5),(291,1.8,12.5,54,'Red beans',5),(292,2,20,5,'Ostrich',6),(293,2.1,22,4.5,'Wild boar',6),(294,2.2,23,4,'Rabbit',6),(295,2.5,25,3,'Alligator',6),(296,1.5,14,8,'Duck',7),(297,1.8,17,5.5,'Quail',7),(298,1.3,16,1.5,'Ostrich eggs',8),(299,1,13,4,'Lobster',9),(300,1.2,15,3,'Crab',9),(301,1.3,16,2.5,'Scallops',9),(302,1.5,18,1.5,'Clams',9),(303,2.8,30,44,'Cashews',10);
/*!40000 ALTER TABLE `ingredients` ENABLE KEYS */;

--
-- Table structure for table `labels`
--

DROP TABLE IF EXISTS `labels`;
/*!40101 SET @saved_cs_client     = @@character_set_client */;
/*!50503 SET character_set_client = utf8mb4 */;
CREATE TABLE `labels` (
  `id` int(11) NOT NULL AUTO_INCREMENT,
  `name` varchar(255) NOT NULL,
  `tip_1` text DEFAULT NULL,
  `tip_2` text DEFAULT NULL,
  `tip_3` text DEFAULT NULL,
  PRIMARY KEY (`id`),
  UNIQUE KEY `name` (`name`)
) ENGINE=InnoDB AUTO_INCREMENT=51 DEFAULT CHARSET=utf8mb4 COLLATE=utf8mb4_general_ci;
/*!40101 SET character_set_client = @saved_cs_client */;

--
-- Dumping data for table `labels`
--

/*!40000 ALTER TABLE `labels` DISABLE KEYS */;
INSERT INTO `labels` VALUES (1,'Alkaline Diet','Incorporate alkaline-forming foods like fruits, vegetables, nuts, seeds, and legumes into your meals and snacks.','Limit acidic foods like meat, dairy, processed foods, caffeine, and alcohol, which may contribute to acidity in the body.','Stay hydrated with alkaline water or herbal teas, and consider incorporating alkaline-rich ingredients like lemon or apple cider vinegar into your recipes.'),(2,'Anti-Cancer','Choose a variety of colorful fruits and vegetables, which are rich in antioxidants and phytochemicals that may help reduce the risk of cancer.','Incorporate cruciferous vegetables like broccoli, cauliflower, and Brussels sprouts, which contain compounds that may have anti-cancer properties.','Limit processed meats, charred or grilled meats, and foods high in added sugars, which may increase the risk of certain types of cancer.'),(3,'Anti-Inflammatory','Incorporate foods rich in omega-3 fatty acids like salmon, walnuts, and flaxseeds to help reduce inflammation.','Choose colorful fruits and vegetables that are rich in antioxidants and phytonutrients.','Limit processed foods, refined carbohydrates, and added sugars, which can contribute to inflammation in the body.'),(4,'Brain-Boosting','Incorporate omega-3 fatty acids',NULL,NULL),(5,'Budget-Friendly','Shop for seasonal produce and ingredients that are on sale to save money.','Buy in bulk and freeze extra portions for later use to minimize food waste.','Choose versatile ingredients that can be used in multiple recipes to stretch your budget further.'),(6,'Comfort Food','Choose recipes that evoke feelings of warmth, nostalgia, and satisfaction.','Opt for hearty ingredients like potatoes, pasta, and cheese to create comforting dishes.','Don\'t be afraid to indulge in your favorite comfort foods occasionally, as they can provide emotional nourishment as well as physical.'),(7,'Dairy-Free','Replace cow\'s milk with dairy-free alternatives like almond, soy, or oat milk.','Experiment with dairy-free cheese, yogurt, and ice cream made from coconut, cashews, or almonds.','Be mindful of hidden dairy in processed foods like baked goods, sauces, and salad dressings, and choose dairy-free options when necessary.'),(8,'DASH Diet','Focus on a diet rich in fruits, vegetables, whole grains, lean proteins, and low-fat dairy products to help lower blood pressure and improve overall heart health.','Limit sodium intake by choosing fresh or minimally processed foods, cooking at home, and avoiding high-sodium condiments, sauces, and processed snacks.','Monitor portion sizes and calorie intake to maintain a healthy weight, which can also help lower blood pressure and reduce the risk of heart disease and stroke.'),(9,'Date Night','Choose recipes that are elegant and impressive, but also easy to prepare.','Focus on quality ingredients and presentation to create a memorable dining experience.','Set the mood with candles, music, and a beautifully set table to enhance the romance of your date night at home.'),(10,'Detox','Focus on whole, unprocessed foods like fruits, vegetables, lean proteins, and whole grains to support your body\'s natural detoxification processes.','Stay hydrated by drinking plenty of water and herbal teas to flush out toxins.','Limit alcohol, caffeine, processed foods, and added sugars, which can burden your body\'s detoxification systems.'),(11,'Diabetes-Friendly','Focus on portion control and balanced meals to help manage blood sugar levels throughout the day.','Choose high-fiber foods like fruits, vegetables, whole grains, and legumes, which can help slow the absorption of sugar into the bloodstream.','Monitor carbohydrate intake and choose complex carbohydrates with a low glycemic index to help prevent spikes in blood sugar levels.'),(12,'Family-Friendly','Opt for kid-friendly ingredients and flavors that the whole family will enjoy.','Get kids involved in meal prep and cooking to encourage them to try new foods.','Choose recipes that can be customized to accommodate different dietary preferences and picky eaters.'),(13,'Flex-Deprived','Allow yourself flexibility in your eating habits and food choices, without strict rules or deprivation.','Listen to your body and honor your cravings and hunger cues, while also being mindful of portion sizes and balanced nutrition.','Focus on enjoying a variety of foods that nourish your body and satisfy your taste preferences, rather than adhering to rigid dietary restrictions or labels.'),(14,'Flexitarian','Emphasize plant-based meals while occasionally incorporating meat or fish.','Experiment with meat alternatives like tofu, tempeh, or seitan.','Listen to your body and adjust your meat consumption based on your individual preferences and health goals.'),(15,'Gluten-Free','Use gluten-free grains like rice, quinoa, or buckwheat as substitutes for wheat-based products.','Check ingredient labels carefully to ensure that all ingredients are gluten-free.','Experiment with alternative flours like almond flour or coconut flour for baking gluten-free treats.'),(16,'Gut Health','Incorporate probiotic-rich foods like yogurt, kefir, sauerkraut, and kimchi to support a healthy balance of gut bacteria.','Eat plenty of fiber-rich foods like fruits, vegetables, whole grains, and legumes to promote regular bowel movements and feed beneficial gut bacteria.','Limit processed foods, added sugars, and artificial sweeteners, which can disrupt gut health and contribute to inflammation.'),(17,'Healthy','Use lean proteins like chicken, fish, or tofu for a healthier option.','Incorporate plenty of fresh vegetables to add nutrients and fiber to your meal.','Opt for whole grains like brown rice or quinoa instead of refined grains for added nutrition.'),(18,'Heart-Healthy','Focus on a diet rich in fruits, vegetables, whole grains, and healthy fats like those found in nuts, seeds, and olive oil.','Limit saturated and trans fats found in processed and fried foods, as well as added sugars and sodium.','Exercise regularly and maintain a healthy weight to support heart health in addition to following a balanced diet.'),(19,'High-Antioxidant','Choose a variety of colorful fruits and vegetables, which are rich in antioxidants like vitamins A, C, and E, as well as phytochemicals like flavonoids and polyphenols.','Incorporate antioxidant-rich herbs and spices like turmeric, cinnamon, ginger, and oregano into your cooking.','Include antioxidant-rich beverages like green tea, matcha, and antioxidant-infused water to support overall health and well-being.'),(20,'High-Energy','Fuel your body with complex carbohydrates like whole grains, fruits, and vegetables for sustained energy.','Include protein-rich foods like lean meats, eggs, dairy, and legumes to help build and repair tissues.','Stay hydrated by drinking plenty of water throughout the day, and consider incorporating electrolyte-rich foods like bananas or coconut water for added hydration during intense exercise.'),(21,'High-Fiber','Choose whole, unprocessed foods like fruits, vegetables, whole grains, and legumes.','Snack on fiber-rich foods like nuts, seeds, and popcorn to help keep you full between meals.','Gradually increase your fiber intake to avoid digestive discomfort, and drink plenty of water to stay hydrated.'),(22,'High-Iron','Choose iron-rich foods like lean meats, poultry, fish, tofu, beans, lentils, and fortified cereals to help prevent iron deficiency anemia.','Pair iron-rich foods with sources of vitamin C like citrus fruits, bell peppers, tomatoes, and strawberries to enhance iron absorption.','Avoid consuming calcium-rich foods like dairy products and calcium supplements with iron-rich foods, as calcium can inhibit iron absorption.'),(23,'High-Protein','Incorporate protein-rich foods like lean meats, poultry, fish, eggs, and dairy into every meal.','Include plant-based protein sources such as beans, lentils, tofu, and edamame.','Snack on protein-rich foods like Greek yogurt, cottage cheese, or protein bars to keep you full between meals.'),(24,'High-Vitamin','Choose a variety of nutrient-dense foods like fruits, vegetables, whole grains, lean proteins, and healthy fats to ensure you\'re getting a wide range of vitamins and minerals.','Incorporate vitamin-rich foods like citrus fruits (vitamin C), leafy greens (vitamin K), nuts and seeds (vitamin E), and fatty fish (vitamin D) into your meals and snacks.','Consider taking a multivitamin or specific vitamin supplements if you have dietary restrictions or are unable to meet your nutrient needs through food alone.'),(25,'Holiday','Choose festive recipes that celebrate the flavors and traditions of the holiday season.','Plan your menu in advance and make a shopping list to ensure you have everything you need for your holiday meal.','Don\'t forget to leave room for leftovers, as they can be enjoyed for days after the holiday.'),(26,'Immune-Boosting','Incorporate foods rich in vitamin C like citrus fruits, bell peppers, and strawberries to support immune function.','Include zinc-rich foods like meat, seafood, nuts, and seeds to help maintain a healthy immune system.','Get plenty of sleep, manage stress, exercise regularly, and stay hydrated to support overall immune health in addition to a healthy diet.'),(27,'Intermittent Fasting','Experiment with different fasting and eating windows to find what works best for you.','Stay hydrated during fasting periods with water, herbal tea, or black coffee.','Break your fast with a balanced meal that includes protein, healthy fats, and plenty of vegetables.'),(28,'Keto-Friendly','Focus on high-fat, low-carb ingredients like avocados, nuts, and seeds.','Limit your intake of starchy vegetables and grains to stay within your carb goals.','Incorporate plenty of non-starchy vegetables to ensure you\'re getting essential nutrients while following a keto diet.'),(29,'Low-Calorie','Focus on nutrient-dense foods like fruits, vegetables, lean proteins, and whole grains to maximize satiety while minimizing calories.','Be mindful of portion sizes and practice portion control to avoid overeating.','Incorporate low-calorie cooking methods like steaming, baking, and grilling instead of frying or sautéing in oil.'),(30,'Low-Carb','Replace high-carb ingredients like pasta and rice with spiralized vegetables or cauliflower rice.','Incorporate plenty of protein and healthy fats to keep you feeling full and satisfied.','Choose low-carb sweeteners like stevia or erythritol instead of sugar for baking and sweetening beverages.'),(31,'Low-Cholesterol','Choose heart-healthy fats like those found in avocados, nuts, seeds, and olive oil to help lower LDL cholesterol levels.','Incorporate soluble fiber-rich foods like oats, beans, fruits, and vegetables, which can help reduce LDL cholesterol levels.','Limit saturated and trans fats found in fatty meats, full-fat dairy products, and processed foods, as well as dietary cholesterol found in animal products.'),(32,'Low-Fat','Choose lean protein sources like poultry, fish, beans, and legumes instead of fatty cuts of meat.','Incorporate plenty of fruits and vegetables into your meals for added nutrients and fiber without excess fat.','Limit added fats like butter, oil, and creamy sauces, and opt for lighter cooking methods like broiling, steaming, or roasting.'),(33,'Low-FODMAP','Limit high-FODMAP foods like certain fruits (apples, pears), vegetables (onions, garlic), legumes (beans, lentils), dairy products (milk, yogurt), and sweeteners (sorbitol, mannitol).','Choose low-FODMAP alternatives like lactose-free dairy, small servings of certain fruits and vegetables (e.g., berries, spinach), and gluten-free grains (rice, quinoa).','Experiment with portion sizes and food combinations to identify trigger foods and create a personalized low-FODMAP diet plan that works for you.'),(34,'Low-Histamine','Choose fresh, unprocessed foods over aged, fermented, or leftover foods, which may contain higher levels of histamine.','Limit histamine-rich foods like aged cheeses, cured meats, fermented foods (sauerkraut, kimchi), and certain vegetables (tomatoes, eggplant, spinach).','Consider taking antihistamines or consulting with a healthcare professional for guidance on managing histamine intolerance and identifying trigger foods.'),(35,'Low-Sodium','Choose fresh or frozen fruits and vegetables instead of canned, which often contain added salt.','Flavor your meals with herbs, spices, citrus, and vinegar instead of salt.','Read food labels carefully and choose products labeled \"low sodium\" or \"no added salt\" whenever possible.'),(36,'Mediterranean Diet','Incorporate plenty of olive oil, nuts, and seeds for healthy fats.','Focus on whole grains, legumes, fruits, and vegetables as staples of your diet.','Enjoy moderate amounts of fish and poultry, and limit red meat consumption.'),(37,'Mindful Eating','Pay attention to hunger and fullness cues, and eat slowly to savor the flavors and textures of your food.','Practice mindful eating by eliminating distractions like screens and focusing on the sensory experience of eating.','Listen to your body and eat when you\'re hungry, stopping when you\'re satisfied to avoid overeating and promote a healthy relationship with food.'),(38,'Nut-Free','Substitute nut butters with seed butters like sunflower seed butter or tahini.','Use seeds like pumpkin seeds, sunflower seeds, or hemp seeds as crunchy toppings for salads, oatmeal, or yogurt.','Check food labels for potential cross-contamination with nuts, and opt for nut-free facilities when available.'),(39,'One-Pot','Choose recipes that can be cooked in a single pot or pan for easy cleanup.','Layer ingredients strategically to ensure even cooking and maximum flavor.','Experiment with different cooking techniques like braising, simmering, and roasting to create delicious one-pot meals.'),(40,'Organic','Choose organic fruits and vegetables to minimize exposure to pesticides and chemicals.','Opt for organic, grass-fed meats and dairy products to avoid hormones and antibiotics.','Support local farmers and markets that prioritize sustainable and organic farming practices whenever possible.'),(41,'Paleo','Base your meals around whole foods like meat, fish, eggs, fruits, and vegetables.','Avoid processed foods and added sugars, and focus on natural sources of sweetness like fruit.','Experiment with primal cooking techniques like grilling, roasting, and slow cooking to enhance the flavor of your meals.'),(42,'Post-Workout','Replenish glycogen stores by consuming carbohydrates like fruits, grains, and starchy vegetables within 30 minutes to 2 hours post-exercise.','Repair and rebuild muscles with protein-rich foods like lean meats, poultry, fish, eggs, dairy, tofu, and legumes.','Stay hydrated by drinking water or electrolyte-rich beverages to replace fluids lost through sweat during exercise.'),(43,'Pre-Workout','Fuel your workout with easily digestible carbohydrates like fruit, yogurt, toast, or a small serving of cereal 1 to 2 hours before exercise.','Include a small amount of protein to help maintain muscle mass and provide sustained energy, such as a Greek yogurt parfait or a handful of nuts.','Stay hydrated by drinking water or a sports drink to ensure optimal performance and prevent dehydration during exercise.'),(44,'Quick & Easy','Choose recipes that require minimal prep and cooking time for busy weeknights.','Opt for ingredients that are easy to find and require minimal chopping or slicing.','Utilize kitchen gadgets like pressure cookers, slow cookers, and sheet pans to streamline meal prep and cleanup.'),(45,'Renal Diet','Limit foods high in potassium like bananas, oranges, potatoes, tomatoes, and spinach, as well as salt substitutes containing potassium chloride.','Monitor phosphorus intake by choosing low-phosphorus foods like white bread, rice, pasta, and eggs, and avoiding high-phosphorus foods like dairy, nuts, seeds, and whole grains.','Manage protein intake by choosing high-quality sources like egg whites, fish, poultry, and limited portions of lean meats, while avoiding high-protein foods like red meat, organ meats, and protein supplements.'),(46,'Seafood','Incorporate a variety of seafood into your diet, including fatty fish like salmon, mackerel, and sardines for omega-3 fatty acids.','Choose sustainable seafood options to support healthy oceans and fisheries.','Experiment with different cooking methods like grilling, baking, or steaming to bring out the natural flavors of seafood.'),(47,'Spicy','Experiment with different types of chili peppers to find the level of heat that\'s right for you.','Balance spicy ingredients with cooling elements like yogurt, sour cream, or avocado to tame the heat.','Be mindful of your guests\' spice tolerance when serving spicy dishes at gatherings or parties.'),(48,'Vegan','Replace dairy products with plant-based alternatives like almond milk or coconut yogurt.','Use ingredients like nutritional yeast or miso paste to add depth of flavor to vegan dishes.','Experiment with different herbs and spices to enhance the flavor of your vegan meals without relying on animal products.'),(49,'Vegetarian','Experiment with different plant-based proteins such as beans, lentils, and chickpeas.','Incorporate a variety of vegetables to ensure a balanced and nutritious meal.','Try using tofu or tempeh as a meat substitute for added texture and flavor.'),(50,'Whole30','Focus on whole, unprocessed foods like fruits, vegetables, meat, and seafood.','Avoid added sugars, alcohol, grains, legumes, soy, and dairy for 30 days.','Read ingredient labels carefully to ensure compliance with the Whole30 program.');
/*!40000 ALTER TABLE `labels` ENABLE KEYS */;

--
-- Table structure for table `meal_types`
--

DROP TABLE IF EXISTS `meal_types`;
/*!40101 SET @saved_cs_client     = @@character_set_client */;
/*!50503 SET character_set_client = utf8mb4 */;
CREATE TABLE `meal_types` (
  `name` varchar(255) NOT NULL,
  PRIMARY KEY (`name`),
  UNIQUE KEY `name` (`name`)
) ENGINE=InnoDB DEFAULT CHARSET=utf8mb4 COLLATE=utf8mb4_general_ci;
/*!40101 SET character_set_client = @saved_cs_client */;

--
-- Dumping data for table `meal_types`
--

/*!40000 ALTER TABLE `meal_types` DISABLE KEYS */;
INSERT INTO `meal_types` VALUES ('appetizer'),('breakfast'),('brunch'),('dessert'),('dinner'),('elevenses'),('lunch'),('snack'),('supper'),('tea');
/*!40000 ALTER TABLE `meal_types` ENABLE KEYS */;

--
-- Table structure for table `national_cuisines`
--

DROP TABLE IF EXISTS `national_cuisines`;
/*!40101 SET @saved_cs_client     = @@character_set_client */;
/*!50503 SET character_set_client = utf8mb4 */;
CREATE TABLE `national_cuisines` (
  `name` varchar(255) NOT NULL,
  PRIMARY KEY (`name`),
  UNIQUE KEY `name` (`name`)
) ENGINE=InnoDB DEFAULT CHARSET=utf8mb4 COLLATE=utf8mb4_general_ci;
/*!40101 SET character_set_client = @saved_cs_client */;

--
-- Dumping data for table `national_cuisines`
--

/*!40000 ALTER TABLE `national_cuisines` DISABLE KEYS */;
INSERT INTO `national_cuisines` VALUES ('African'),('American'),('Andalusian'),('Argentine'),('Bangladeshi'),('Brazilian'),('Burmese'),('Chilean'),('Chinese'),('Ecuadorian'),('Ethiopian'),('Finnish'),('Greek'),('Hungarian'),('Icelandic'),('Indian'),('Iranian'),('Irish'),('Israeli'),('Italian'),('Jamaican'),('Japanese'),('Korean'),('Malaysian'),('Maltese'),('Mexican'),('Moroccan'),('Nepalese'),('Norwegian'),('Palestinian'),('Peruvian'),('Philippine'),('Polish'),('Portuguese'),('Republic'),('Russian'),('Sicilian'),('Singaporean'),('Thai'),('Tibetan'),('Uzbek'),('Vietnamese');
/*!40000 ALTER TABLE `national_cuisines` ENABLE KEYS */;

--
-- Table structure for table `recipe_has_label`
--

DROP TABLE IF EXISTS `recipe_has_label`;
/*!40101 SET @saved_cs_client     = @@character_set_client */;
/*!50503 SET character_set_client = utf8mb4 */;
CREATE TABLE `recipe_has_label` (
  `recipe_id` int(11) NOT NULL,
  `label_id` int(11) NOT NULL,
  PRIMARY KEY (`recipe_id`,`label_id`),
  KEY `recipe_has_label_ibfk_2` (`label_id`),
  CONSTRAINT `recipe_has_label_ibfk_1` FOREIGN KEY (`recipe_id`) REFERENCES `recipes` (`id`) ON DELETE CASCADE ON UPDATE CASCADE,
  CONSTRAINT `recipe_has_label_ibfk_2` FOREIGN KEY (`label_id`) REFERENCES `labels` (`id`) ON DELETE CASCADE ON UPDATE CASCADE
) ENGINE=InnoDB DEFAULT CHARSET=utf8mb4 COLLATE=utf8mb4_general_ci;
/*!40101 SET character_set_client = @saved_cs_client */;

--
-- Dumping data for table `recipe_has_label`
--

/*!40000 ALTER TABLE `recipe_has_label` DISABLE KEYS */;
INSERT INTO `recipe_has_label` VALUES (1,1),(1,48),(2,2),(2,49),(3,3),(3,50),(4,1),(4,4),(5,2),(5,5),(6,3),(6,6),(7,4),(7,7),(8,5),(8,8),(9,6),(9,9),(10,7),(10,10),(11,8),(11,11),(12,9),(12,12),(13,10),(13,13),(14,11),(14,14),(15,12),(15,15),(16,13),(16,16),(17,14),(17,17),(18,15),(18,18),(19,16),(19,19),(20,17),(20,20),(21,18),(21,21),(22,19),(22,22),(23,20),(23,23),(24,21),(24,24),(25,22),(25,25),(26,23),(26,26),(27,24),(27,27),(28,25),(28,28),(29,26),(29,29),(30,27),(30,30),(31,28),(31,31),(32,29),(32,32),(33,30),(33,33),(34,31),(34,34),(35,32),(35,35),(36,33),(36,36),(37,34),(37,37),(38,35),(38,38),(39,36),(39,39),(40,37),(40,40),(41,38),(41,41),(42,39),(42,42),(43,40),(43,43),(44,41),(44,44),(45,42),(45,45),(46,43),(46,46),(47,44),(47,47),(48,45),(48,48),(49,46),(49,49),(50,47),(50,50),(51,1),(51,48),(52,2),(52,49),(53,3),(53,50),(54,1),(54,4),(55,2),(55,5),(56,3),(56,6),(57,4),(57,7),(58,5),(58,8),(59,6),(59,9),(60,7),(60,10),(61,8),(61,11),(62,9),(62,12),(63,10),(63,13),(64,11),(64,14),(65,12),(65,15),(66,13),(66,16),(67,14),(67,17),(68,15),(68,18),(69,16),(69,19),(70,17),(70,20),(71,18),(71,21),(72,19),(72,22),(73,20),(73,23),(74,21),(74,24),(75,22),(75,25),(76,23),(76,26),(77,24),(77,27),(78,25),(78,28),(79,26),(79,29),(80,27),(80,30),(81,28),(81,31),(82,29),(82,32),(83,30),(83,33),(84,31),(84,34),(85,32),(85,35),(86,33),(86,36),(87,34),(87,37),(88,35),(88,38),(89,36),(89,39),(90,37),(90,40),(91,38),(91,41),(92,39),(92,42),(93,40),(93,43),(94,41),(94,44),(95,42),(95,45),(96,43),(96,46),(97,44),(97,47),(98,45),(98,48),(99,46),(99,49),(100,47),(100,50),(101,1),(101,48),(102,2),(102,49),(103,3),(103,50),(104,4),(105,5),(106,6),(107,7),(108,8),(109,9),(110,10),(111,11),(112,12),(113,13),(114,14),(115,15),(116,16),(117,17),(118,18),(119,19),(120,20),(121,21),(122,22),(123,23),(124,24),(125,25),(126,26),(127,27),(128,28),(129,29),(130,30),(131,31),(132,32),(133,33),(134,34),(135,35),(136,36),(137,37),(138,38),(139,39),(140,40),(141,41),(142,42),(143,43),(144,44),(145,45),(146,46),(147,47),(148,48),(149,49),(150,50),(151,1),(152,2),(153,3),(154,4),(155,5),(156,6),(157,7),(158,8),(159,9),(160,10),(161,11),(162,12),(163,13),(164,14),(165,15),(166,16),(167,17),(168,18),(169,19),(170,20),(171,21),(172,22),(173,23),(174,24),(175,25),(176,26),(177,27),(178,28),(179,29),(180,30),(181,31),(182,32),(183,33),(184,34),(185,35),(186,36),(187,37),(188,38),(189,39),(190,40),(191,41),(192,42),(193,43),(194,44),(195,45),(196,46),(197,47),(198,48),(199,49),(200,50),(201,1),(202,2),(203,3),(204,4),(205,5),(206,6),(207,7),(208,8),(209,9),(210,10),(211,11),(212,12),(213,13),(214,14),(215,15),(216,16),(217,17),(218,18),(219,19),(220,20),(221,21),(222,22),(223,23),(224,24),(225,25),(226,26),(227,27),(228,28),(229,29),(230,30),(231,31),(232,32),(233,33),(234,34),(235,35),(236,36),(237,37),(238,38),(239,39),(240,40),(241,41),(242,42),(243,43),(244,44),(245,45),(246,46),(247,47),(248,48),(249,49),(250,50),(251,1),(252,2),(253,3),(254,4),(255,5),(256,6),(257,7),(258,8),(259,9),(260,10),(261,11),(262,12),(263,13),(264,14),(265,15),(266,16),(267,17),(268,18),(269,19),(270,20),(271,21),(272,22),(273,23),(274,24),(275,25),(276,26),(277,27),(278,28),(279,29),(280,30),(281,31),(282,32),(283,33),(284,34),(285,35),(286,36),(287,37),(288,38),(289,39),(290,40),(291,41),(292,42),(293,43),(294,44),(295,45),(296,46),(297,47),(298,48),(299,49),(300,50),(301,1),(302,2),(303,3),(304,4),(305,5),(306,6),(307,7),(308,8),(309,9),(310,10),(311,11),(312,12),(313,13),(314,14),(315,15),(316,16),(317,17),(318,18),(319,19),(320,20),(321,21),(322,22),(323,23),(324,24),(325,25),(326,26),(327,27),(328,28),(329,29),(330,30),(331,31),(332,32),(333,33),(334,34),(335,35),(336,36),(337,37),(338,38),(339,39),(340,40),(341,41),(342,42),(343,43),(344,44),(345,45),(346,46),(347,47),(348,48),(349,49),(350,50),(351,1),(352,2),(353,3),(354,4),(355,5),(356,6),(357,7),(358,8),(359,9),(360,10),(361,11),(362,12),(363,13),(364,14),(365,15),(366,16),(367,17),(368,18),(369,19),(370,20),(371,21),(372,22),(373,23),(374,24),(375,25),(376,26),(377,27),(378,28),(379,29),(380,30),(381,31),(382,32),(383,33),(384,34),(385,35),(386,36),(387,37),(388,38),(389,39),(390,40),(391,41),(392,42),(393,43),(394,44),(395,45),(396,46),(397,47);
/*!40000 ALTER TABLE `recipe_has_label` ENABLE KEYS */;

--
-- Table structure for table `recipe_theme_link`
--

DROP TABLE IF EXISTS `recipe_theme_link`;
/*!40101 SET @saved_cs_client     = @@character_set_client */;
/*!50503 SET character_set_client = utf8mb4 */;
CREATE TABLE `recipe_theme_link` (
  `recipe_id` int(11) NOT NULL,
  `theme_id` int(11) NOT NULL,
  PRIMARY KEY (`recipe_id`,`theme_id`),
  KEY `theme_id` (`theme_id`),
  CONSTRAINT `recipe_theme_link_ibfk_1` FOREIGN KEY (`recipe_id`) REFERENCES `recipes` (`id`) ON DELETE NO ACTION ON UPDATE NO ACTION,
  CONSTRAINT `recipe_theme_link_ibfk_2` FOREIGN KEY (`theme_id`) REFERENCES `themes` (`id`) ON DELETE NO ACTION ON UPDATE NO ACTION
) ENGINE=InnoDB DEFAULT CHARSET=utf8mb4 COLLATE=utf8mb4_general_ci;
/*!40101 SET character_set_client = @saved_cs_client */;

--
-- Dumping data for table `recipe_theme_link`
--

/*!40000 ALTER TABLE `recipe_theme_link` DISABLE KEYS */;
INSERT INTO `recipe_theme_link` VALUES (1,1),(1,58),(2,2),(2,59),(3,3),(3,60),(4,4),(4,61),(5,5),(5,62),(6,6),(6,63),(7,7),(7,64),(8,8),(8,65),(9,9),(9,66),(10,10),(10,67),(11,11),(11,68),(12,12),(12,69),(13,13),(13,70),(14,14),(14,71),(15,15),(15,72),(16,16),(16,73),(17,17),(17,74),(18,18),(18,75),(19,19),(19,76),(20,20),(20,77),(21,21),(21,78),(22,22),(22,79),(23,23),(23,80),(24,24),(24,81),(25,25),(25,82),(26,26),(26,83),(27,27),(27,84),(28,28),(28,85),(29,1),(29,29),(30,2),(30,30),(31,3),(31,31),(32,4),(32,32),(33,5),(33,33),(34,6),(34,34),(35,7),(35,35),(36,8),(36,36),(37,9),(37,37),(38,10),(38,38),(39,11),(39,39),(40,12),(40,40),(41,13),(41,41),(42,14),(42,42),(43,15),(43,43),(44,16),(44,44),(45,17),(45,45),(46,18),(46,46),(47,19),(47,47),(48,20),(48,48),(49,21),(49,49),(50,22),(50,50),(51,23),(51,51),(52,24),(52,52),(53,25),(53,53),(54,26),(54,54),(55,27),(55,55),(56,28),(56,56),(57,29),(57,57),(58,30),(58,58),(59,31),(59,59),(60,32),(60,60),(61,33),(61,61),(62,34),(62,62),(63,35),(63,63),(64,36),(64,64),(65,37),(65,65),(66,38),(66,66),(67,39),(67,67),(68,40),(68,68),(69,41),(69,69),(70,42),(70,70),(71,43),(71,71),(72,44),(72,72),(73,45),(73,73),(74,46),(74,74),(75,47),(75,75),(76,48),(76,76),(77,49),(77,77),(78,50),(78,78),(79,51),(79,79),(80,52),(80,80),(81,53),(81,81),(82,54),(82,82),(83,55),(83,83),(84,56),(84,84),(85,57),(85,85),(86,1),(86,58),(87,2),(87,59),(88,3),(88,60),(89,4),(89,61),(90,5),(90,62),(91,6),(91,63),(92,7),(92,64),(93,8),(93,65),(94,9),(94,66),(95,10),(95,67),(96,11),(96,68),(97,12),(97,69),(98,13),(98,70),(99,14),(99,71),(100,15),(100,72),(101,16),(101,73),(102,17),(102,74),(103,18),(103,75),(104,19),(105,20),(106,21),(107,22),(108,23),(109,24),(110,25),(111,26),(112,27),(113,28),(114,29),(115,30),(116,31),(117,32),(118,33),(119,34),(120,35),(121,36),(122,37),(123,38),(124,39),(125,40),(126,41),(127,42),(128,43),(129,44),(130,45),(131,46),(132,47),(133,48),(134,49),(135,50),(136,51),(137,52),(138,53),(139,54),(140,55),(141,56),(142,57),(143,58),(144,59),(145,60),(146,61),(147,62),(148,63),(149,64),(150,65),(151,66),(152,67),(153,68),(154,69),(155,70),(156,71),(157,72),(158,73),(159,74),(160,75),(161,76),(162,77),(163,78),(164,79),(165,80),(166,81),(167,82),(168,83),(169,84),(170,85),(171,1),(172,2),(173,3),(174,4),(175,5),(176,6),(177,7),(178,8),(179,9),(180,10),(181,11),(182,12),(183,13),(184,14),(185,15),(186,16),(187,17),(188,18),(189,19),(190,20),(191,21),(192,22),(193,23),(194,24),(195,25),(196,26),(197,27),(198,28),(199,29),(200,30),(201,31),(202,32),(203,33),(204,34),(205,35),(206,36),(207,37),(208,38),(209,39),(210,40),(211,41),(212,42),(213,43),(214,44),(215,45),(216,46),(217,47),(218,48),(219,49),(220,50),(221,51),(222,52),(223,53),(224,54),(225,55),(226,56),(227,57),(228,58),(229,59),(230,60),(231,61),(232,62),(233,63),(234,64),(235,65),(236,66),(237,67),(238,68),(239,69),(240,70),(241,71),(242,72),(243,73),(244,74),(245,75),(246,76),(247,77),(248,78),(249,79),(250,80),(251,81),(252,82),(253,83),(254,84),(255,85),(256,1),(257,2),(258,3),(259,4),(260,5),(261,6),(262,7),(263,8),(264,9),(265,10),(266,11),(267,12),(268,13),(269,14),(270,15),(271,16),(272,17),(273,18),(274,19),(275,20),(276,21),(277,22),(278,23),(279,24),(280,25),(281,26),(282,27),(283,28),(284,29),(285,30),(286,31),(287,32),(288,33),(289,34),(290,35),(291,36),(292,37),(293,38),(294,39),(295,40),(296,41),(297,42),(298,43),(299,44),(300,45),(301,46),(302,47),(303,48),(304,49),(305,50),(306,51),(307,52),(308,53),(309,54),(310,55),(311,56),(312,57),(313,58),(314,59),(315,60),(316,61),(317,62),(318,63),(319,64),(320,65),(321,66),(322,67),(323,68),(324,69),(325,70),(326,71),(327,72),(328,73),(329,74),(330,75),(331,76),(332,77),(333,78),(334,79),(335,80),(336,81),(337,82),(338,83),(339,84),(340,85),(341,1),(342,2),(343,3),(344,4),(345,5),(346,6),(347,7),(348,8),(349,9),(350,10),(351,11),(352,12),(353,13),(354,14),(355,15),(356,16),(357,17),(358,18),(359,19),(360,20),(361,21),(362,22),(363,23),(364,24),(365,25),(366,26),(367,27),(368,28),(369,29),(370,30),(371,31),(372,32),(373,33),(374,34),(375,35),(376,36),(377,37),(378,38),(379,39),(380,40),(381,41),(382,42),(383,43),(384,44),(385,45),(386,46),(387,47),(388,48),(389,49),(390,50),(391,51),(392,52),(393,53),(394,54),(395,55),(396,56),(397,57);
/*!40000 ALTER TABLE `recipe_theme_link` ENABLE KEYS */;

--
-- Table structure for table `recipe_uses_equipment`
--

DROP TABLE IF EXISTS `recipe_uses_equipment`;
/*!40101 SET @saved_cs_client     = @@character_set_client */;
/*!50503 SET character_set_client = utf8mb4 */;
CREATE TABLE `recipe_uses_equipment` (
  `recipe_id` int(11) NOT NULL,
  `equipment_id` int(11) NOT NULL,
  PRIMARY KEY (`recipe_id`,`equipment_id`),
  KEY `equipment_id` (`equipment_id`),
  CONSTRAINT `recipe_uses_equipment_ibfk_1` FOREIGN KEY (`recipe_id`) REFERENCES `recipes` (`id`) ON DELETE NO ACTION ON UPDATE NO ACTION,
  CONSTRAINT `recipe_uses_equipment_ibfk_2` FOREIGN KEY (`equipment_id`) REFERENCES `equipment` (`id`) ON DELETE NO ACTION ON UPDATE NO ACTION
) ENGINE=InnoDB DEFAULT CHARSET=utf8mb4 COLLATE=utf8mb4_general_ci;
/*!40101 SET character_set_client = @saved_cs_client */;

--
-- Dumping data for table `recipe_uses_equipment`
--

/*!40000 ALTER TABLE `recipe_uses_equipment` DISABLE KEYS */;
INSERT INTO `recipe_uses_equipment` VALUES (1,1),(1,96),(2,2),(2,97),(3,3),(3,98),(4,4),(4,99),(5,5),(5,100),(6,6),(6,101),(7,7),(7,102),(8,8),(8,103),(9,9),(9,104),(10,10),(10,105),(11,11),(11,106),(12,12),(12,107),(13,13),(13,108),(14,14),(14,109),(15,15),(15,110),(16,16),(16,111),(17,17),(17,112),(18,18),(18,113),(19,19),(19,114),(20,20),(20,115),(21,21),(21,116),(22,22),(22,117),(23,23),(23,118),(24,24),(24,119),(25,25),(25,120),(26,26),(26,121),(27,27),(27,122),(28,28),(28,123),(29,29),(29,124),(30,30),(30,125),(31,31),(31,126),(32,32),(32,127),(33,33),(33,128),(34,34),(34,129),(35,35),(35,130),(36,36),(36,131),(37,37),(37,132),(38,38),(38,133),(39,39),(39,134),(40,40),(40,135),(41,41),(41,136),(42,42),(42,137),(43,43),(43,138),(44,44),(44,139),(45,45),(45,140),(46,46),(46,141),(47,47),(47,142),(48,48),(48,143),(49,49),(49,144),(50,50),(50,145),(51,51),(51,146),(52,52),(52,147),(53,53),(53,148),(54,54),(54,149),(55,55),(55,150),(56,56),(56,151),(57,1),(57,57),(58,2),(58,58),(59,3),(59,59),(60,4),(60,60),(61,5),(61,61),(62,6),(62,62),(63,7),(63,63),(64,8),(64,64),(65,9),(65,65),(66,10),(66,66),(67,11),(67,67),(68,12),(68,68),(69,13),(69,69),(70,14),(70,70),(71,15),(71,71),(72,16),(72,72),(73,17),(73,73),(74,18),(74,74),(75,19),(75,75),(76,20),(76,76),(77,21),(77,77),(78,22),(78,78),(79,23),(79,79),(80,24),(80,80),(81,25),(81,81),(82,26),(82,82),(83,27),(83,83),(84,28),(84,84),(85,29),(85,85),(86,30),(86,86),(87,31),(87,87),(88,32),(88,88),(89,33),(89,89),(90,34),(90,90),(91,35),(91,91),(92,36),(92,92),(93,37),(93,93),(94,38),(94,94),(95,39),(95,95),(96,40),(96,96),(97,41),(97,97),(98,42),(98,98),(99,43),(99,99),(100,44),(100,100),(101,45),(101,101),(102,46),(102,102),(103,47),(103,103),(104,104),(105,105),(106,106),(107,107),(108,108),(109,109),(110,110),(111,111),(112,112),(113,113),(114,114),(115,115),(116,116),(117,117),(118,118),(119,119),(120,120),(121,121),(122,122),(123,123),(124,124),(125,125),(126,126),(127,127),(128,128),(129,129),(130,130),(131,131),(132,132),(133,133),(134,134),(135,135),(136,136),(137,137),(138,138),(139,139),(140,140),(141,141),(142,142),(143,143),(144,144),(145,145),(146,146),(147,147),(148,148),(149,149),(150,150),(151,151),(152,1),(153,2),(154,3),(155,4),(156,5),(157,6),(158,7),(159,8),(160,9),(161,10),(162,11),(163,12),(164,13),(165,14),(166,15),(167,16),(168,17),(169,18),(170,19),(171,20),(172,21),(173,22),(174,23),(175,24),(176,25),(177,26),(178,27),(179,28),(180,29),(181,30),(182,31),(183,32),(184,33),(185,34),(186,35),(187,36),(188,37),(189,38),(190,39),(191,40),(192,41),(193,42),(194,43),(195,44),(196,45),(197,46),(198,47),(199,48),(200,49),(201,50),(202,51),(203,52),(204,53),(205,54),(206,55),(207,56),(208,57),(209,58),(210,59),(211,60),(212,61),(213,62),(214,63),(215,64),(216,65),(217,66),(218,67),(219,68),(220,69),(221,70),(222,71),(223,72),(224,73),(225,74),(226,75),(227,76),(228,77),(229,78),(230,79),(231,80),(232,81),(233,82),(234,83),(235,84),(236,85),(237,86),(238,87),(239,88),(240,89),(241,90),(242,91),(243,92),(244,93),(245,94),(246,95),(247,96),(248,97),(249,98),(250,99),(251,100),(252,101),(253,102),(254,103),(255,104),(256,105),(257,106),(258,107),(259,108),(260,109),(261,110),(262,111),(263,112),(264,113),(265,114),(266,115),(267,116),(268,117),(269,118),(270,119),(271,120),(272,121),(273,122),(274,123),(275,124),(276,125),(277,126),(278,127),(279,128),(280,129),(281,130),(282,131),(283,132),(284,133),(285,134),(286,135),(287,136),(288,137),(289,138),(290,139),(291,140),(292,141),(293,142),(294,143),(295,144),(296,145),(297,146),(298,147),(299,148),(300,149),(301,150),(302,151),(303,1),(304,2),(305,3),(306,4),(307,5),(308,6),(309,7),(310,8),(311,9),(312,10),(313,11),(314,12),(315,13),(316,14),(317,15),(318,16),(319,17),(320,18),(321,19),(322,20),(323,21),(324,22),(325,23),(326,24),(327,25),(328,26),(329,27),(330,28),(331,29),(332,30),(333,31),(334,32),(335,33),(336,34),(337,35),(338,36),(339,37),(340,38),(341,39),(342,40),(343,41),(344,42),(345,43),(346,44),(347,45),(348,46),(349,47),(350,48),(351,49),(352,50),(353,51),(354,52),(355,53),(356,54),(357,55),(358,56),(359,57),(360,58),(361,59),(362,60),(363,61),(364,62),(365,63),(366,64),(367,65),(368,66),(369,67),(370,68),(371,69),(372,70),(373,71),(374,72),(375,73),(376,74),(377,75),(378,76),(379,77),(380,78),(381,79),(382,80),(383,81),(384,82),(385,83),(386,84),(387,85),(388,86),(389,87),(390,88),(391,89),(392,90),(393,91),(394,92),(395,93),(396,94),(397,95);
/*!40000 ALTER TABLE `recipe_uses_equipment` ENABLE KEYS */;

--
-- Table structure for table `recipe_uses_ingredient`
--

DROP TABLE IF EXISTS `recipe_uses_ingredient`;
/*!40101 SET @saved_cs_client     = @@character_set_client */;
/*!50503 SET character_set_client = utf8mb4 */;
CREATE TABLE `recipe_uses_ingredient` (
  `recipe_id` int(11) NOT NULL,
  `ingredient_id` int(11) NOT NULL,
  `quantity` float NOT NULL,
  PRIMARY KEY (`recipe_id`,`ingredient_id`),
  KEY `ingredient_id` (`ingredient_id`),
  CONSTRAINT `recipe_uses_ingredient_ibfk_1` FOREIGN KEY (`recipe_id`) REFERENCES `recipes` (`id`) ON DELETE NO ACTION ON UPDATE NO ACTION,
  CONSTRAINT `recipe_uses_ingredient_ibfk_2` FOREIGN KEY (`ingredient_id`) REFERENCES `ingredients` (`id`) ON DELETE NO ACTION ON UPDATE NO ACTION
) ENGINE=InnoDB DEFAULT CHARSET=utf8mb4 COLLATE=utf8mb4_general_ci;
/*!40101 SET character_set_client = @saved_cs_client */;

--
-- Dumping data for table `recipe_uses_ingredient`
--

/*!40000 ALTER TABLE `recipe_uses_ingredient` DISABLE KEYS */;
INSERT INTO `recipe_uses_ingredient` VALUES (1,1,580),(1,95,2607.4),(1,189,2044.2),(2,2,3807.5),(2,96,4767.2),(2,190,3861),(3,3,765.2),(3,97,3952.9),(3,191,4408.9),(4,4,4833.7),(4,98,2333.3),(4,192,3258.9),(5,5,3337.9),(5,99,1605.7),(5,193,1352.9),(6,6,4598.6),(6,100,2072.3),(6,194,1215.2),(7,7,1292.9),(7,101,1961.2),(7,195,4548.6),(8,8,3197.5),(8,102,4670.8),(8,196,216.2),(9,9,69.8),(9,103,881.4),(9,197,3588.8),(10,10,1390.5),(10,104,3401.8),(10,198,4501.6),(11,11,657.5),(11,105,1303.5),(11,199,1331.2),(12,12,3672.1),(12,106,271.3),(12,200,3378.2),(13,13,2254.9),(13,107,4245.2),(13,201,4594.3),(14,14,1298.9),(14,108,3076.8),(14,202,2432.9),(15,15,2852),(15,109,4889.9),(15,203,3732.3),(16,16,4635.1),(16,110,3071.1),(16,204,259.3),(17,17,3519.2),(17,111,289.5),(17,205,513.6),(18,18,3759.7),(18,112,1.2),(18,206,3194.9),(19,19,3485.8),(19,113,2087.9),(19,207,1184.6),(20,20,3603.5),(20,114,4824.9),(20,208,1255.3),(21,21,3001.5),(21,115,3943.8),(21,209,1589.4),(22,22,1431.9),(22,116,1014.5),(22,210,2145.6),(23,23,2772.3),(23,117,567.4),(23,211,1008.2),(24,24,3597.1),(24,118,1772.1),(24,212,1097.4),(25,25,766.9),(25,119,1760.6),(25,213,3502.7),(26,26,293.2),(26,120,1599.5),(26,214,4463.9),(27,27,4987.9),(27,121,1436.7),(27,215,3204.4),(28,28,2907.7),(28,122,2767.5),(28,216,1839.8),(29,29,2960.1),(29,123,1077.8),(29,217,177.9),(30,30,3239.6),(30,124,1427.3),(30,218,3341.9),(31,31,3898.8),(31,125,3704.9),(31,219,3601.6),(32,32,2943.3),(32,126,4480.7),(32,220,3706.2),(33,33,913.2),(33,127,4772.8),(33,221,2096.6),(34,34,1116.4),(34,128,3399.1),(34,222,626.6),(35,35,4377.3),(35,129,4255.9),(35,223,1385.4),(36,36,668.3),(36,130,4499.2),(36,224,580.5),(37,37,2787),(37,131,1525),(37,225,1323.3),(38,38,4456.9),(38,132,1147.1),(38,226,4130.7),(39,39,3698.7),(39,133,3909.3),(39,227,3472.5),(40,40,1399.8),(40,134,1778.7),(40,228,1035.7),(41,41,146),(41,135,4519.2),(41,229,711),(42,42,3252.4),(42,136,1768.3),(42,230,3267.7),(43,43,1262.2),(43,137,153.4),(43,231,4572),(44,44,1264.6),(44,138,4931.1),(44,232,3714.3),(45,45,4962.7),(45,139,4003.5),(45,233,3877.2),(46,46,810.2),(46,140,4424.8),(46,234,2116.3),(47,47,565.1),(47,141,3671.3),(47,235,851.2),(48,48,3944.7),(48,142,819.6),(48,236,1225.3),(49,49,3984.4),(49,143,3793.5),(49,237,2688.2),(50,50,104.3),(50,144,1691.3),(50,238,1719.5),(51,51,3834.8),(51,145,3641.7),(51,239,1286.2),(52,52,3515.5),(52,146,4725.9),(52,240,3435.3),(53,53,758),(53,147,2864.5),(53,241,3144.6),(54,54,4172.1),(54,148,932.5),(54,242,2772),(55,55,3432.4),(55,149,2477.2),(55,243,2346.2),(56,56,3319),(56,150,2308.6),(56,244,1218.8),(57,57,3528.1),(57,151,4831.2),(57,245,4885.6),(58,58,4357.6),(58,152,4292.6),(58,246,3462.7),(59,59,2172.5),(59,153,272.2),(59,247,160.9),(60,60,3325.9),(60,154,863.8),(60,248,605.7),(61,61,3116.3),(61,155,1365.7),(61,249,3230.6),(62,62,742.1),(62,156,4558.3),(62,250,4011.2),(63,63,3950.6),(63,157,4398.2),(63,251,1640.3),(64,64,1544.1),(64,158,150.5),(64,252,2568.1),(65,65,3401.1),(65,159,1753.8),(65,253,1762.1),(66,66,4397.5),(66,160,1762.8),(66,254,3998.8),(67,67,428.8),(67,161,4228.4),(67,255,1101),(68,68,4592.1),(68,162,4346.4),(68,256,201.2),(69,69,1452.6),(69,163,3540),(69,257,595.8),(70,70,4485.6),(70,164,2866.9),(70,258,3885.4),(71,71,460.4),(71,165,2900.3),(71,259,2292),(72,72,2603.5),(72,166,324.6),(72,260,2585.5),(73,73,993.7),(73,167,3096.3),(73,261,4918.9),(74,74,2839.6),(74,168,344.2),(74,262,4349.1),(75,75,3501.7),(75,169,2715.6),(75,263,1101.2),(76,76,2236.1),(76,170,896.9),(76,264,4373.4),(77,77,1533.5),(77,171,1505.3),(77,265,3906.5),(78,78,3491.2),(78,172,4156.7),(78,266,3126.3),(79,79,3894.7),(79,173,4742.1),(79,267,973.7),(80,80,1497.7),(80,174,3896.1),(80,268,2059.6),(81,81,1790.5),(81,175,2141.1),(81,269,1197.6),(82,82,3500.1),(82,176,2507.1),(82,270,3050.2),(83,83,2621),(83,177,3207.3),(83,271,1336.3),(84,84,3814.5),(84,178,3064.1),(84,272,2682.7),(85,85,484.7),(85,179,4932.1),(85,273,2605.4),(86,86,2327.8),(86,180,3517.7),(86,274,2349.2),(87,87,4360.9),(87,181,3344.8),(87,275,4478.6),(88,88,3190.4),(88,182,372.8),(88,276,4527.9),(89,89,4825),(89,183,4827.1),(89,277,4948.8),(90,90,4275.9),(90,184,4658.9),(90,278,3491.2),(91,91,3940.6),(91,185,4135.2),(91,279,3998.9),(92,92,53.8),(92,186,1868.8),(92,280,3703.4),(93,93,4077.7),(93,187,815.8),(93,281,4591.7),(94,94,3602.4),(94,188,3933.7),(94,282,4328.9),(95,95,3757.7),(95,189,511.2),(95,283,4487.3),(96,96,1201.2),(96,190,2000.5),(96,284,1260.9),(97,97,1810.1),(97,191,2023.8),(97,285,3913.3),(98,98,1630.8),(98,192,3580.7),(98,286,1608.3),(99,99,487.5),(99,193,2610.5),(99,287,2184.4),(100,100,1371.6),(100,194,3789.5),(100,288,1719.5),(101,101,2354.8),(101,195,2981.4),(101,289,543.8),(102,102,4894.9),(102,196,3181.5),(102,290,1953.2),(103,103,809.6),(103,197,2733.1),(103,291,1696),(104,104,3647),(104,198,1366.4),(104,292,1378.3),(105,105,716),(105,199,2115.6),(105,293,3353.9),(106,106,3683.2),(106,200,2757.9),(106,294,1756.5),(107,107,3985.8),(107,201,4966.2),(107,295,3270.8),(108,108,560.2),(108,202,4622.3),(108,296,3756.4),(109,109,2072.1),(109,203,4526.9),(109,297,534.5),(110,110,3692.1),(110,204,1859.7),(110,298,2564.5),(111,111,2512.8),(111,205,4838.9),(111,299,1818),(112,112,3468.9),(112,206,3221.3),(112,300,1949.3),(113,113,527.9),(113,207,382.2),(113,301,73.5),(114,114,222.6),(114,208,2937),(114,302,1557.7),(115,115,608.3),(115,209,4024.7),(115,303,365.2),(116,1,3335.2),(116,116,3502.1),(116,210,3104.2),(117,2,4401.2),(117,117,4114.5),(117,211,2617.8),(118,3,4481.7),(118,118,2461.1),(118,212,4948.6),(119,4,1935.9),(119,119,3982.8),(119,213,1643),(120,5,4525.6),(120,120,2618.9),(120,214,1638),(121,6,176.5),(121,121,4741.9),(121,215,2052.5),(122,7,3790.1),(122,122,800.1),(122,216,1365),(123,8,4809.3),(123,123,2863),(123,217,1631.5),(124,9,4177.7),(124,124,4582.3),(124,218,2774.2),(125,10,2161.9),(125,125,1230.6),(125,219,1725.7),(126,11,726.9),(126,126,322.3),(126,220,1508.8),(127,12,1645.4),(127,127,1209),(127,221,2886.7),(128,13,3190.4),(128,128,2625.9),(128,222,2165.1),(129,14,4901),(129,129,3598.8),(129,223,211.6),(130,15,458.1),(130,130,1564),(130,224,1830),(131,16,3938.4),(131,131,4890.9),(131,225,3424.5),(132,17,3245.2),(132,132,2365),(132,226,4195.2),(133,18,2112),(133,133,4386.7),(133,227,2141),(134,19,716.1),(134,134,2103.5),(134,228,2478.9),(135,20,2244.2),(135,135,1683.1),(135,229,1364.3),(136,21,1389.6),(136,136,2820),(136,230,971.3),(137,22,3581.8),(137,137,1431),(137,231,4704.7),(138,23,383.6),(138,138,1202),(138,232,1491.6),(139,24,2224.5),(139,139,1453.5),(139,233,3779.6),(140,25,564.9),(140,140,259.3),(140,234,4855.7),(141,26,2540.7),(141,141,4376.2),(141,235,1897.6),(142,27,4064.2),(142,142,659.7),(142,236,1542.4),(143,28,4071.6),(143,143,3768.4),(143,237,3689.8),(144,29,1743.5),(144,144,2036.2),(144,238,1917),(145,30,3907.9),(145,145,723.2),(145,239,3195.4),(146,31,1329.3),(146,146,4235),(146,240,1401.1),(147,32,2147.9),(147,147,2800.7),(147,241,2550.5),(148,33,347),(148,148,2014.6),(148,242,2456.1),(149,34,949),(149,149,4172),(149,243,3256.1),(150,35,2974.9),(150,150,4128.7),(150,244,1819.2),(151,36,238.8),(151,151,303.5),(151,245,3664.7),(152,37,3368.2),(152,152,4630.8),(152,246,797),(153,38,245.7),(153,153,4352.9),(153,247,1241.5),(154,39,4780.2),(154,154,2172.5),(154,248,1914.8),(155,40,2792.7),(155,155,4780.9),(155,249,1022.1),(156,41,2734.3),(156,156,2761.5),(156,250,491.4),(157,42,3104.8),(157,157,1251),(157,251,1576.2),(158,43,4257),(158,158,215.6),(158,252,3858.3),(159,44,2112.5),(159,159,2844.9),(159,253,4729.2),(160,45,2846.8),(160,160,4024.5),(160,254,4190),(161,46,1953.8),(161,161,1045.5),(161,255,4775.7),(162,47,2329),(162,162,1838.8),(162,256,2369.7),(163,48,3202.6),(163,163,329.9),(163,257,1883.8),(164,49,2410.7),(164,164,266.4),(164,258,3249.5),(165,50,4195.1),(165,165,491.2),(165,259,1414.7),(166,51,4218.8),(166,166,4151.1),(166,260,1175.8),(167,52,345.9),(167,167,2742.4),(167,261,1406.3),(168,53,3085.5),(168,168,2731.4),(168,262,3812.7),(169,54,634.6),(169,169,2625.7),(169,263,1321.5),(170,55,3621.1),(170,170,3355.1),(170,264,2111.5),(171,56,3471.5),(171,171,4761.9),(171,265,1606.5),(172,57,3938.4),(172,172,4146),(172,266,4045.1),(173,58,891.4),(173,173,2652.6),(173,267,1106.2),(174,59,3055.7),(174,174,1560.8),(174,268,1040.4),(175,60,1625.3),(175,175,1605.2),(175,269,3431),(176,61,345.9),(176,176,4013.2),(176,270,1445.7),(177,62,766.3),(177,177,3088.3),(177,271,1348.4),(178,63,663),(178,178,2747.4),(178,272,1340.1),(179,64,1659.1),(179,179,4916.7),(179,273,2928.3),(180,65,1606.7),(180,180,758.2),(180,274,3998.9),(181,66,3266.1),(181,181,2310.7),(181,275,3780.5),(182,67,4769.9),(182,182,860.2),(182,276,2815.4),(183,68,4639),(183,183,4486.4),(183,277,554.1),(184,69,4043.7),(184,184,1365.8),(184,278,2683.6),(185,70,1694.3),(185,185,2575.1),(185,279,4600.1),(186,71,4963.7),(186,186,1281.9),(186,280,2150.8),(187,72,479.1),(187,187,3216),(187,281,75.4),(188,73,99),(188,188,1843.1),(188,282,1407.8),(189,74,3977.8),(189,189,1149.4),(189,283,4298.5),(190,75,3373),(190,190,113.5),(190,284,1811.6),(191,76,3588.2),(191,191,3263.5),(191,285,2468.4),(192,77,1127.3),(192,192,3537.7),(192,286,1384.1),(193,78,4755.3),(193,193,3850),(193,287,1986.9),(194,79,139.7),(194,194,3598.5),(194,288,3150.7),(195,80,2909.9),(195,195,2246.3),(195,289,4257.6),(196,81,4249.7),(196,196,1509.5),(196,290,3820.9),(197,82,843),(197,197,2836.3),(197,291,1007.1),(198,83,3146.2),(198,198,3753.2),(198,292,1940.6),(199,84,940.3),(199,199,489.2),(199,293,4479.1),(200,85,338.9),(200,200,4009.1),(200,294,2458.7),(201,86,1321.5),(201,201,3454.2),(201,295,1484.1),(202,87,3949.4),(202,202,793.6),(202,296,944.9),(203,88,4103.1),(203,203,1777.9),(203,297,3143.2),(204,89,4457.9),(204,204,1396.7),(204,298,3857.7),(205,90,2294.1),(205,205,2236.3),(205,299,2152.6),(206,91,159.3),(206,206,2022.2),(206,300,2962.6),(207,207,3396.5),(207,301,3164.4),(208,208,3267.8),(208,302,4985.6),(209,209,2396.1),(209,303,2099),(210,1,1413.3),(210,210,840.8),(211,2,4849.6),(211,211,425.1),(212,3,4707.7),(212,212,2415.2),(213,4,2412.7),(213,213,3781),(214,5,2890.6),(214,214,3523),(215,6,2662.7),(215,215,4435),(216,7,3075.1),(216,216,2803),(217,8,1616.6),(217,217,2165.8),(218,9,1852.2),(218,218,1282.7),(219,10,3409.2),(219,219,3252.5),(220,11,4832.6),(220,220,1557.8),(221,12,169),(221,221,1418.7),(222,13,197.5),(222,222,2602.5),(223,14,154.3),(223,223,245.6),(224,15,4489.4),(224,224,2342.9),(225,16,391.4),(225,225,4933.5),(226,17,2603.6),(226,226,3984),(227,18,2266.2),(227,227,2973.3),(228,19,4126.3),(228,228,1588.2),(229,20,969.6),(229,229,2546.9),(230,21,1095.5),(230,230,3754.7),(231,22,1802.8),(231,231,4531.4),(232,23,1035.2),(232,232,1222.6),(233,24,514.3),(233,233,3073),(234,25,2232.7),(234,234,675.1),(235,26,2346.8),(235,235,2454.2),(236,27,1294.5),(236,236,3609.5),(237,28,1308.9),(237,237,113.9),(238,29,3675.5),(238,238,4146.3),(239,30,628.4),(239,239,3652.1),(240,31,686.2),(240,240,1555.8),(241,32,4793.7),(241,241,4264.2),(242,33,956.5),(242,242,4681.7),(243,34,3615.2),(243,243,2597.1),(244,35,3740.8),(244,244,1089.6),(245,36,4804.4),(245,245,3863.9),(246,37,1651.4),(246,246,169.3),(247,38,3810.6),(247,247,4517.2),(248,39,4249),(248,248,649.6),(249,40,2653.5),(249,249,3245.9),(250,41,814),(250,250,2476.3),(251,42,3060.9),(251,251,603.5),(252,43,3273),(252,252,4228),(253,44,632.5),(253,253,457),(254,45,684.4),(254,254,1524.6),(255,46,1075.7),(255,255,1827.4),(256,47,4669.4),(256,256,517),(257,48,1407.9),(257,257,3504.2),(258,49,44.1),(258,258,313),(259,50,1776.3),(259,259,3379.7),(260,51,2048),(260,260,40.7),(261,52,4600.8),(261,261,1751.1),(262,53,808.2),(262,262,3631.4),(263,54,1631.8),(263,263,4744.3),(264,55,506.1),(264,264,3539.6),(265,56,939.6),(265,265,1756.1),(266,57,2513.7),(266,266,4900.6),(267,58,4152.4),(267,267,4145.3),(268,59,1728.9),(268,268,172.5),(269,60,2689),(269,269,2008.6),(270,61,1783.4),(270,270,3889.6),(271,62,2996.5),(271,271,4929.6),(272,63,2988.2),(272,272,3292.6),(273,64,917.5),(273,273,2649.9),(274,65,850.2),(274,274,903),(275,66,4258.5),(275,275,3148.5),(276,67,4926.9),(276,276,2731),(277,68,2709.4),(277,277,1459.9),(278,69,4571.5),(278,278,3121.5),(279,70,2375),(279,279,3656.2),(280,71,3583.8),(280,280,1309.3),(281,72,3637),(281,281,4819.4),(282,73,3714),(282,282,1896.4),(283,74,4080.3),(283,283,1523),(284,75,2964.2),(284,284,4987),(285,76,3986.5),(285,285,3909.3),(286,77,994.3),(286,286,443.9),(287,78,893),(287,287,1971.4),(288,79,853.4),(288,288,683.8),(289,80,3286.4),(289,289,852.7),(290,81,4453.5),(290,290,1849.7),(291,82,4924.5),(291,291,1230.2),(292,83,1399.2),(292,292,640.5),(293,84,3790.8),(293,293,2148.7),(294,85,1574),(294,294,3967.5),(295,86,3726.3),(295,295,2670.6),(296,87,3439.2),(296,296,1917.8),(297,88,509.3),(297,297,3645.4),(298,89,908.1),(298,298,2215.1),(299,90,3097),(299,299,849),(300,91,1204.3),(300,300,2863.5),(301,92,3645.6),(301,301,4938.7),(302,93,528.6),(302,302,1352.4),(303,94,4134.1),(303,303,1604.4),(304,1,4564.8),(304,95,4956.9),(305,2,3707.7),(305,96,3020.4),(306,3,4544.3),(306,97,4571.4),(307,4,1322.5),(307,98,3318.1),(308,5,2017.5),(308,99,3545),(309,6,626),(309,100,1279.5),(310,7,1943.8),(310,101,411.1),(311,8,4736.7),(311,102,798.8),(312,9,4027.7),(312,103,1693.6),(313,10,2536.6),(313,104,3221.9),(314,11,2997.6),(314,105,3160),(315,12,693.6),(315,106,4323.8),(316,13,3127.8),(316,107,116),(317,14,2421.9),(317,108,543.9),(318,15,4921.5),(318,109,3150.2),(319,16,1798.6),(319,110,2396.1),(320,17,3105.7),(320,111,19.6),(321,18,2043.8),(321,112,4383.8),(322,19,2939.1),(322,113,3179.9),(323,20,3189.8),(323,114,2603.4),(324,21,2783.7),(324,115,3473.3),(325,22,905.4),(325,116,2142.2),(326,23,3075.4),(326,117,381.6),(327,24,6.7),(327,118,3151.3),(328,25,544),(328,119,3794.9),(329,26,4362.4),(329,120,4878.4),(330,27,501.4),(330,121,2985.7),(331,28,77.7),(331,122,4240.9),(332,29,3155.1),(332,123,2801),(333,30,874.5),(333,124,2658.9),(334,31,4273.4),(334,125,2141),(335,32,3132.3),(335,126,3591.1),(336,33,3824.6),(336,127,956.5),(337,34,4858.3),(337,128,1903.5),(338,35,550.1),(338,129,3657),(339,36,2018.8),(339,130,3425.7),(340,37,2503.3),(340,131,332.1),(341,38,3741.5),(341,132,3804.9),(342,39,2750),(342,133,2197.7),(343,40,4416.2),(343,134,1929.5),(344,41,4239),(344,135,3894),(345,42,2914.8),(345,136,2142.3),(346,43,2822.4),(346,137,2447.8),(347,44,1991.3),(347,138,4769.5),(348,45,1724.5),(348,139,1009.2),(349,46,1937.1),(349,140,4331.3),(350,47,589.5),(350,141,1019.3),(351,48,3791.7),(351,142,2819),(352,49,3526.4),(352,143,933.5),(353,50,2299.4),(353,144,2684),(354,51,1306.5),(354,145,1699.1),(355,52,2490.3),(355,146,4.7),(356,53,216.7),(356,147,4331),(357,54,2460.2),(357,148,4214.3),(358,55,3835.5),(358,149,358.6),(359,56,2626.6),(359,150,859.3),(360,57,3018),(360,151,3093.1),(361,58,1128),(361,152,1558.3),(362,59,2661),(362,153,3785.9),(363,60,1094.5),(363,154,924),(364,61,3303.4),(364,155,4251.9),(365,62,2488.2),(365,156,4597.2),(366,63,4575.8),(366,157,2832.5),(367,64,4772.1),(367,158,4181.4),(368,65,4156.9),(368,159,1912.9),(369,66,4502.1),(369,160,3771.3),(370,67,1400),(370,161,4476.9),(371,68,419.8),(371,162,4912.3),(372,69,2867.5),(372,163,2364.6),(373,70,1415.4),(373,164,2861.5),(374,71,182.2),(374,165,4357.9),(375,72,1334.9),(375,166,4908),(376,73,2387.8),(376,167,2346.1),(377,74,3761.5),(377,168,766),(378,75,4588.7),(378,169,2808),(379,76,4364.4),(379,170,1715.8),(380,77,514.3),(380,171,3335.8),(381,78,60.8),(381,172,1407.5),(382,79,1581.6),(382,173,3531.1),(383,80,474.3),(383,174,3249.3),(384,81,3425.9),(384,175,3791.9),(385,82,2081.5),(385,176,4974.6),(386,83,3559.7),(386,177,4200.5),(387,84,843.2),(387,178,4630.1),(388,85,1743.6),(388,179,3873.3),(389,86,408.9),(389,180,4025.6),(390,87,452.9),(390,181,2770.4),(391,88,1180),(391,182,280.9),(392,89,1281.8),(392,183,4815.7),(393,90,4394.5),(393,184,702.7),(394,91,2843.8),(394,185,2106.6),(395,92,3597.1),(395,186,1583.6),(396,93,123.1),(396,187,4538.1),(397,94,3973.1),(397,188,4622.4);
/*!40000 ALTER TABLE `recipe_uses_ingredient` ENABLE KEYS */;

--
-- Table structure for table `recipes`
--

DROP TABLE IF EXISTS `recipes`;
/*!40101 SET @saved_cs_client     = @@character_set_client */;
/*!50503 SET character_set_client = utf8mb4 */;
CREATE TABLE `recipes` (
  `id` int(11) NOT NULL AUTO_INCREMENT,
  `cooking_time` int(11) DEFAULT NULL,
  `preparation_time` int(11) DEFAULT NULL,
  `name` varchar(255) NOT NULL,
  `is_pastry` tinyint(1) NOT NULL,
  `description` text DEFAULT NULL,
  `difficulty` int(11) NOT NULL DEFAULT 1,
  `main_ingredient_id` int(11) NOT NULL,
  `meal_type` varchar(255) NOT NULL,
  `national_cuisine` varchar(255) NOT NULL,
  PRIMARY KEY (`id`),
  UNIQUE KEY `id` (`id`),
  KEY `national_cuisine` (`national_cuisine`),
  KEY `meal_type` (`meal_type`),
  KEY `main_ingredient_id` (`main_ingredient_id`),
  CONSTRAINT `recipes_ibfk_1` FOREIGN KEY (`national_cuisine`) REFERENCES `national_cuisines` (`name`) ON DELETE NO ACTION ON UPDATE NO ACTION,
  CONSTRAINT `recipes_ibfk_2` FOREIGN KEY (`meal_type`) REFERENCES `meal_types` (`name`) ON DELETE NO ACTION ON UPDATE NO ACTION,
  CONSTRAINT `recipes_ibfk_3` FOREIGN KEY (`main_ingredient_id`) REFERENCES `ingredients` (`id`) ON UPDATE CASCADE,
  CONSTRAINT `recipes_ibfk_4` FOREIGN KEY (`national_cuisine`) REFERENCES `national_cuisines` (`name`) ON DELETE NO ACTION ON UPDATE NO ACTION,
  CONSTRAINT `recipes_ibfk_5` FOREIGN KEY (`meal_type`) REFERENCES `meal_types` (`name`) ON DELETE NO ACTION ON UPDATE NO ACTION,
  CONSTRAINT `recipes_ibfk_6` FOREIGN KEY (`main_ingredient_id`) REFERENCES `ingredients` (`id`) ON UPDATE CASCADE
) ENGINE=InnoDB AUTO_INCREMENT=477 DEFAULT CHARSET=utf8mb4 COLLATE=utf8mb4_general_ci;
/*!40101 SET character_set_client = @saved_cs_client */;

--
-- Dumping data for table `recipes`
--

/*!40000 ALTER TABLE `recipes` DISABLE KEYS */;
INSERT INTO `recipes` VALUES (1,30,15,'Classic Spaghetti Carbonara',0,'A traditional Italian pasta dish made with eggs, cheese, pancetta, and black pepper.',2,31,'dinner','Italian'),(2,40,20,'Chicken Tikka Masala',0,'A popular Indian dish consisting of marinated chicken pieces cooked in a spiced tomato-based sauce.',4,64,'dinner','Indian'),(3,25,10,'Greek Salad',0,'A refreshing salad made with tomatoes, cucumbers, olives, feta cheese, and olive oil.',1,16,'lunch','Greek'),(4,45,20,'Beef Stroganoff',0,'A Russian dish made with beef, mushrooms, onions, and sour cream, served over egg noodles or rice.',3,73,'dinner','Russian'),(5,35,15,'California Sushi Roll',0,'A popular Japanese sushi roll filled with crab, avocado, and cucumber.',5,301,'lunch','Japanese'),(6,20,10,'Caprese Salad',0,'A simple Italian salad made with fresh tomatoes, mozzarella cheese, basil, and balsamic glaze.',2,4,'lunch','Italian'),(7,30,15,'Chicken Caesar Salad',0,'A classic salad made with romaine lettuce, grilled chicken, Parmesan cheese, and Caesar dressing.',4,64,'lunch','American'),(8,40,20,'Pasta Carbonara',0,'An Italian pasta dish made with eggs, cheese, bacon, and black pepper.',1,36,'dinner','Italian'),(9,35,15,'Tofu Stir-Fry',0,'A healthy stir-fry dish made with tofu, mixed vegetables, and a savory sauce, served over rice or noodles.',3,156,'dinner','Chinese'),(10,45,25,'Mushroom Risotto',0,'An Italian rice dish cooked with mushrooms, onions, garlic, white wine, and Parmesan cheese.',5,103,'dinner','Italian'),(11,25,10,'Egg Salad Sandwich',0,'A simple sandwich filling made with chopped hard-boiled eggs, mayonnaise, mustard, and seasonings.',2,71,'lunch','American'),(12,40,20,'Vegetable Curry',0,'A flavorful curry dish made with mixed vegetables, coconut milk, and aromatic spices.',4,3,'dinner','Indian'),(13,30,15,'Falafel Wrap',0,'A Middle Eastern wrap filled with crispy falafel balls, hummus, fresh vegetables, and tahini sauce.',1,175,'lunch','Israeli'),(14,35,20,'Tom Yum Soup',0,'A spicy and sour Thai soup flavored with lemongrass, lime leaves, galangal, chili peppers, and shrimp or chicken.',3,4,'lunch','Thai'),(15,30,15,'Sushi Nigiri',0,'Traditional Japanese sushi consisting of a small ball of rice topped with raw fish or seafood.',5,97,'dinner','Japanese'),(16,40,20,'Chicken Enchiladas',0,'A Mexican dish made with shredded chicken, cheese, and salsa rolled in corn tortillas and baked with enchilada sauce.',2,64,'dinner','Mexican'),(17,25,10,'Greek Yogurt Parfait',0,'A healthy breakfast or snack made with layers of Greek yogurt, granola, and fresh berries.',4,41,'breakfast','Greek'),(18,30,15,'Pulled Pork Sandwich',0,'A hearty sandwich made with slow-cooked pulled pork, barbecue sauce, and coleslaw, served on a bun.',1,74,'lunch','American'),(19,45,20,'Chicken Korma',0,'A creamy and mildly spiced Indian dish made with chicken, yogurt, cream, and nuts, typically served with rice or naan.',3,64,'dinner','Indian'),(20,35,15,'Miso Soup',0,'A traditional Japanese soup made with dashi broth, miso paste, tofu, seaweed, and green onions.',5,97,'lunch','Japanese'),(21,40,25,'Beef Bulgogi',0,'A Korean barbecue dish made with thinly sliced marinated beef, grilled or stir-fried, and served with rice and vegetables.',2,73,'dinner','Korean'),(22,50,30,'Sushi Sashimi Platter',0,'A selection of fresh raw fish and seafood served without rice, accompanied by pickled ginger, wasabi, and soy sauce.',4,97,'dinner','Japanese'),(23,30,15,'Chicken Pot Pie',1,'A comforting American dish made with chicken, vegetables, and gravy, baked in a flaky pie crust.',1,64,'dinner','American'),(24,40,20,'Pad Thai',0,'A popular Thai stir-fried noodle dish made with rice noodles, shrimp, tofu, bean sprouts, peanuts, and tamarind sauce.',3,31,'dinner','Thai'),(25,35,15,'Shakshuka',0,'A Middle Eastern dish of poached eggs in a spicy tomato and pepper sauce, often served with bread for dipping.',5,71,'breakfast','Israeli'),(26,30,15,'Pulled Pork Sandwich',0,'A hearty sandwich made with slow-cooked pulled pork, barbecue sauce, and coleslaw, served on a bun.',2,74,'lunch','American'),(27,45,20,'Chicken Korma',0,'A creamy and mildly spiced Indian dish made with chicken, yogurt, cream, and nuts, typically served with rice or naan.',4,64,'dinner','Indian'),(28,35,15,'Miso Soup',0,'A traditional Japanese soup made with dashi broth, miso paste, tofu, seaweed, and green onions.',1,97,'lunch','Japanese'),(29,40,25,'Beef Bulgogi',0,'A Korean barbecue dish made with thinly sliced marinated beef, grilled or stir-fried, and served with rice and vegetables.',3,73,'dinner','Korean'),(30,50,30,'Sushi Sashimi Platter',0,'A selection of fresh raw fish and seafood served without rice, accompanied by pickled ginger, wasabi, and soy sauce.',5,97,'dinner','Japanese'),(31,30,15,'Chicken Pot Pie',1,'A comforting American dish made with chicken, vegetables, and gravy, baked in a flaky pie crust.',2,64,'dinner','American'),(32,40,20,'Pad Thai',0,'A popular Thai stir-fried noodle dish made with rice noodles, shrimp, tofu, bean sprouts, peanuts, and tamarind sauce.',4,31,'dinner','Thai'),(33,35,15,'Shakshuka',0,'A Middle Eastern dish of poached eggs in a spicy tomato and pepper sauce, often served with bread for dipping.',1,71,'breakfast','Israeli'),(34,30,15,'Tofu Scramble',0,'A vegan breakfast dish made with scrambled tofu seasoned with turmeric, vegetables, and spices, often served with toast or potatoes.',3,156,'breakfast','American'),(35,45,20,'Lasagna',0,'An Italian pasta dish made with layers of lasagna noodles, marinara sauce, ricotta cheese, mozzarella, and ground beef or vegetables.',5,36,'dinner','Italian'),(36,35,15,'Beef Tacos',0,'Mexican street food consisting of seasoned ground beef, lettuce, cheese, tomatoes, and salsa, served in a corn or flour tortilla.',2,73,'dinner','Mexican'),(37,40,25,'Chicken Shawarma',0,'A Middle Eastern dish made with marinated and grilled chicken, typically served in a pita wrap with garlic sauce, tahini, and vegetables.',4,64,'dinner','Israeli'),(38,50,30,'Pho',0,'A Vietnamese noodle soup consisting of broth, rice noodles, herbs, and meat (usually beef or chicken), served with lime, bean sprouts, and chili peppers.',1,31,'dinner','Vietnamese'),(39,40,20,'Moussaka',0,'A Greek baked dish made with layers of eggplant, minced meat (usually lamb or beef), tomatoes, onions, and a béchamel sauce.',3,16,'dinner','Greek'),(40,35,15,'Sushi Roll Sampler',0,'An assortment of sushi rolls including California rolls, spicy tuna rolls, and salmon avocado rolls, served with pickled ginger, wasabi, and soy sauce.',5,97,'dinner','Japanese'),(41,45,25,'Lamb Tagine',0,'A Moroccan stew made with tender lamb, apricots, almonds, and a blend of aromatic spices, slow-cooked in a traditional clay pot.',2,75,'dinner','Moroccan'),(42,35,20,'Cinnamon Rolls',1,'Soft, fluffy rolls swirled with cinnamon sugar and topped with cream cheese icing, a beloved breakfast treat.',4,33,'breakfast','American'),(43,40,25,'Cheese Danish',1,'Buttery, flaky pastry filled with sweetened cream cheese and often topped with fruit or streusel.',1,33,'breakfast','American'),(44,35,20,'Sushi Rolls',0,'Delicious sushi rolls filled with a variety of ingredients like fresh fish, avocado, cucumber, and crab sticks, wrapped in seasoned rice and seaweed.',3,97,'lunch','Japanese'),(45,45,30,'Ramen',0,'A comforting Japanese noodle soup consisting of wheat noodles served in a flavorful broth, topped with sliced pork, soft-boiled egg, bamboo shoots, and green onions.',5,31,'dinner','Japanese'),(46,40,25,'Tempura',0,'Light and crispy battered and deep-fried seafood and vegetables, served with a dipping sauce made from soy sauce, mirin, and dashi.',2,97,'dinner','Japanese'),(47,30,15,'Gyoza',0,'Japanese pan-fried dumplings filled with a savory mixture of ground meat (usually pork) and vegetables, served with a dipping sauce.',4,36,'appetizer','Japanese'),(48,50,35,'Okonomiyaki',0,'A savory Japanese pancake made with shredded cabbage, flour, eggs, and a variety of toppings like pork belly, shrimp, and octopus, topped with okonomiyaki sauce, mayonnaise, and bonito flakes.',1,2,'dinner','Japanese'),(49,45,30,'Tonkatsu',0,'Japanese breaded and deep-fried pork cutlet, served with shredded cabbage and tonkatsu sauce.',3,73,'dinner','Japanese'),(50,40,25,'Miso Soup',0,'A traditional Japanese soup made with dashi broth, miso paste, tofu, seaweed, and green onions.',5,97,'appetizer','Japanese'),(51,30,15,'Onigiri',0,'Japanese rice balls made with seasoned sushi rice and usually filled with a variety of ingredients like grilled salmon, pickled plum, or seasoned seaweed.',2,31,'snack','Japanese'),(52,35,20,'Soba Noodles',0,'Japanese buckwheat noodles served hot or cold with a dipping sauce or in a hot broth, often topped with sliced green onions and nori.',4,31,'lunch','Japanese'),(53,50,35,'Chirashi Sushi',0,'A colorful Japanese dish consisting of sushi rice topped with a variety of sashimi, vegetables, and other garnishes, served in a bowl.',1,31,'dinner','Japanese'),(54,40,25,'Yakitori',0,'Japanese skewered chicken grilled over charcoal, typically seasoned with tare sauce (soy sauce, mirin, sake, and sugar) and served with green onions.',3,71,'dinner','Japanese'),(55,35,20,'Udon Noodles',0,'Japanese thick wheat noodles served in a hot broth made from dashi, soy sauce, and mirin, often topped with sliced green onions, tempura, or kamaboko.',5,31,'lunch','Japanese'),(56,45,30,'Unagi Don',0,'Grilled freshwater eel glazed with a sweet soy-based sauce, served over a bowl of steamed rice.',2,93,'dinner','Japanese'),(57,30,15,'Tamagoyaki',0,'Japanese rolled omelette made by rolling thin layers of seasoned egg in a rectangular pan, often served for breakfast or as a side dish.',4,71,'breakfast','Japanese'),(58,50,35,'Shabu Shabu',0,'A Japanese hot pot dish featuring thinly sliced beef and vegetables cooked in a broth at the table, then dipped in ponzu or sesame sauce before eating.',1,73,'dinner','Japanese'),(59,40,25,'Takoyaki',0,'Japanese octopus balls made from a wheat-flour batter filled with diced octopus, pickled ginger, and green onion, cooked in a special takoyaki pan.',3,94,'snack','Japanese'),(60,35,20,'Sukiyaki',0,'A Japanese hot pot dish made with thinly sliced beef, tofu, vegetables, and noodles cooked in a sweet and savory soy sauce-based broth.',5,73,'dinner','Japanese'),(61,30,15,'Soba Salad',0,'A refreshing Japanese salad made with chilled soba noodles tossed with vegetables (such as cucumber, radish, and seaweed) and a tangy dressing.',2,31,'lunch','Japanese'),(62,45,30,'Tonkotsu Ramen',0,'A rich and creamy Japanese noodle soup made with a pork bone broth, served with thin noodles, slices of chashu pork, soft-boiled egg, and various toppings.',4,31,'dinner','Japanese'),(63,40,25,'Matcha Green Tea Ice Cream',0,'A traditional Japanese dessert made with matcha (powdered green tea), milk, cream, and sugar, churned into a creamy and flavorful ice cream.',1,40,'dessert','Japanese'),(64,40,25,'Bibimbap',0,'A Korean mixed rice dish topped with assorted vegetables, meat (usually beef), a fried egg, and spicy gochujang sauce, served in a hot stone bowl.',3,3,'dinner','Korean'),(65,45,30,'Kimchi Jjigae',0,'A Korean stew made with kimchi, pork, tofu, and vegetables, simmered in a spicy and flavorful broth, often served with rice.',5,4,'dinner','Korean'),(66,50,35,'Japchae',0,'A Korean stir-fried noodle dish made with sweet potato starch noodles, thinly sliced vegetables, beef or mushrooms, and a soy sauce-based seasoning.',2,31,'dinner','Korean'),(67,35,20,'Dak Galbi',0,'Korean spicy stir-fried chicken dish made with marinated chicken, cabbage, sweet potatoes, rice cakes, and spicy gochujang sauce.',4,64,'dinner','Korean'),(68,30,15,'Kimchi Fried Rice',0,'A flavorful Korean fried rice dish made with cooked rice stir-fried with kimchi, vegetables, and often topped with a fried egg.',1,3,'dinner','Korean'),(69,55,40,'Bulgogi',0,'Korean marinated and grilled beef dish made with thinly sliced beef (usually sirloin or ribeye) marinated in a sweet and savory sauce, often served with rice and lettuce wraps.',3,73,'dinner','Korean'),(70,40,25,'Haemul Pajeon',0,'Korean savory pancake made with a batter of eggs, flour, and scallions, filled with assorted seafood like shrimp, squid, and mussels.',5,31,'dinner','Korean'),(71,45,30,'Samgyetang',0,'Korean ginseng chicken soup made with a whole young chicken stuffed with glutinous rice, garlic, jujubes, and ginseng, simmered in a clear broth.',2,71,'dinner','Korean'),(72,50,35,'Tteokbokki',0,'Korean spicy rice cake dish made with chewy rice cakes, fish cakes, and scallions, simmered in a spicy gochujang-based sauce.',4,3,'snack','Korean'),(73,35,20,'Gimbap',0,'Korean seaweed rice rolls filled with a variety of ingredients such as pickled vegetables, egg, ham, and imitation crab, similar to sushi but with different fillings.',1,31,'lunch','Korean'),(74,45,30,'Nasi Lemak',0,'A traditional Malaysian dish consisting of coconut rice served with anchovies, peanuts, cucumber slices, hard-boiled egg, and spicy sambal sauce.',3,31,'breakfast','Malaysian'),(75,50,35,'Roti Canai',1,'A popular Malaysian flatbread made from dough that is repeatedly stretched and folded to create layers, then grilled until crispy and served with curry sauce for dipping.',5,133,'breakfast','Malaysian'),(76,55,40,'Laksa',0,'A spicy noodle soup popular in Malaysian and Peranakan cuisine, made with rice noodles, coconut milk, curry broth, and topped with chicken, prawns, or tofu.',2,36,'lunch','Malaysian'),(77,35,20,'Satay',0,'Skewered and grilled meat (usually chicken, beef, or lamb) marinated in a flavorful blend of spices and served with peanut sauce, cucumber, and ketupat (compressed rice cakes).',4,73,'appetizer','Malaysian'),(78,60,45,'Char Kway Teow',0,'A popular Malaysian stir-fried noodle dish made with flat rice noodles, prawns, cockles, Chinese lap cheong (sausage), eggs, bean sprouts, and chives.',1,31,'dinner','Malaysian'),(79,40,25,'Mee Goreng',0,'A spicy Malaysian noodle dish made with yellow noodles stir-fried with shrimp, tofu, eggs, bean sprouts, and a spicy sauce made from chili, tomato, and spices.',3,31,'dinner','Malaysian'),(80,50,35,'Rendang',0,'A rich and fragrant Malaysian curry dish made with slow-cooked beef, coconut milk, and a blend of spices including lemongrass, galangal, ginger, and turmeric.',5,73,'dinner','Malaysian'),(81,45,30,'Hainanese Chicken Rice',0,'A classic Malaysian dish of poached chicken and seasoned rice, served with chili sauce, soy sauce, and cucumber garnish.',2,71,'lunch','Malaysian'),(82,55,40,'Murtabak',1,'A stuffed Malaysian pancake filled with minced meat (usually beef or chicken), onions, and eggs, flavored with curry spices and served with a side of curry sauce.',4,133,'dinner','Malaysian'),(83,35,20,'Cendol',0,'A popular Malaysian dessert made with shaved ice, green rice flour jelly noodles (cendol), coconut milk, palm sugar syrup, and red beans.',1,40,'dessert','Malaysian'),(84,40,25,'Fenek Moqli',0,'Maltese fried rabbit dish marinated in wine, garlic, and herbs, coated in seasoned flour, and fried until golden brown.',3,77,'dinner','Maltese'),(85,50,35,'Pastizzi',1,'Traditional Maltese savory pastries filled with either ricotta cheese (pastizzi tal-irkotta) or mushy peas (pastizzi tal-piżelli), enclosed in flaky pastry and baked until golden brown.',5,42,'snack','Maltese'),(86,45,30,'Timpana',0,'A classic Maltese baked pasta dish consisting of macaroni mixed with a rich bolognese sauce, eggs, and grated cheese, encased in pastry and baked until golden and crispy.',2,36,'dinner','Maltese'),(87,55,40,'Kapunata',0,'Maltese version of ratatouille, a vegetable stew made with eggplant, tomatoes, bell peppers, onions, and garlic, cooked in olive oil and seasoned with herbs.',4,101,'dinner','Maltese'),(88,35,20,'Ħobż biż-żejt',1,'Traditional Maltese open-faced sandwich made with crusty Maltese bread (ħobż), drizzled with olive oil and spread with a paste made from tomatoes, capers, olives, and tuna.',1,33,'lunch','Maltese'),(89,40,25,'Brungiel Mimli',0,'Stuffed Maltese eggplants filled with a mixture of ground meat (usually beef), breadcrumbs, garlic, parsley, and grated cheese, baked until tender and golden.',3,3,'dinner','Maltese'),(90,45,30,'Qassatat',1,'Maltese pastry filled with ricotta cheese, eggs, parsley, and seasoning, similar to a mini quiche and often enjoyed as a snack or appetizer.',5,42,'snack','Maltese'),(91,50,35,'Imqaret',1,'Traditional Maltese sweet pastries made from a dough of flour, semolina, and water, filled with a sweet date mixture, deep-fried until crispy, and dusted with icing sugar.',2,35,'dessert','Maltese'),(92,55,40,'Bragioli',0,'Maltese beef olives made with thinly sliced beef, stuffed with a mixture of breadcrumbs, bacon, parsley, and garlic, rolled up and simmered in a tomato-based sauce until tender.',4,73,'dinner','Maltese'),(93,35,20,'Kwareżimal',1,'Traditional Maltese Lenten sweet made with a mixture of ground almonds, breadcrumbs, citrus zest, and spices, formed into diamond-shaped cookies, and baked until golden.',1,19,'dessert','Maltese'),(94,45,30,'Tacos al Pastor',0,'Mexican street tacos made with thinly sliced pork marinated in a blend of dried chilies, spices, and pineapple, cooked on a vertical rotisserie and served with onions, cilantro, and pineapple salsa.',3,73,'dinner','Mexican'),(95,50,35,'Enchiladas Suizas',0,'Mexican enchiladas filled with shredded chicken, rolled in corn tortillas, and topped with a creamy green sauce made from tomatillos, cream, and green chilies, baked until bubbly and golden.',5,64,'dinner','Mexican'),(96,55,40,'Mole Poblano',0,'A rich and complex Mexican sauce made with dried chilies, chocolate, nuts, seeds, spices, and sometimes fruit, served over chicken or turkey and accompanied by rice and tortillas.',2,73,'dinner','Mexican'),(97,35,20,'Chiles Rellenos',0,'Mexican dish consisting of roasted poblano peppers stuffed with a mixture of cheese, meat, or vegetables, dipped in egg batter, fried until golden, and served with tomato sauce.',4,101,'dinner','Mexican'),(98,40,25,'Guacamole',0,'Mexican avocado dip made with ripe avocados mashed with lime juice, onions, tomatoes, cilantro, and jalapeños, seasoned with salt and pepper, and served with tortilla chips.',1,4,'snack','Mexican'),(99,45,30,'Pozole',0,'Mexican soup made with hominy (dried corn kernels), pork or chicken, and a flavorful broth seasoned with dried chilies, garlic, and spices, served with garnishes such as shredded cabbage, radishes, and lime.',3,73,'dinner','Mexican'),(100,50,35,'Tamales',1,'Traditional Mexican dish made with masa dough filled with a savory or sweet filling (such as pork, chicken, cheese, or fruit), wrapped in corn husks, and steamed until cooked through.',5,31,'dinner','Mexican'),(101,55,40,'Sopes',0,'Mexican antojito (snack) made with thick corn tortillas topped with refried beans, meat (such as shredded chicken or beef), lettuce, cheese, salsa, and crema (sour cream).',2,33,'snack','Mexican'),(102,35,20,'Ceviche',0,'Mexican seafood dish made with raw fish (such as shrimp or tilapia) marinated in lime juice with onions, tomatoes, cilantro, and chili peppers, served chilled as a refreshing appetizer.',4,97,'appetizer','Mexican'),(103,40,25,'Chilaquiles',0,'Mexican breakfast dish made with fried corn tortilla strips simmered in salsa or mole until softened, topped with shredded chicken, eggs, cheese, onions, and crema, often served with refried beans.',1,31,'breakfast','Mexican'),(104,45,30,'Jollof Rice',0,'A popular West African one-pot rice dish cooked with tomatoes, onions, peppers, and spices, often served with chicken, fish, or vegetables.',3,31,'dinner','African'),(105,50,35,'Doro Wat',0,'Ethiopian spicy chicken stew made with chicken drumsticks or thighs simmered in a rich berbere-spiced sauce with onions, garlic, ginger, and clarified butter (niter kibbeh).',5,71,'dinner','African'),(106,55,40,'Pounded Yam and Egusi Soup',0,'Nigerian dish consisting of smooth, stretchy pounded yam served with a thick soup made from ground melon seeds (egusi), leafy greens, tomatoes, and spices.',2,36,'dinner','African'),(107,35,20,'Bunny Chow',0,'South African street food dish originating from the Indian community, made with a hollowed-out loaf of bread filled with curry (usually chicken or mutton), often served with a side of sambals (spicy relish).',4,31,'lunch','African'),(108,40,25,'Chapati',1,'East African unleavened flatbread made from whole wheat flour, water, salt, and oil, rolled out thinly and cooked on a hot griddle until golden brown and puffy.',1,32,'breakfast','African'),(109,45,30,'Maafe',0,'Senegalese peanut stew made with beef, lamb, or chicken cooked in a thick sauce made from ground peanuts, tomatoes, onions, and a variety of spices, often served with rice or couscous.',3,73,'dinner','African'),(110,50,35,'Bobotie',0,'South African dish consisting of spiced minced meat (usually beef or lamb) baked with an egg-based topping, flavored with curry powder, chutney, and dried fruit, served with yellow rice and chutney.',5,73,'dinner','African'),(111,55,40,'Ful Medames',0,'Egyptian dish of cooked fava beans mixed with olive oil, lemon juice, garlic, and spices, often served with boiled eggs, tahini sauce, and fresh vegetables.',2,48,'breakfast','African'),(112,35,20,'Moin Moin',0,'Nigerian steamed bean pudding made from blended black-eyed peas, onions, peppers, and spices, traditionally wrapped in leaves or foil and steamed until firm.',4,47,'snack','African'),(113,40,25,'Nyama Choma',0,'East African dish of grilled meat (usually goat, beef, or chicken) marinated in spices and roasted over an open flame, often served with ugali (maize porridge) and kachumbari (tomato and onion salad).',1,73,'dinner','African'),(114,45,30,'Hamburger',0,'Classic American sandwich consisting of a grilled beef patty served on a bun with various toppings such as lettuce, tomato, onion, pickles, and condiments like ketchup and mustard.',3,73,'lunch','American'),(115,50,35,'Buffalo Wings',0,'Spicy chicken wings coated in a tangy buffalo sauce made from hot sauce, butter, vinegar, and spices, often served with celery sticks and blue cheese dressing.',5,71,'appetizer','American'),(116,55,40,'Macaroni and Cheese',0,'Creamy American comfort food dish made with cooked macaroni pasta mixed with a cheese sauce made from cheddar cheese, milk, butter, and flour, baked until golden and bubbly.',2,36,'dinner','American'),(117,35,20,'Clam Chowder',0,'Rich and creamy American soup made with clams, potatoes, onions, celery, and bacon, cooked in a broth made from clam juice, milk, and cream.',4,93,'lunch','American'),(118,40,25,'BBQ Ribs',0,'Slow-cooked American barbecue ribs rubbed with a blend of spices and smoked until tender, then glazed with barbecue sauce and grilled to perfection.',1,73,'dinner','American'),(119,45,30,'Apple Pie',1,'Iconic American dessert made with a flaky pastry crust filled with sliced apples mixed with sugar, cinnamon, and sometimes butter, baked until the filling is tender and bubbly.',3,16,'dessert','American'),(120,50,35,'Pulled Pork Sandwich',0,'Slow-cooked American barbecue dish made from tender shredded pork shoulder, mixed with barbecue sauce and served on a bun with coleslaw.',5,73,'lunch','American'),(121,55,40,'Chocolate Chip Cookies',1,'Classic American cookies made with a dough of flour, butter, sugar, eggs, vanilla extract, and chocolate chips, baked until golden brown and chewy.',2,32,'snack','American'),(122,35,20,'Caesar Salad',0,'American salad made with romaine lettuce, croutons, Parmesan cheese, and a dressing made from olive oil, lemon juice, garlic, Worcestershire sauce, and anchovies.',4,1,'lunch','American'),(123,40,25,'Fried Chicken',0,'Southern American dish of chicken pieces coated in seasoned flour and deep-fried until golden and crispy, often served with mashed potatoes, gravy, and biscuits.',1,73,'dinner','American'),(124,45,30,'Gazpacho',0,'Traditional Andalusian cold soup made with ripe tomatoes, cucumbers, bell peppers, onions, garlic, olive oil, vinegar, and stale bread, blended until smooth and served chilled.',3,4,'appetizer','Andalusian'),(125,50,35,'Paella',0,'Iconic Spanish rice dish from Valencia, cooked with saffron-infused rice, seafood (such as shrimp, clams, and mussels), chicken, chorizo, and vegetables, flavored with paprika and served in a large shallow pan.',5,31,'dinner','Andalusian'),(126,55,40,'Salmorejo',0,'Creamy Andalusian cold soup similar to gazpacho but thicker, made with tomatoes, bread, garlic, olive oil, and vinegar, topped with chopped hard-boiled eggs and jamón (cured ham).',2,4,'appetizer','Andalusian'),(127,35,20,'Rabo de Toro',0,'Andalusian dish of braised oxtail stewed with onions, garlic, carrots, tomatoes, wine, and aromatic herbs until the meat is tender and falling off the bone, often served with potatoes or rice.',4,73,'dinner','Andalusian'),(128,40,25,'Pulpo a la Gallega',0,'Andalusian dish of tender octopus boiled until cooked, then sliced and seasoned with olive oil, paprika, and coarse sea salt, often served on a wooden platter with boiled potatoes.',1,94,'dinner','Andalusian'),(129,45,30,'Berza',0,'Andalusian stew made with cabbage, chorizo, blood sausage, pork ribs, chickpeas, potatoes, and other vegetables, flavored with paprika, garlic, and bay leaves, cooked until all ingredients are tender.',3,2,'dinner','Andalusian'),(130,55,40,'Cazón en Adobo',0,'Andalusian dish of marinated fried dogfish (cazón) coated in a seasoned flour batter, deep-fried until golden and crispy, often served with lemon wedges and aioli.',5,73,'appetizer','Andalusian'),(131,35,20,'Revuelto de Espárragos',0,'Andalusian scrambled eggs cooked with wild asparagus, garlic, olive oil, and sometimes ham or chorizo, seasoned with salt and pepper and served hot.',2,71,'breakfast','Andalusian'),(132,40,25,'Salmorejo Cordobés',0,'Creamy Andalusian cold soup similar to gazpacho but thicker, made with tomatoes, bread, garlic, olive oil, and vinegar, topped with chopped hard-boiled eggs and jamón (cured ham).',4,4,'appetizer','Andalusian'),(133,45,30,'Asado',0,'Traditional Argentine barbecue featuring a variety of meats such as beef ribs, chorizo sausages, and morcilla (blood sausage), cooked over an open flame or hot coals, served with chimichurri sauce and grilled vegetables.',1,73,'dinner','Argentine'),(134,50,35,'Empanadas',1,'Argentine savory pastries filled with a variety of ingredients such as ground beef, chicken, ham and cheese, or vegetables, folded into a half-moon shape, crimped, and baked or fried until golden.',3,31,'snack','Argentine'),(135,55,40,'Milanesa',0,'Argentine dish consisting of thinly sliced beef or chicken cutlets coated in breadcrumbs, fried until golden and crispy, and served with mashed potatoes or salad, often topped with a squeeze of lemon.',5,73,'dinner','Argentine'),(136,35,20,'Locro',0,'Argentine stew made with corn, white beans, squash, potatoes, onions, and meat such as beef or pork, flavored with smoked paprika and cumin, and cooked until thick and hearty, often served with a sprinkle of chopped scallions.',2,46,'dinner','Argentine'),(137,40,25,'Choripán',0,'Classic Argentine street food sandwich made with grilled chorizo sausages served on crusty bread, topped with chimichurri sauce, salsa criolla (tomato and onion relish), and sometimes mayonnaise.',4,73,'snack','Argentine'),(138,50,35,'Matambre',0,'Argentine dish made with thinly sliced beef flank steak marinated in a mixture of garlic, parsley, olive oil, and vinegar, rolled around vegetables, hard-boiled eggs, and herbs, then grilled or baked until tender.',1,73,'dinner','Argentine'),(139,55,40,'Provoleta',0,'Argentine appetizer made with provolone cheese seasoned with oregano, chili flakes, and olive oil, grilled until melted and bubbly, and served hot with crusty bread for dipping.',3,42,'appetizer','Argentine'),(140,35,20,'Tarta de Jamón y Queso',1,'Argentine ham and cheese tart made with a flaky pastry crust filled with layers of ham, cheese, and sometimes vegetables, baked until golden and served warm or at room temperature.',5,42,'snack','Argentine'),(141,40,25,'Parrillada de Mariscos',0,'Argentine seafood platter featuring an assortment of grilled seafood such as shrimp, calamari, octopus, and fish, seasoned with garlic, lemon juice, and olive oil, served with grilled vegetables and chimichurri sauce.',2,97,'dinner','Argentine'),(142,45,30,'Biryani',0,'A flavorful Bangladeshi rice dish made with long-grain basmati rice, marinated meat (such as chicken, beef, or mutton), aromatic spices, and fried onions, cooked in layers and served with raita and salad.',4,31,'dinner','Bangladeshi'),(143,50,35,'Hilsha Curry',0,'A traditional Bangladeshi fish curry made with fresh hilsha fish marinated in turmeric and spices, cooked in a rich gravy of onions, tomatoes, garlic, ginger, and mustard oil, served with steamed rice.',1,93,'dinner','Bangladeshi'),(144,55,40,'Panta Bhat',0,'A traditional Bangladeshi dish made with fermented rice soaked overnight in water, served with fried fish, pickles, and green chili peppers, typically eaten during the Bengali New Year or hot summer days.',3,31,'breakfast','Bangladeshi'),(145,35,20,'Fuchka',0,'A popular Bangladeshi street food snack made with small crispy shells filled with spicy mashed potatoes, chickpeas, tamarind chutney, and tangy flavored water, bursting with flavors.',5,47,'snack','Bangladeshi'),(146,40,25,'Shingara',1,'A savory Bangladeshi pastry filled with spiced minced meat (usually beef or chicken), potatoes, onions, and peas, folded into a triangular shape, deep-fried until golden brown and crispy.',2,73,'snack','Bangladeshi'),(147,45,30,'Chingri Malai Curry',0,'A classic Bangladeshi prawn curry made with jumbo tiger prawns cooked in a creamy coconut milk sauce with onions, garlic, ginger, green chilies, and aromatic spices, garnished with fresh coriander leaves.',4,97,'dinner','Bangladeshi'),(148,50,35,'Bhuna Khichuri',0,'A comforting Bangladeshi dish made with rice, lentils, and assorted vegetables, cooked with aromatic spices and ghee until thick and creamy, often served with fried eggplant slices and spicy pickles.',1,31,'dinner','Bangladeshi'),(149,55,40,'Pitha',1,'Traditional Bangladeshi rice cakes made from rice flour, coconut, molasses, and jaggery, cooked in various shapes and sizes, often prepared during festivals like Pohela Boishakh (Bengali New Year).',3,19,'dessert','Bangladeshi'),(150,35,20,'Kacchi Biryani',0,'An elaborate Bangladeshi rice dish made with marinated meat (usually mutton) and partially cooked rice layered together with saffron, caramelized onions, and aromatic spices, sealed with dough and slow-cooked until tender.',5,31,'dinner','Bangladeshi'),(151,45,30,'Feijoada',0,'A traditional Brazilian stew made with black beans, pork (such as bacon, sausage, and pork ribs), and beef, cooked with onions, garlic, and spices until thick and flavorful, served with rice, collard greens, and orange slices.',2,47,'dinner','Brazilian'),(152,50,35,'Pão de Queijo',1,'Brazilian cheese bread made with tapioca flour, eggs, milk, and cheese (usually Parmesan or Minas cheese), rolled into balls and baked until golden and crispy on the outside, soft and chewy on the inside.',4,33,'snack','Brazilian'),(153,55,40,'Moqueca',0,'A Brazilian fish stew made with firm white fish (such as snapper or cod), cooked in coconut milk with onions, tomatoes, bell peppers, garlic, and cilantro, seasoned with lime juice and palm oil, served with rice.',1,93,'dinner','Brazilian'),(154,35,20,'Coxinha',1,'Brazilian chicken croquettes made with shredded chicken, onions, and herbs, formed into teardrop shapes, coated in breadcrumbs, deep-fried until crispy, and served as a popular street food snack.',3,64,'snack','Brazilian'),(155,45,30,'Bobó de Camarão',0,'A Brazilian shrimp stew made with shrimp cooked in a creamy sauce made from coconut milk, onions, tomatoes, garlic, and palm oil, flavored with malagueta peppers, cilantro, and lime juice, served with rice.',5,97,'dinner','Brazilian'),(156,50,35,'Brigadeiro',1,'Brazilian chocolate truffles made with condensed milk, cocoa powder, butter, and chocolate sprinkles, rolled into small balls and coated with more chocolate sprinkles, served as a popular dessert at parties and celebrations.',2,34,'dessert','Brazilian'),(157,35,20,'Tapioca',1,'Brazilian crepes made with tapioca flour, filled with sweet or savory fillings such as cheese, coconut, chocolate, or ham and cheese, folded over and cooked on a griddle until crispy and golden.',4,230,'snack','Brazilian'),(158,40,25,'Vatapá',0,'A traditional Brazilian dish from Bahia made with bread, shrimp, coconut milk, peanuts, and palm oil, seasoned with onions, garlic, ginger, and spices, blended into a creamy sauce and served with rice or as a filling for acarajé (fried bean cakes).',1,36,'dinner','Brazilian'),(159,45,30,'Mohinga',0,'A traditional Burmese fish noodle soup made with thin rice noodles, catfish broth, lemongrass, ginger, garlic, onions, and fish sauce, garnished with fried chickpea fritters, boiled eggs, and cilantro.',3,31,'breakfast','Burmese'),(160,50,35,'Laphet Thohk',0,'Burmese fermented tea leaf salad made with pickled tea leaves, roasted peanuts, sesame seeds, fried garlic, tomatoes, cabbage, and dried shrimp, mixed together with lime juice, fish sauce, and chili, served as a popular appetizer or snack.',5,104,'appetizer','Burmese'),(161,55,40,'Burmese Curry',0,'A fragrant Burmese curry made with tender meat (such as chicken, beef, or lamb), potatoes, onions, tomatoes, and a blend of spices including turmeric, cumin, coriander, and chili, served with rice or flatbread.',2,73,'dinner','Burmese'),(162,35,20,'Shan Noodles',0,'Burmese rice noodles served with a savory broth made from chicken or pork, topped with sliced meat, roasted peanuts, fried garlic, and scallions, garnished with a squeeze of lime and fresh cilantro.',4,31,'lunch','Burmese'),(163,40,25,'Onnokauswe',0,'Burmese coconut chicken noodle soup made with egg noodles, chicken cooked in a coconut milk broth flavored with onions, garlic, ginger, turmeric, and fish sauce, garnished with crispy noodles, boiled eggs, and cilantro.',1,64,'dinner','Burmese'),(164,50,35,'Khao Swe',0,'Burmese coconut chicken noodle soup made with wheat noodles, chicken cooked in a coconut milk broth flavored with onions, garlic, ginger, turmeric, and fish sauce, garnished with crispy noodles, boiled eggs, and cilantro.',3,31,'dinner','Burmese'),(165,55,40,'Kauk Hnyin Kyaw',1,'Burmese fried chickpea tofu fritters made with chickpea flour batter mixed with onions, garlic, turmeric, and spices, deep-fried until golden and crispy, served as a crunchy snack or appetizer.',5,47,'snack','Burmese'),(166,35,20,'Mandalay Mee Shay',0,'Burmese noodle dish consisting of thin rice noodles served in a rich pork broth, topped with slices of pork, crispy pork rinds, chopped cilantro, green onions, and a squeeze of lime.',2,31,'lunch','Burmese'),(167,40,25,'Htamin Jin',0,'Burmese fermented tea leaf salad made with pickled tea leaves, roasted peanuts, sesame seeds, fried garlic, tomatoes, cabbage, and dried shrimp, mixed together with lime juice, fish sauce, and chili, served as a popular appetizer or snack.',4,104,'appetizer','Burmese'),(168,45,30,'Pastel de Choclo',0,'A traditional Chilean dish similar to shepherd\'s pie, made with a layer of seasoned ground beef or chicken topped with a sweet corn mixture (choclo), baked until golden and crispy on top.',1,73,'dinner','Chilean'),(169,50,35,'Cazuela',0,'A hearty Chilean stew made with beef or chicken, potatoes, pumpkin, corn on the cob, green beans, carrots, and rice, simmered together in a flavorful broth seasoned with onions, garlic, and spices.',3,73,'lunch','Chilean'),(170,55,40,'Empanadas de Pino',1,'Chilean savory turnovers filled with a mixture of seasoned ground beef, onions, hard-boiled eggs, olives, and raisins, encased in a flaky pastry crust, baked until golden brown and served hot.',5,73,'snack','Chilean'),(171,35,20,'Chilean Sea Bass with Pebre',0,'Chilean sea bass fillets seasoned with salt, pepper, and lemon juice, grilled or pan-seared until crispy on the outside and tender on the inside, served with pebre, a traditional Chilean salsa made with tomatoes, onions, cilantro, and chili peppers.',2,89,'dinner','Chilean'),(172,40,25,'Charquicán',0,'A comforting Chilean stew made with dried beef (charqui), potatoes, pumpkin, carrots, corn, peas, and onions, cooked together until tender and flavorful, often served with rice or bread.',4,73,'lunch','Chilean'),(173,45,30,'Porotos Granados',0,'A traditional Chilean dish made with fresh cranberry beans (porotos granados), corn, pumpkin, onions, garlic, and basil, simmered together in a flavorful broth until the beans are tender, often served with rice or cornbread.',1,47,'dinner','Chilean'),(174,50,35,'Chilean Caldillo de Congrio',0,'A classic Chilean fish stew made with conger eel (congrio) cooked in a rich broth made from onions, tomatoes, garlic, carrots, potatoes, white wine, and cilantro, seasoned with paprika and cumin, served with rice or bread.',3,93,'dinner','Chilean'),(175,55,40,'Chilean Pastel de Jaiba',0,'A Chilean seafood pie made with crab meat cooked in a creamy sauce with onions, garlic, tomatoes, bell peppers, and cheese, baked until golden and bubbly, served hot with lemon wedges and a side salad.',5,299,'dinner','Chilean'),(176,35,20,'Chorrillana',0,'A popular Chilean dish made with French fries topped with thinly sliced beef or pork, sautéed onions, fried eggs, and sometimes sausage, served on a large platter and shared among friends, often enjoyed as a late-night snack.',2,73,'dinner','Chilean'),(177,30,20,'Kung Pao Chicken',0,'A spicy, stir-fried Chinese dish made with chicken, peanuts, vegetables, and chili peppers.',4,64,'dinner','Chinese'),(178,45,15,'Mapo Tofu',0,'A popular Sichuan dish consisting of tofu set in a spicy sauce, typically made from minced pork, fermented black beans, and chili paste.',1,157,'dinner','Chinese'),(179,40,25,'Sweet and Sour Pork',0,'A classic Chinese dish featuring crispy pork pieces tossed in a tangy sweet and sour sauce with bell peppers, onions, and pineapple.',3,74,'dinner','Chinese'),(180,35,30,'Peking Duck',0,'A famous Chinese dish consisting of roasted duck served with thin pancakes, scallions, cucumber, and hoisin sauce.',5,187,'dinner','Chinese'),(181,25,20,'Hot and Sour Soup',0,'A flavorful soup made with mushrooms, bamboo shoots, tofu, eggs, and a combination of hot and sour flavors.',2,100,'lunch','Chinese'),(182,50,15,'Egg Fried Rice',0,'A simple yet delicious Chinese dish made by stir-frying cooked rice with scrambled eggs, vegetables, and soy sauce.',4,71,'dinner','Chinese'),(183,35,25,'Beef with Broccoli',0,'A classic Chinese stir-fry dish featuring tender beef slices, broccoli florets, and a savory brown sauce.',1,73,'dinner','Chinese'),(184,30,20,'Spring Rolls',1,'Crispy fried rolls filled with vegetables, sometimes with added meat or shrimp, commonly served with a dipping sauce.',3,4,'appetizer','Chinese'),(185,45,30,'Szechuan Shrimp',0,'Spicy and flavorful shrimp stir-fried with garlic, ginger, Szechuan peppercorns, and chili peppers.',5,97,'dinner','Chinese'),(186,40,35,'Chow Mein',0,'A Chinese stir-fried noodle dish made with vegetables, meat (such as chicken, beef, or pork), and sometimes shrimp.',2,36,'dinner','Chinese'),(187,30,15,'Steamed Dumplings',1,'Delicate dumplings filled with minced meat and vegetables, steamed to perfection and served with a dipping sauce.',4,193,'appetizer','Chinese'),(188,40,25,'Ma Po Eggplant',0,'A spicy Sichuan dish featuring eggplant cooked in a flavorful sauce made with garlic, ginger, doubanjiang, and ground pork.',1,4,'dinner','Chinese'),(189,55,30,'General Tso\'s Chicken',0,'Crispy chicken pieces coated in a sweet and tangy sauce made with soy sauce, hoisin sauce, garlic, and chili peppers.',3,64,'dinner','Chinese'),(190,45,20,'Shrimp Lo Mein',0,'Chinese-style stir-fried noodles with shrimp, vegetables, and a savory sauce made from soy sauce, oyster sauce, and sesame oil.',5,97,'dinner','Chinese'),(191,35,25,'Mongolian Beef',0,'Tender beef slices stir-fried with green onions, garlic, and ginger in a savory-sweet sauce made with soy sauce and hoisin sauce.',2,73,'dinner','Chinese'),(192,50,35,'Dim Sum',1,'A variety of bite-sized Chinese dishes served in small steamer baskets or on small plates, often including dumplings, buns, and rolls.',4,4,'brunch','Chinese'),(193,60,40,'Fish Fragrant Eggplant',0,'A classic Sichuan dish featuring eggplant cooked in a flavorful sauce made with garlic, ginger, doubanjiang, and black vinegar.',1,4,'dinner','Chinese'),(194,30,20,'Dan Dan Noodles',0,'Spicy and savory noodles served with minced pork, Sichuan peppercorns, chili oil, and green onions, originating from Sichuan cuisine.',3,31,'dinner','Chinese'),(195,40,30,'Sesame Chicken',0,'Crispy chicken pieces coated in a sweet and savory sauce made with soy sauce, honey, garlic, and sesame seeds.',5,64,'dinner','Chinese'),(196,45,25,'Honey Walnut Shrimp',0,'Crispy shrimp tossed in a creamy honey sauce and topped with candied walnuts, a popular dish in Chinese-American cuisine.',2,97,'dinner','Chinese'),(197,35,20,'Ceviche de Camarón',0,'A traditional Ecuadorian ceviche made with shrimp marinated in lime juice, onions, tomatoes, cilantro, and orange juice.',4,97,'appetizer','Ecuadorian'),(198,45,30,'Seco de Pollo',0,'A hearty Ecuadorian chicken stew cooked with beer, cilantro, tomatoes, onions, and spices, typically served with rice and avocado slices.',1,64,'dinner','Ecuadorian'),(199,50,40,'Fanesca',0,'A traditional Ecuadorian soup made with dried salted fish, various beans, squash, corn, and grains, typically served during Easter.',3,36,'lunch','Ecuadorian'),(200,40,25,'Encebollado de Pescado',0,'A popular Ecuadorian fish soup made with albacore tuna, yuca, onions, tomatoes, cilantro, and served with lime-marinated onions on top.',5,90,'lunch','Ecuadorian'),(201,30,20,'Llapingachos',0,'Ecuadorian potato patties made with mashed potatoes, cheese, and achiote, typically served with peanut sauce, fried eggs, and avocado slices.',2,27,'breakfast','Ecuadorian'),(202,55,35,'Hornado',0,'A traditional Ecuadorian dish featuring roasted pork marinated in beer, garlic, and spices, served with llapingachos, mote, and salad.',4,74,'dinner','Ecuadorian'),(203,45,30,'Arroz con Pollo',0,'A classic Ecuadorian dish of chicken and rice cooked with vegetables, beer, cilantro, and spices, often served with fried plantains.',1,64,'dinner','Ecuadorian'),(204,60,40,'Ecuadorian Empanadas',1,'Savory turnovers filled with a mixture of meat, cheese, or vegetables, typically fried until golden brown and crispy.',3,4,'appetizer','Ecuadorian'),(205,40,25,'Bolon de Verde',0,'A traditional Ecuadorian dish made from mashed green plantains mixed with cheese and shaped into balls, often stuffed with pork or cheese.',5,27,'appetizer','Ecuadorian'),(206,35,20,'Encocado de Camarones',0,'A flavorful Ecuadorian shrimp stew cooked in coconut milk with onions, peppers, tomatoes, cilantro, and served with rice or plantains.',2,97,'dinner','Ecuadorian'),(207,60,30,'Doro Wat',0,'A spicy Ethiopian chicken stew made with chicken drumsticks, berbere spice blend, onions, garlic, and ginger, typically served with injera.',4,71,'dinner','Ethiopian'),(208,50,20,'Kitfo',0,'A traditional Ethiopian dish consisting of minced raw beef seasoned with spices and served with injera and often accompanied by ayib (Ethiopian cottage cheese).',1,73,'dinner','Ethiopian'),(209,40,30,'Tibs',0,'A flavorful Ethiopian dish featuring sautéed meat (such as beef, lamb, or goat) with onions, garlic, tomatoes, and Ethiopian spices, often served with injera.',3,73,'dinner','Ethiopian'),(210,35,25,'Shiro',0,'A thick stew made from powdered chickpeas (or lentils) simmered with onions, garlic, tomatoes, and berbere spice, commonly served with injera.',5,45,'dinner','Ethiopian'),(211,55,35,'Ethiopian Lentil Stew (Misir Wot)',0,'A spicy and flavorful Ethiopian stew made from red lentils cooked with berbere spice blend, onions, garlic, and tomatoes.',2,45,'dinner','Ethiopian'),(212,60,40,'Key Wat',0,'A rich and spicy Ethiopian beef stew simmered with berbere spice blend, onions, garlic, ginger, and kibe (Ethiopian clarified butter).',4,73,'dinner','Ethiopian'),(213,45,30,'Teff Pancakes (Injera Firfir)',0,'A traditional Ethiopian dish made by soaking torn pieces of injera in a spicy tomato sauce and often topped with scrambled eggs.',1,27,'brunch','Ethiopian'),(214,40,25,'Atkilt Wat',0,'A flavorful Ethiopian vegetable stew made with cabbage, carrots, potatoes, onions, garlic, and ginger, simmered in a spicy berbere-infused broth.',3,1,'dinner','Ethiopian'),(215,40,30,'Kalakukko',1,'A traditional Finnish fish pie made with fish, pork, and a rye crust, typically baked in the oven.',5,90,'dinner','Finnish'),(216,35,25,'Karjalanpiirakka',1,'Finnish pastries filled with rice porridge or mashed potatoes, often served with egg butter.',2,27,'breakfast','Finnish'),(217,45,30,'Lohikeitto',0,'Creamy Finnish salmon soup made with salmon, potatoes, leeks, carrots, and cream, flavored with dill.',4,187,'dinner','Finnish'),(218,50,35,'Mustikkapiirakka',1,'Finnish blueberry pie made with a buttery crust and filled with fresh blueberries, often served with vanilla sauce.',1,119,'dessert','Finnish'),(219,30,20,'Hernekeitto',0,'Traditional Finnish pea soup made with yellow peas, ham hock or pork, carrots, onions, and herbs, often served with mustard.',3,12,'lunch','Finnish'),(220,40,25,'Poronkäristys',0,'A traditional Finnish dish made with thinly sliced reindeer meat sautéed with butter, served with mashed potatoes and lingonberry sauce.',5,303,'dinner','Finnish'),(221,55,40,'Maksalaatikko',0,'Finnish liver casserole made with minced liver, rice, onions, and spices, baked in the oven until golden brown.',2,225,'dinner','Finnish'),(222,45,30,'Ruisleipä',0,'Traditional Finnish rye bread made with sourdough starter and dark rye flour, dense and flavorful, often served with butter and cheese.',4,27,'breakfast','Finnish'),(223,60,45,'Kaalilaatikko',0,'Finnish cabbage casserole made with minced meat, rice, cabbage, and spices, baked until golden brown and served with lingonberry sauce.',1,2,'dinner','Finnish'),(224,35,25,'Lanttulaatikko',0,'Finnish rutabaga casserole made with mashed rutabaga, rice, syrup, and spices, baked until golden brown and served as a side dish.',3,215,'dinner','Finnish'),(225,40,20,'Moussaka',0,'A traditional Greek dish made with layers of eggplant, minced meat (usually lamb), tomatoes, and béchamel sauce.',5,14,'dinner','Greek'),(226,30,15,'Tzatziki',0,'A creamy Greek sauce made with strained yogurt, cucumber, garlic, olive oil, and fresh herbs, often served as a dip or condiment.',2,41,'appetizer','Greek'),(227,25,10,'Greek Salad',0,'A refreshing salad made with tomatoes, cucumbers, onions, olives, and feta cheese, dressed with olive oil and oregano.',4,1,'lunch','Greek'),(228,35,25,'Spanakopita',1,'A savory Greek pastry filled with spinach, feta cheese, onions, eggs, and herbs, wrapped in layers of phyllo dough.',1,4,'brunch','Greek'),(229,50,30,'Souvlaki',0,'Grilled skewers of marinated meat (usually pork, chicken, or lamb), often served with pita bread, tzatziki, and salad.',3,73,'dinner','Greek'),(230,45,20,'Dolma',0,'Grape leaves stuffed with a mixture of rice, pine nuts, herbs, and sometimes ground meat, typically served as an appetizer or side dish.',5,31,'appetizer','Greek'),(231,30,20,'Fasolada',0,'A hearty Greek bean soup made with white beans, tomatoes, onions, carrots, celery, and olive oil, often considered the national dish of Greece.',2,47,'lunch','Greek'),(232,55,40,'Pastitsio',0,'A baked Greek pasta dish consisting of layers of macaroni, minced meat (often beef or lamb), tomato sauce, and béchamel sauce.',4,36,'dinner','Greek'),(233,40,25,'Gemista',0,'Stuffed vegetables (such as tomatoes, bell peppers, or zucchini) filled with a mixture of rice, herbs, and sometimes ground meat, baked until tender.',1,4,'dinner','Greek'),(234,35,15,'Horiatiki',0,'A traditional Greek salad made with tomatoes, cucumbers, onions, green bell peppers, Kalamata olives, feta cheese, and oregano, dressed with olive oil and vinegar.',3,1,'lunch','Greek'),(235,40,30,'Goulash',0,'A hearty Hungarian stew made with tender beef, onions, bell peppers, potatoes, and flavored with paprika and caraway seeds.',5,73,'dinner','Hungarian'),(236,35,20,'Chicken Paprikash',0,'A classic Hungarian dish featuring tender chicken cooked in a creamy paprika-infused sauce, often served with dumplings or noodles.',2,64,'dinner','Hungarian'),(237,45,30,'Lángos',1,'Deep-fried flatbread made of dough topped with sour cream and grated cheese, often served as a popular street food in Hungary.',4,33,'snack','Hungarian'),(238,50,35,'Dobos Torte',1,'A famous Hungarian layer cake consisting of sponge cake layers filled with chocolate buttercream and topped with caramel.',1,42,'dessert','Hungarian'),(239,60,40,'Fisherman\'s Soup (Halászlé)',0,'A spicy Hungarian fish soup made with various freshwater fish, paprika, tomatoes, and hot peppers.',3,97,'dinner','Hungarian'),(240,30,25,'Túrós Csusza',0,'A Hungarian pasta dish made with egg noodles, cottage cheese (túró), sour cream, and crispy bacon or fried onions.',5,152,'dinner','Hungarian'),(241,55,45,'Somlói Galuska',0,'A decadent Hungarian dessert consisting of sponge cake cubes layered with chocolate sauce, rum-soaked raisins, and whipped cream.',2,37,'dessert','Hungarian'),(242,40,30,'Lecso',0,'A Hungarian vegetable stew made with tomatoes, bell peppers, onions, and paprika, often served with sausage or eggs.',4,4,'dinner','Hungarian'),(243,35,20,'Rakott Krumpli',0,'A Hungarian potato casserole made with layers of sliced potatoes, hard-boiled eggs, sour cream, sausage, and cheese.',1,13,'dinner','Hungarian'),(244,45,35,'Palacsinta',1,'Thin Hungarian pancakes filled with sweet or savory fillings such as jam, chocolate, cottage cheese, or ground walnuts.',3,34,'dessert','Hungarian'),(245,40,20,'Plokkfiskur',0,'A traditional Icelandic fish stew made with white fish, potatoes, onions, and béchamel sauce, typically served with rye bread.',5,93,'dinner','Icelandic'),(246,45,30,'Icelandic Lamb Soup (Kjötsúpa)',0,'A hearty soup made with Icelandic lamb, root vegetables, barley, and herbs, often served with dark rye bread and butter.',2,75,'lunch','Icelandic'),(247,50,40,'Hangikjöt',0,'Smoked lamb served hot or cold, often accompanied by boiled potatoes, white sauce, peas, and pickled red cabbage, a traditional Icelandic dish.',4,75,'dinner','Icelandic'),(248,35,25,'Skyr',0,'A traditional Icelandic dairy product, similar to yogurt but with a milder flavor and thicker consistency, often served with berries and honey.',1,41,'breakfast','Icelandic'),(249,30,15,'Kleinur',1,'Deep-fried twisted pastries made with yeast dough, flavored with cardamom and lemon zest, a popular Icelandic treat often enjoyed with coffee.',3,27,'snack','Icelandic'),(250,60,45,'Sviðasulta',0,'Head cheese made from boiled sheep\'s head, flavored with herbs and spices, and set in a gelatinous broth, a traditional Icelandic delicacy.',5,75,'appetizer','Icelandic'),(251,50,35,'Icelandic Fish and Chips',0,'Fresh Icelandic fish (such as cod or haddock) coated in a crispy batter and served with thick-cut potato fries, a local take on the classic British dish.',2,88,'dinner','Icelandic'),(252,55,40,'Laufabrauð',1,'Traditional Icelandic Christmas bread, also known as \"leaf bread,\" made from thin dough sheets cut into intricate patterns, deep-fried until crisp and golden brown.',4,27,'dessert','Icelandic'),(253,40,30,'Flatkaka',0,'Traditional Icelandic unleavened flatbread made from a mixture of rye and wheat flour, cooked on a hot griddle or stone, often served with butter or smoked fish.',1,27,'snack','Icelandic'),(254,45,20,'Icelandic Hot Dog (Pylsur)',0,'A popular Icelandic street food made with a grilled lamb or pork sausage topped with ketchup, sweet mustard, fried onions, and remoulade sauce.',3,74,'snack','Icelandic'),(255,45,20,'Butter Chicken',0,'A rich and creamy Indian dish featuring marinated chicken cooked in a tomato-based sauce with butter, cream, and various spices.',5,64,'dinner','Indian'),(256,50,30,'Chicken Tikka Masala',0,'Tender chicken pieces marinated in yogurt and spices, then grilled and simmered in a creamy tomato-based sauce.',2,64,'dinner','Indian'),(257,40,25,'Palak Paneer',0,'A popular North Indian dish made with paneer (Indian cottage cheese) cooked in a creamy spinach sauce flavored with garlic, ginger, and spices.',4,42,'dinner','Indian'),(258,60,40,'Rogan Josh',0,'A flavorful Kashmiri curry made with tender chunks of lamb cooked in a rich gravy flavored with yogurt, garlic, ginger, and aromatic spices.',1,75,'dinner','Indian'),(259,55,35,'Biryani',0,'A fragrant rice dish cooked with marinated meat (such as chicken, lamb, or goat), spices, and saffron, layered together for a flavorful meal.',3,31,'dinner','Indian'),(260,40,30,'Chana Masala',0,'A hearty and spicy Indian dish made with chickpeas cooked in a tomato-based sauce with onions, garlic, ginger, and aromatic spices.',5,47,'dinner','Indian'),(261,35,20,'Dal Tadka',0,'A comforting Indian lentil dish made with yellow lentils (dal) tempered with ghee, cumin seeds, garlic, and spices.',2,45,'dinner','Indian'),(262,30,15,'Aloo Gobi',0,'A classic North Indian dish made with potatoes (aloo) and cauliflower (gobi) cooked with onions, tomatoes, and a blend of spices.',4,3,'dinner','Indian'),(263,45,25,'Samosa',1,'Triangular pastry filled with spiced potatoes, peas, and sometimes meat, deep-fried until golden brown, commonly served as a snack or appetizer.',1,4,'snack','Indian'),(264,60,40,'Paneer Tikka',0,'Cubes of paneer (Indian cottage cheese) marinated in yogurt and spices, skewered and grilled until golden brown, often served with mint chutney.',3,42,'appetizer','Indian'),(265,45,30,'Ghormeh Sabzi',0,'A fragrant Iranian stew made with sautéed herbs (including parsley, cilantro, and fenugreek), kidney beans, and lamb or beef, seasoned with dried lime and spices.',5,73,'dinner','Iranian'),(266,60,45,'Fesenjan',0,'A rich Iranian dish made with chicken or duck cooked in a sauce made from ground walnuts and pomegranate molasses, typically served with rice.',2,90,'dinner','Iranian'),(267,40,25,'Zereshk Polo',0,'A flavorful Iranian rice dish made with basmati rice, barberries (zereshk), and saffron, often served with chicken.',4,31,'dinner','Iranian'),(268,35,20,'Tahchin',0,'A savory Iranian rice cake made with layers of saffron rice and marinated chicken or lamb, often flavored with yogurt, eggs, and spices.',1,31,'dinner','Iranian'),(269,50,35,'Khoresh-e Bademjan',0,'A Persian eggplant stew made with sautéed eggplants, tomatoes, yellow split peas, and chunks of lamb or beef, seasoned with turmeric and dried lime.',3,4,'dinner','Iranian'),(270,30,15,'Mirza Ghasemi',0,'A smoky and flavorful Iranian appetizer made with grilled eggplant, tomatoes, garlic, and eggs, typically served with bread.',5,4,'appetizer','Iranian'),(271,45,30,'Ash Reshteh',0,'A hearty Iranian soup made with beans, lentils, herbs, and noodles, typically served with kashk (fermented whey) and fried onions on top.',2,39,'lunch','Iranian'),(272,55,40,'Baghali Polo',0,'A fragrant Iranian rice dish made with basmati rice, dill, and fava beans (baghali), often served with lamb or chicken.',4,31,'dinner','Iranian'),(273,35,25,'Joojeh Kabab',0,'Iranian grilled chicken marinated in a mixture of yogurt, lemon juice, saffron, and spices, typically served with rice and grilled tomatoes.',1,71,'dinner','Iranian'),(274,60,45,'Ghormeh Karahi',0,'A traditional Iranian dish made with sautéed meat (often lamb or beef), onions, tomatoes, and spices, cooked slowly until tender and flavorful.',3,73,'dinner','Iranian'),(275,40,20,'Irish Stew',0,'A traditional Irish dish made with lamb or beef, potatoes, onions, carrots, and sometimes other vegetables, cooked in broth or Guinness beer.',5,75,'dinner','Irish'),(276,35,25,'Colcannon',0,'A classic Irish dish made with mashed potatoes, cabbage or kale, butter, and sometimes scallions or leeks.',2,27,'dinner','Irish'),(277,45,30,'Boxty',0,'Traditional Irish potato pancakes made with grated potatoes, flour, baking powder, and buttermilk, fried until crispy and golden brown.',4,27,'breakfast','Irish'),(278,50,35,'Irish Soda Bread',1,'A traditional Irish bread made with flour, baking soda, salt, and buttermilk, resulting in a dense yet tender loaf with a crusty exterior.',1,27,'brunch','Irish'),(279,30,20,'Dublin Coddle',0,'A hearty Irish dish made with sausages, bacon, onions, and potatoes, simmered together in broth or Guinness beer until tender and flavorful.',3,73,'dinner','Irish'),(280,45,25,'Irish Apple Cake',1,'A traditional Irish dessert made with tart apples, flour, sugar, eggs, and butter, baked until golden brown and served with custard or whipped cream.',5,16,'dessert','Irish'),(281,35,15,'Irish Breakfast',0,'A hearty breakfast spread featuring bacon, sausages, black and white pudding, eggs, mushrooms, tomatoes, and toast, often accompanied by tea or coffee.',2,73,'breakfast','Irish'),(282,40,20,'Irish Potato Soup',0,'A comforting soup made with potatoes, onions, leeks, celery, and sometimes carrots, cooked until creamy and seasoned with salt, pepper, and herbs.',4,1,'lunch','Irish'),(283,55,30,'Irish Beef and Guinness Pie',1,'A rich and hearty pie filled with tender beef, onions, carrots, and mushrooms, cooked in a savory Guinness gravy and topped with flaky pastry.',1,73,'dinner','Irish'),(284,30,15,'Irish Tea Brack',1,'A traditional Irish tea bread made with dried fruits (such as raisins or currants), sugar, tea, and spices, soaked overnight before being baked until moist and flavorful.',3,21,'snack','Irish'),(285,40,30,'Falafel',0,'Crispy fried balls made from ground chickpeas (or fava beans), herbs, and spices, typically served in a pita with tahini sauce and salad.',5,47,'lunch','Israeli'),(286,35,20,'Shakshuka',0,'A popular breakfast dish made with poached eggs in a spicy tomato and pepper sauce, often flavored with onions, garlic, and spices.',2,4,'breakfast','Israeli'),(287,45,25,'Hummus',0,'A creamy dip or spread made from cooked, mashed chickpeas blended with tahini, lemon juice, garlic, and olive oil.',4,47,'snack','Israeli'),(288,50,30,'Sabich',0,'A popular Israeli sandwich made with pita bread stuffed with fried eggplant slices, hard-boiled eggs, hummus, tahini, Israeli salad, and pickles.',1,4,'lunch','Israeli'),(289,60,40,'Schnitzel',0,'Breaded and fried chicken cutlets, typically served with lemon wedges and accompanied by mashed potatoes, rice, or Israeli salad.',3,64,'dinner','Israeli'),(290,40,25,'Baba Ganoush',0,'A smoky dip made from roasted eggplant, tahini, garlic, lemon juice, and olive oil, often served as an appetizer with pita bread.',5,4,'appetizer','Israeli'),(291,35,20,'Labneh',0,'A strained yogurt cheese popular in Middle Eastern cuisine, often served as a spread or dip with olive oil, herbs, and spices.',2,41,'snack','Israeli'),(292,40,30,'Spaghetti Carbonara',0,'A classic Italian pasta dish made with spaghetti, eggs, pancetta, Parmesan cheese, and black pepper.',4,31,'dinner','Italian'),(293,45,20,'Margherita Pizza',0,'A traditional Italian pizza topped with tomato sauce, fresh mozzarella cheese, basil leaves, and olive oil.',1,33,'dinner','Italian'),(294,35,25,'Risotto alla Milanese',0,'Creamy Italian rice dish made with Arborio rice, saffron, onions, white wine, and Parmesan cheese.',3,31,'dinner','Italian'),(295,50,35,'Lasagna',0,'Classic Italian pasta dish made with layers of lasagna sheets, Bolognese sauce, béchamel sauce, and cheese.',5,36,'dinner','Italian'),(296,55,30,'Chicken Parmesan',0,'Breaded and fried chicken breasts topped with marinara sauce and melted mozzarella cheese, served with pasta.',2,64,'dinner','Italian'),(297,30,20,'Caprese Salad',0,'Simple Italian salad made with fresh tomatoes, mozzarella cheese, basil leaves, olive oil, and balsamic glaze.',4,4,'appetizer','Italian'),(298,40,25,'Tiramisu',1,'Classic Italian dessert made with layers of coffee-soaked ladyfingers, mascarpone cheese, cocoa powder, and chocolate shavings.',1,42,'dessert','Italian'),(299,45,30,'Bruschetta',0,'Grilled Italian bread rubbed with garlic and topped with diced tomatoes, fresh basil, olive oil, and balsamic vinegar.',3,33,'appetizer','Italian'),(300,35,20,'Gnocchi alla Sorrentina',0,'Soft Italian potato dumplings served in a tomato sauce with fresh mozzarella cheese and basil leaves.',5,32,'dinner','Italian'),(301,60,40,'Osso Buco',0,'Italian braised veal shanks cooked with vegetables, white wine, broth, and gremolata, served with risotto or polenta.',2,72,'dinner','Italian'),(302,40,20,'Jerk Chicken',0,'A Jamaican dish featuring chicken marinated in a spicy blend of herbs and spices, then grilled or roasted to perfection.',4,64,'dinner','Jamaican'),(303,55,30,'Curried Goat',0,'A traditional Jamaican curry made with goat meat cooked in a flavorful blend of curry spices, onions, garlic, and Scotch bonnet peppers.',1,77,'dinner','Jamaican'),(304,30,15,'Ackee and Saltfish',0,'Jamaica\'s national dish made with salted codfish sautéed with ackee fruit, onions, tomatoes, and spices.',3,93,'breakfast','Jamaican'),(305,50,35,'Oxtail Stew',0,'A hearty Jamaican stew made with tender oxtail pieces slow-cooked with vegetables, herbs, and spices until rich and flavorful.',5,26,'dinner','Jamaican'),(306,45,25,'Escovitch Fish',0,'Fried fish marinated in a spicy vinegar-based sauce with carrots, onions, and Scotch bonnet peppers, a popular dish in Jamaican cuisine.',2,93,'dinner','Jamaican'),(307,35,20,'Callaloo',0,'A traditional Jamaican dish made with leafy greens (often amaranth or taro leaves) cooked with onions, garlic, tomatoes, and sometimes coconut milk.',4,5,'lunch','Jamaican'),(308,60,40,'Jamaican Beef Patties',1,'Flaky pastry filled with seasoned ground beef, onions, and spices, often flavored with Scotch bonnet peppers, a beloved snack in Jamaica.',1,73,'snack','Jamaican'),(309,55,25,'Jamaican Rum Cake',1,'A rich and moist cake made with rum-soaked dried fruits, spices, and sometimes nuts, a popular dessert in Jamaica often enjoyed during holidays.',3,13,'dessert','Jamaican'),(310,60,30,'Tagine with Chicken and Preserved Lemons',0,'A traditional Moroccan dish cooked in a tagine with chicken, preserved lemons, olives, onions, and a blend of spices like cumin, saffron, and ginger.',5,64,'dinner','Moroccan'),(311,45,20,'Couscous with Lamb and Vegetables',0,'A staple Moroccan dish featuring steamed couscous served with tender lamb pieces, carrots, zucchini, chickpeas, and a flavorful broth.',2,71,'dinner','Moroccan'),(312,40,25,'Moroccan Lentil Soup',0,'A hearty and flavorful soup made with lentils, tomatoes, onions, carrots, celery, and a blend of Moroccan spices like cumin, coriander, and paprika.',4,45,'lunch','Moroccan'),(313,50,35,'Mrouzia',0,'A festive Moroccan dish made with lamb, raisins, almonds, honey, and a blend of spices like cinnamon, ginger, and saffron, traditionally served during special occasions.',1,73,'dinner','Moroccan'),(314,35,20,'Harira Soup',0,'A traditional Moroccan soup made with tomatoes, lentils, chickpeas, onions, and celery, flavored with herbs like cilantro and parsley, often served during Ramadan.',3,45,'dinner','Moroccan'),(315,60,40,'Moroccan Lamb Tagine with Apricots',0,'A flavorful tagine dish made with tender lamb, apricots, almonds, onions, and a blend of Moroccan spices like cinnamon, cumin, and ginger.',5,73,'dinner','Moroccan'),(316,45,30,'Kefta Tagine',0,'A classic Moroccan dish featuring seasoned ground beef or lamb shaped into meatballs (kefta) and cooked in a flavorful tomato-based sauce with onions, garlic, and spices.',2,73,'dinner','Moroccan'),(317,50,25,'Moroccan Chickpea Salad',0,'A refreshing salad made with cooked chickpeas, tomatoes, cucumbers, red onions, parsley, and a tangy dressing made with lemon juice, olive oil, and Moroccan spices.',4,47,'lunch','Moroccan'),(318,55,35,'Rfissa',0,'A traditional Moroccan dish made with shredded msemen (Moroccan pancakes), lentils, chicken, and fenugreek, seasoned with Moroccan spices and served with a drizzle of honey.',1,136,'dinner','Moroccan'),(319,60,45,'Moroccan Vegetable Tagine',0,'A vegetarian-friendly tagine dish featuring a variety of seasonal vegetables like carrots, potatoes, zucchini, and bell peppers cooked in a flavorful sauce.',3,3,'dinner','Moroccan'),(320,45,30,'Dal Bhat',0,'A traditional Nepalese meal consisting of steamed rice (bhat) served with lentil soup (dal), vegetables, and often meat or fish.',5,45,'lunch','Nepalese'),(321,60,40,'Momos',1,'Steamed dumplings filled with minced meat or vegetables, typically served with a spicy dipping sauce, a popular snack in Nepal.',2,193,'appetizer','Nepalese'),(322,50,35,'Thukpa',0,'A hearty noodle soup made with vegetables, meat (such as chicken or beef), and aromatic spices, often enjoyed during colder months in Nepal.',4,31,'dinner','Nepalese'),(323,55,30,'Sel Roti',1,'A traditional Nepalese deep-fried rice flour bread, often served during festivals or special occasions, with a crispy exterior and soft interior.',1,27,'snack','Nepalese'),(324,40,20,'Gravlaks',0,'Gravlaks is a traditional Norwegian dish consisting of thinly sliced cured salmon, typically served with mustard sauce, dill, and toast.',3,187,'appetizer','Norwegian'),(325,50,30,'Kjøttkaker',0,'Kjøttkaker are Norwegian meatballs made with a mix of ground meats, such as beef and pork, seasoned with spices, and often served with gravy, potatoes, and lingonberry jam.',5,73,'dinner','Norwegian'),(326,60,40,'Rakfisk',0,'Rakfisk is a traditional Norwegian dish made from fermented freshwater fish, typically trout or char, served with flatbread, sour cream, onions, and potatoes.',2,4,'dinner','Norwegian'),(327,35,25,'Fårikål',0,'Fårikål is a classic Norwegian dish consisting of slow-cooked lamb and cabbage stew, flavored with black peppercorns and often served with boiled potatoes.',4,75,'dinner','Norwegian'),(328,30,15,'Lefse',1,'Lefse is a traditional Norwegian flatbread made from potatoes, flour, butter, and milk, often served with butter and sugar, or with savory fillings like smoked salmon and cream cheese.',1,4,'snack','Norwegian'),(329,45,30,'Mansaf',0,'Mansaf is a traditional Palestinian dish made of lamb cooked in a yogurt-based sauce, served with rice and topped with nuts and parsley.',3,75,'dinner','Palestinian'),(330,60,40,'Musakhan',0,'Musakhan is a popular Palestinian dish consisting of roasted chicken flavored with sumac, onions, and pine nuts, served on taboon bread.',5,71,'dinner','Palestinian'),(331,30,20,'Falafel',0,'Falafel is a deep-fried ball or patty made from ground chickpeas, fava beans, or both. It is a popular street food in Palestine and the Middle East.',2,47,'lunch','Palestinian'),(332,50,35,'Mujadara',0,'Mujadara is a traditional Palestinian dish made with cooked lentils, rice, and caramelized onions. It is often served with yogurt or salad on the side.',4,45,'dinner','Palestinian'),(333,40,25,'Maqluba',0,'Maqluba is a Palestinian one-pot dish made with rice, vegetables, and meat (usually chicken or lamb), cooked in a pot, and then flipped upside down before serving.',1,31,'dinner','Palestinian'),(334,40,30,'Ceviche',0,'A traditional Peruvian dish made with fresh raw fish cured in citrus juices, typically with onions, chili peppers, and cilantro.',3,97,'appetizer','Peruvian'),(335,50,40,'Lomo Saltado',0,'A popular Peruvian stir-fry dish made with marinated strips of beef, onions, tomatoes, and French fries, served with rice.',5,73,'dinner','Peruvian'),(336,35,25,'Aji de Gallina',0,'A creamy Peruvian chicken dish made with shredded chicken in a spicy sauce made from aji amarillo peppers, bread, and cheese.',2,64,'dinner','Peruvian'),(337,60,45,'Papa a la Huancaina',0,'A traditional Peruvian appetizer featuring boiled yellow potatoes served with a spicy cheese sauce made from aji amarillo peppers.',4,3,'appetizer','Peruvian'),(338,45,30,'Anticuchos',0,'Peruvian-style grilled skewers made with marinated beef heart, typically served with boiled potatoes and a spicy sauce.',1,73,'dinner','Peruvian'),(339,40,20,'Adobo',0,'A classic Filipino dish made by marinating meat (often chicken or pork) in soy sauce, vinegar, garlic, bay leaves, and black peppercorns, then simmered until tender.',3,73,'dinner','Philippine'),(340,30,15,'Sinigang',0,'A sour soup or stew characterized by its distinctive sour flavor, typically achieved using tamarind, tomatoes, and various vegetables, often with pork or shrimp.',5,73,'lunch','Philippine'),(341,45,25,'Lechon Kawali',0,'Crispy fried pork belly, traditionally marinated in garlic, bay leaves, and black peppercorns, then deep-fried until golden and crispy.',2,74,'dinner','Philippine'),(342,35,20,'Pancit Canton',0,'A Filipino stir-fried noodle dish made with wheat flour noodles, vegetables, meat (such as chicken, pork, or shrimp), and soy sauce.',4,36,'dinner','Philippine'),(343,50,30,'Halo-Halo',0,'A popular Filipino dessert consisting of a mixture of shaved ice, sweetened fruits, beans, jellies, and topped with evaporated milk, ube ice cream, and leche flan.',1,255,'dessert','Philippine'),(344,60,40,'Bigos (Hunter\'s Stew)',0,'A traditional Polish dish made with sauerkraut, fresh cabbage, various meats (such as sausage, bacon, and pork), and mushrooms, seasoned with spices and slowly cooked for rich flavor.',3,73,'dinner','Polish'),(345,45,30,'Pierogi Ruskie (Ruskie Dumplings)',1,'Dumplings filled with a mixture of mashed potatoes, cheese (often cottage cheese or farmer\'s cheese), and onions, boiled and then either pan-fried or served with sour cream or butter.',5,36,'dinner','Polish'),(346,50,35,'Żurek (Sour Rye Soup)',0,'A hearty Polish soup made from soured rye flour, meat (such as sausage or ham), potatoes, and sometimes hard-boiled eggs or mushrooms, typically served with a dollop of sour cream.',2,31,'lunch','Polish'),(347,40,25,'Kotlet Schabowy (Pork Cutlet)',0,'Breaded and fried pork cutlets, similar to Austrian Wiener Schnitzel, served with mashed potatoes or boiled potatoes and often accompanied by pickles or sauerkraut.',4,74,'dinner','Polish'),(348,55,30,'Placki Ziemniaczane (Potato Pancakes)',1,'Crispy potato pancakes made from grated potatoes mixed with flour, eggs, and seasoning, pan-fried until golden brown and served with sour cream, applesauce, or sugar.',1,4,'breakfast','Polish'),(349,40,25,'Bacalhau à Brás',0,'A traditional Portuguese dish made with salted codfish, potatoes, eggs, onions, and olives, all scrambled together.',3,93,'dinner','Portuguese'),(350,60,30,'Caldo Verde',0,'A classic Portuguese soup made with kale, potatoes, onions, garlic, chorizo, and olive oil, typically served with crusty bread.',5,100,'lunch','Portuguese'),(351,45,20,'Francesinha',0,'A hearty Portuguese sandwich made with layers of bread, ham, linguiça (smoked sausage), steak, and melted cheese, topped with a spicy tomato and beer sauce.',2,73,'lunch','Portuguese'),(352,50,35,'Arroz de Pato',0,'A traditional Portuguese dish of duck and rice cooked with chorizo, onions, garlic, and sometimes olives or peas, seasoned with Portuguese spices.',4,90,'dinner','Portuguese'),(353,35,25,'Pasteis de Nata',1,'Delicious Portuguese custard tarts with a flaky pastry crust filled with creamy custard and caramelized on top.',1,41,'dessert','Portuguese'),(354,40,25,'Arroz con Pollo',0,'A flavorful dish made with chicken, rice, and vegetables, cooked together with spices like saffron and paprika, popular in Republic cuisine.',3,64,'dinner','Republic'),(355,35,20,'Empanadas',1,'Savory turnovers filled with a variety of ingredients such as ground beef, chicken, cheese, or vegetables, then baked or fried until golden brown.',5,34,'snack','Republic'),(356,50,30,'Ceviche',0,'A refreshing seafood dish made with raw fish marinated in citrus juices, typically lime or lemon, mixed with onions, cilantro, and chili peppers.',2,97,'appetizer','Republic'),(357,45,35,'Sancocho',0,'A hearty soup made with a variety of meats, root vegetables like yuca and plantains, corn, and herbs, simmered together for hours to develop rich flavors.',4,73,'dinner','Republic'),(358,30,15,'Mofongo',0,'A classic dish made with mashed fried plantains mixed with garlic, pork cracklings (chicharrón), and olive oil, often served as a side or main course.',1,4,'lunch','Republic'),(359,40,30,'Borscht',0,'A hearty Russian soup made with beets, cabbage, potatoes, carrots, onions, and sometimes meat, typically served with sour cream and dill.',3,13,'dinner','Russian'),(360,50,40,'Pelmeni',0,'Russian dumplings filled with minced meat, such as pork, beef, or lamb, often served with sour cream or melted butter.',5,74,'dinner','Russian'),(361,45,35,'Beef Stroganoff',0,'A classic Russian dish featuring tender beef strips cooked in a creamy sauce made with onions, mushrooms, and sour cream, served over noodles or rice.',2,73,'dinner','Russian'),(362,55,30,'Olivier Salad',0,'A traditional Russian salad made with diced potatoes, carrots, pickles, peas, eggs, and sometimes ham or bologna, dressed in mayonnaise.',4,1,'lunch','Russian'),(363,30,20,'Syrniki',1,'Russian-style pancakes made from quark or cottage cheese, flour, eggs, and sugar, typically served with sour cream, jam, or honey.',1,152,'breakfast','Russian'),(369,40,30,'Arancini',1,'Fried rice balls stuffed with a savory filling, such as ragù, mozzarella, and peas, a popular Sicilian street food.',3,31,'appetizer','Sicilian'),(370,60,45,'Pasta alla Norma',0,'A classic Sicilian pasta dish featuring pasta tossed in a tomato and eggplant sauce, topped with ricotta salata cheese and fresh basil.',5,36,'dinner','Sicilian'),(371,55,40,'Sarde a Beccafico',0,'Sardines stuffed with a flavorful mixture of breadcrumbs, pine nuts, raisins, and herbs, then baked until golden brown, a traditional Sicilian dish.',2,77,'dinner','Sicilian'),(372,30,20,'Cassata Siciliana',1,'A traditional Sicilian dessert consisting of sponge cake soaked in liqueur, layered with sweetened ricotta cheese, candied fruit, and marzipan, then covered with icing and decorations.',4,40,'dessert','Sicilian'),(373,40,20,'Hainanese Chicken Rice',0,'A popular Singaporean dish featuring poached chicken served with fragrant rice cooked in chicken broth, accompanied by chili sauce and cucumber slices.',1,64,'dinner','Singaporean'),(374,35,25,'Chilli Crab',0,'A famous Singaporean seafood dish made with mud crabs stir-fried in a savory and spicy tomato-based sauce with chili, garlic, and ginger.',3,99,'dinner','Singaporean'),(375,45,30,'Laksa',0,'A spicy noodle soup dish with origins in Peranakan and Malay cuisine, featuring rice noodles in a rich and creamy coconut-based curry soup with seafood or chicken.',5,36,'dinner','Singaporean'),(376,50,35,'Char Kway Teow',0,'A popular street food dish in Singapore made with flat rice noodles stir-fried with shrimp, cockles, Chinese sausage, eggs, bean sprouts, and chives in a savory soy sauce.',2,31,'dinner','Singaporean'),(377,30,15,'Satay',0,'Skewered and grilled meat, typically chicken, beef, or lamb, served with a flavorful peanut sauce, cucumber, and ketupat (rice cakes), a favorite Singaporean snack and appetizer.',4,73,'appetizer','Singaporean'),(378,40,30,'Pad Thai',0,'A popular Thai stir-fried noodle dish made with rice noodles, shrimp or chicken, tofu, eggs, peanuts, bean sprouts, and a tangy sauce.',1,31,'dinner','Thai'),(379,45,20,'Tom Yum Soup',0,'A spicy and sour Thai soup made with shrimp, mushrooms, lemongrass, galangal, kaffir lime leaves, and chili peppers.',3,97,'lunch','Thai'),(380,35,25,'Green Curry Chicken',0,'A flavorful Thai curry made with chicken, eggplant, bamboo shoots, bell peppers, and Thai basil in a creamy green curry sauce.',5,64,'dinner','Thai'),(381,30,15,'Som Tum (Green Papaya Salad)',0,'A refreshing Thai salad made with shredded green papaya, tomatoes, green beans, peanuts, and a spicy-sweet dressing.',2,4,'lunch','Thai'),(382,50,40,'Massaman Curry Beef',0,'A rich and flavorful Thai curry made with beef, potatoes, onions, peanuts, and aromatic spices in a creamy coconut milk-based sauce.',4,73,'dinner','Thai'),(383,60,30,'Tingmo (Steamed Bread)',1,'Soft and fluffy Tibetan steamed bread served as a side dish or snack, often enjoyed with savory or sweet toppings.',1,129,'breakfast','Tibetan'),(384,45,40,'Shapale (Fried Meat Pie)',1,'Deep-fried Tibetan meat pies filled with seasoned minced meat and spices, a popular street food snack in Tibet.',3,73,'snack','Tibetan'),(385,40,35,'Momos (Dumplings)',1,'Traditional Tibetan dumplings filled with meat or vegetables, steamed or fried and served with dipping sauces.',5,193,'dinner','Tibetan'),(386,50,45,'Thukpa (Noodle Soup)',0,'Hearty Tibetan noodle soup made with vegetables, meat, and hand-pulled noodles, flavored with aromatic spices.',2,31,'lunch','Tibetan'),(387,55,50,'Tsampa (Roasted Barley Flour)',0,'Traditional Tibetan staple food made from roasted barley flour, often mixed with tea, butter, and sugar to form a dough.',4,29,'snack','Tibetan'),(388,60,30,'Plov',0,'A traditional Uzbek rice dish cooked with lamb or beef, carrots, onions, garlic, and spices, often served on special occasions.',1,73,'dinner','Uzbek'),(389,40,20,'Shurpa',0,'A hearty Uzbek soup made with lamb or beef, vegetables, and a variety of herbs and spices, often served with bread or naan.',3,74,'dinner','Uzbek'),(390,45,25,'Manti',0,'Uzbek dumplings filled with spiced meat (often lamb or beef) and onions, typically steamed and served with yogurt or sour cream sauce.',5,193,'dinner','Uzbek'),(391,50,35,'Lagman',0,'A popular Uzbek noodle dish featuring hand-pulled noodles, stir-fried meat (such as lamb or beef), and a variety of vegetables in a savory sauce.',2,36,'dinner','Uzbek'),(392,35,15,'Samsa',1,'Uzbek pastries filled with spiced meat (such as lamb or beef) and onions, typically baked until golden brown and served as a snack or appetizer.',4,73,'snack','Uzbek'),(393,40,20,'Pho Ga (Vietnamese Chicken Noodle Soup)',0,'A fragrant Vietnamese noodle soup made with chicken, rice noodles, herbs, and spices, typically served with lime wedges and bean sprouts.',1,64,'dinner','Vietnamese'),(394,35,25,'Banh Mi',0,'A Vietnamese sandwich consisting of a baguette filled with various ingredients such as pork, pate, pickled vegetables, cilantro, and chili peppers.',3,126,'lunch','Vietnamese'),(395,45,30,'Goi Cuon (Vietnamese Fresh Spring Rolls)',0,'Fresh and healthy Vietnamese spring rolls filled with shrimp, pork, rice vermicelli, lettuce, and herbs, served with a dipping sauce.',5,97,'appetizer','Vietnamese'),(396,50,35,'Bun Cha (Vietnamese Grilled Pork with Vermicelli)',0,'A Vietnamese dish featuring grilled pork patties and pork belly served over rice vermicelli noodles with fresh herbs and a dipping sauce.',2,73,'dinner','Vietnamese'),(397,55,40,'Ca Kho To (Vietnamese Caramelized Fish)',0,'A traditional Vietnamese dish made by caramelizing fish in a clay pot with fish sauce, sugar, garlic, and shallots, resulting in a sweet and savory flavor.',4,90,'dinner','Vietnamese');
/*!40000 ALTER TABLE `recipes` ENABLE KEYS */;

--
-- Table structure for table `steps`
--

DROP TABLE IF EXISTS `steps`;
/*!40101 SET @saved_cs_client     = @@character_set_client */;
/*!50503 SET character_set_client = utf8mb4 */;
CREATE TABLE `steps` (
  `id` int(11) NOT NULL AUTO_INCREMENT,
  `recipe_id` int(11) NOT NULL,
  `number` int(11) NOT NULL,
  `description` text NOT NULL,
  PRIMARY KEY (`id`),
  UNIQUE KEY `id` (`id`),
  KEY `recipe_id` (`recipe_id`),
  CONSTRAINT `steps_ibfk_1` FOREIGN KEY (`recipe_id`) REFERENCES `recipes` (`id`) ON DELETE NO ACTION ON UPDATE NO ACTION
) ENGINE=InnoDB AUTO_INCREMENT=2001 DEFAULT CHARSET=utf8mb4 COLLATE=utf8mb4_general_ci;
/*!40101 SET character_set_client = @saved_cs_client */;

--
-- Dumping data for table `steps`
--

/*!40000 ALTER TABLE `steps` DISABLE KEYS */;
INSERT INTO `steps` VALUES (1,1,5,'Et error quo vel consequatur.'),(2,2,3,'Dicta ad eos sequi.'),(3,3,2,'Modi et voluptatum nulla.'),(4,4,0,'Nostrum ab quis nisi.'),(5,5,3,'Et nemo at qui rerum est.'),(6,6,5,'Cumque sunt ad quae eos.'),(7,7,2,'Fugiat et sequi sapiente.'),(8,8,1,'Accusamus corrupti magni aut.'),(9,9,0,'Ex quia veritatis iure neque.'),(10,10,2,'Voluptatem quia dolores qui.'),(11,11,0,'Sit ab ut nam voluptatem.'),(12,12,5,'Aut ad ipsa aut assumenda.'),(13,13,2,'Quia sequi suscipit quasi.'),(14,14,4,'Dolorem et commodi quidem.'),(15,15,0,'Qui alias velit molestias ea.'),(16,16,1,'Atque iste autem id.'),(17,17,5,'Sit aliquam error et.'),(18,18,0,'Ullam qui pariatur et.'),(19,19,5,'Quia eius voluptas rerum aut.'),(20,20,1,'Sit quo eius magni expedita.'),(21,21,2,'Unde eum vel nam eaque.'),(22,22,3,'Ut quo pariatur autem quod.'),(23,23,4,'Rem eum omnis nobis enim.'),(24,24,2,'Sed sint rem qui impedit.'),(25,25,5,'Amet sint cum alias vel.'),(26,26,1,'Et error pariatur tenetur id.'),(27,27,4,'Alias culpa totam tempora.'),(28,28,4,'Quae laboriosam ut eum.'),(29,29,3,'Ullam laboriosam at aut.'),(30,30,1,'Expedita corrupti quaerat id.'),(31,31,1,'Dolor accusamus magnam natus.'),(32,32,0,'Consequuntur et rerum labore.'),(33,33,5,'Non reiciendis cumque et.'),(34,34,3,'Fugit quaerat tempore modi.'),(35,35,4,'Voluptate enim et hic iste.'),(36,36,2,'Id quae qui aut aliquam.'),(37,37,0,'Qui eos magnam a ea sed.'),(38,38,0,'Non ut velit ab ipsam.'),(39,39,0,'Corrupti minima quia modi.'),(40,40,2,'Rem minus quae vel.'),(41,41,0,'Rerum quos nobis sit et.'),(42,42,3,'Dolor et inventore eos velit.'),(43,43,2,'Nihil voluptatum optio quia.'),(44,44,1,'Et aut et corrupti voluptas.'),(45,45,5,'At qui dolorem est et aut.'),(46,46,1,'Modi sed sed ut commodi.'),(47,47,1,'Et quidem illum qui odit.'),(48,48,3,'Praesentium id ad enim.'),(49,49,3,'Modi totam nemo autem aut.'),(50,50,1,'Sit id aperiam nostrum ea.'),(51,51,1,'Vel veniam aut fugit aut.'),(52,52,5,'Nobis excepturi quaerat ad.'),(53,53,2,'Deserunt quia et molestias.'),(54,54,5,'Atque error ea amet.'),(55,55,1,'Quisquam dolor laboriosam at.'),(56,56,4,'Cum aut et sunt est qui eius.'),(57,57,2,'Ratione aut quae fuga eum.'),(58,58,1,'Sed rerum enim ut libero.'),(59,59,4,'Soluta et rerum quis rem.'),(60,60,2,'Quos ullam nihil qui quia.'),(61,61,0,'Quasi itaque sed et.'),(62,62,5,'Qui velit aut quis enim enim.'),(63,63,2,'Sunt qui quod inventore.'),(64,64,0,'Mollitia nobis porro qui et.'),(65,65,2,'Qui commodi non provident in.'),(66,66,3,'Ut non harum voluptas.'),(67,67,2,'Nostrum ea nihil rerum.'),(68,68,4,'Placeat nulla et ut.'),(69,69,1,'Hic aut porro omnis sit.'),(70,70,4,'Eos sint harum beatae.'),(71,71,4,'Est veritatis dolor ut ipsum.'),(72,72,0,'Vitae ea eligendi itaque ea.'),(73,73,3,'Numquam iusto qui quia.'),(74,74,5,'Voluptas fugit et dicta ad.'),(75,75,0,'Porro enim eum non omnis.'),(76,76,4,'Dolores cumque id odit.'),(77,77,5,'Neque omnis nam amet.'),(78,78,1,'Ipsa quis veritatis eum.'),(79,79,4,'Dolorem sunt id error hic.'),(80,80,5,'Provident est deserunt quos.'),(81,81,1,'Aspernatur sed ea est aut.'),(82,82,1,'Autem et possimus odit earum.'),(83,83,2,'Ducimus ut soluta id hic.'),(84,84,0,'Eius aut officiis nobis.'),(85,85,5,'Quasi doloremque quia est et.'),(86,86,2,'Porro qui in commodi.'),(87,87,1,'Deleniti eos aut et.'),(88,88,5,'Porro nisi ipsa maxime autem.'),(89,89,3,'Voluptatem quo maxime aut.'),(90,90,4,'Quo aperiam quia aliquam.'),(91,91,4,'Iusto amet dolor dolores quo.'),(92,92,3,'Et laborum at sit.'),(93,93,5,'Ut dolorem in eveniet.'),(94,94,3,'Non sequi aut quae culpa ut.'),(95,95,0,'Autem repudiandae et debitis.'),(96,96,0,'Est quis laboriosam qui.'),(97,97,4,'Sed mollitia et quo quod eum.'),(98,98,3,'Et eum aliquam et quae.'),(99,99,4,'Velit et accusamus iure.'),(100,100,5,'Dicta est ut autem sint.'),(101,101,5,'Rerum voluptas aut ea ullam.'),(102,102,3,'Alias qui labore modi.'),(103,103,3,'Excepturi minima sed porro.'),(104,104,4,'At tenetur quis rerum libero.'),(105,105,4,'Libero aperiam fuga voluptas.'),(106,106,2,'Eos laborum magni eligendi.'),(107,107,5,'Sit impedit natus doloremque.'),(108,108,1,'Ut quia nulla eum eos.'),(109,109,2,'Iste omnis incidunt ex vero.'),(110,110,4,'Quas cumque molestias est.'),(111,111,1,'Nihil saepe odio laudantium.'),(112,112,1,'Non eos at omnis rerum.'),(113,113,3,'Rerum neque qui sint.'),(114,114,5,'Autem dolores et ut mollitia.'),(115,115,5,'Sit placeat eum ut ut.'),(116,116,4,'Et a quo et impedit est.'),(117,117,1,'Nisi hic ut ut dolor quo.'),(118,118,3,'Veritatis eaque magni sequi.'),(119,119,0,'In vitae eos maiores odit.'),(120,120,4,'Ut aut id quia aut.'),(121,121,5,'Quasi quaerat pariatur aut.'),(122,122,4,'Omnis veniam ea dolorum eos.'),(123,123,0,'Sed ullam voluptatem iste.'),(124,124,2,'Illo ea velit expedita.'),(125,125,4,'Ipsam aut occaecati officiis.'),(126,126,0,'Sit non iure sit perferendis.'),(127,127,4,'Dolor ea libero vel quis.'),(128,128,4,'Quia dicta tempore corrupti.'),(129,129,2,'Doloremque dicta nemo ut sed.'),(130,130,3,'Et unde similique sunt est.'),(131,131,4,'Qui soluta vel eos ipsa.'),(132,132,0,'Nihil voluptatem quo aut.'),(133,133,4,'Sequi saepe animi sint a.'),(134,134,0,'Voluptatem suscipit est nam.'),(135,135,0,'Quidem et molestias at et.'),(136,136,4,'Et ut et culpa.'),(137,137,4,'Qui qui nobis sit.'),(138,138,5,'Illo voluptas veniam nihil.'),(139,139,3,'Placeat commodi labore nisi.'),(140,140,3,'Hic ut ut in sint.'),(141,141,1,'Soluta quia quae rerum eum.'),(142,142,5,'Velit quia nam assumenda.'),(143,143,5,'Unde ut aut suscipit in.'),(144,144,1,'Est ipsa odit sunt enim at.'),(145,145,2,'Aut vel doloribus nostrum.'),(146,146,2,'Sit ut odio ab sapiente.'),(147,147,2,'Iure ut deserunt ea maiores.'),(148,148,5,'Repudiandae quae ullam quis.'),(149,149,5,'Error temporibus et aut.'),(150,150,5,'Sunt cum qui recusandae.'),(151,151,2,'Eos excepturi hic ipsam.'),(152,152,1,'Qui rerum quidem soluta.'),(153,153,2,'Est odit quod culpa.'),(154,154,1,'Sit tempora rem odio quia.'),(155,155,0,'Labore error dolor omnis.'),(156,156,4,'Id et ducimus esse.'),(157,157,5,'Libero sint mollitia atque.'),(158,158,0,'Ut dolorem mollitia quia ut.'),(159,159,0,'Blanditiis sunt et saepe nam.'),(160,160,2,'Saepe nihil ad qui tempore.'),(161,161,0,'Officia modi magnam voluptas.'),(162,162,4,'Quos vero sed veritatis ut.'),(163,163,0,'Eligendi aut minima neque.'),(164,164,2,'Aliquid ut nemo quod nihil.'),(165,165,1,'Facilis officia est aut quis.'),(166,166,5,'Et commodi labore et animi.'),(167,167,1,'Doloribus iure fugit sed.'),(168,168,3,'Eos ad fuga esse.'),(169,169,4,'Enim qui fugit numquam.'),(170,170,5,'Quia et natus qui.'),(171,171,3,'Accusantium ut nulla vel.'),(172,172,5,'Quo fugit dolores et quia.'),(173,173,5,'Ut atque asperiores odio ea.'),(174,174,0,'Ut nemo aut nemo et.'),(175,175,3,'Ipsa ea aut sed sunt.'),(176,176,4,'Minus ab quos ratione.'),(177,177,2,'Quod veniam laudantium et.'),(178,178,3,'Ut enim quasi praesentium.'),(179,179,5,'Neque aliquid eum ad est.'),(180,180,0,'Deleniti velit eos ipsam qui.'),(181,181,0,'Sit eum molestias ex fugiat.'),(182,182,4,'Enim repudiandae fugit amet.'),(183,183,5,'Et amet laudantium eos eos.'),(184,184,5,'Enim magni corporis eum.'),(185,185,5,'In nam minus et autem.'),(186,186,1,'Ea maxime molestias sed quia.'),(187,187,0,'Veritatis ex hic voluptas.'),(188,188,5,'Est ex ut occaecati et.'),(189,189,3,'Quae soluta sunt veniam.'),(190,190,3,'Enim animi mollitia neque.'),(191,191,0,'Omnis laborum ad magnam.'),(192,192,0,'Ut autem quae saepe voluptas.'),(193,193,2,'Vitae et porro quis soluta.'),(194,194,3,'Sit quibusdam sed sit ut.'),(195,195,5,'Enim minus ut rerum velit.'),(196,196,0,'Cupiditate eos qui sint illo.'),(197,197,5,'Quo rem veniam aut ut non.'),(198,198,3,'Ut quo ipsam nisi.'),(199,199,4,'Eos soluta ad et.'),(200,200,5,'Id et est est veniam.'),(201,201,0,'Consequatur at quam magnam.'),(202,202,3,'Id quisquam enim velit.'),(203,203,3,'Natus esse a rem sunt.'),(204,204,5,'Enim nulla aut aliquam quo.'),(205,205,3,'Debitis nam qui impedit qui.'),(206,206,3,'Placeat dolore et autem est.'),(207,207,1,'Sed nisi sed quam optio.'),(208,208,1,'Magnam atque sed ut natus.'),(209,209,3,'Ut qui a ex sunt voluptate.'),(210,210,0,'Et ullam ipsa doloremque.'),(211,211,1,'Sunt omnis voluptas id.'),(212,212,4,'Dolor autem consequatur enim.'),(213,213,4,'Rerum totam eum molestias.'),(214,214,2,'Natus sed vitae ut.'),(215,215,5,'Nobis quo cum adipisci velit.'),(216,216,2,'Necessitatibus ut ut qui.'),(217,217,2,'Saepe quam quam dolores.'),(218,218,1,'Et dolorem dolores quidem.'),(219,219,3,'Porro dolorem aut fugiat.'),(220,220,1,'Et rerum dolor sit et.'),(221,221,3,'Et dicta eos nisi ab officia.'),(222,222,2,'Sunt magnam ab dolores et.'),(223,223,4,'Ut ex consequatur est.'),(224,224,3,'Non omnis sed itaque iure.'),(225,225,5,'Adipisci sunt odit eum et.'),(226,226,0,'Rerum ex officia rerum neque.'),(227,227,3,'Quo nemo aut qui quos.'),(228,228,2,'Enim sunt nisi cupiditate ut.'),(229,229,2,'Voluptas culpa ipsa labore.'),(230,230,4,'Animi iusto porro nam.'),(231,231,0,'Ab quia et iure qui sed ut.'),(232,232,2,'Vero dolorem rerum in fuga.'),(233,233,0,'Iusto dolore rerum omnis id.'),(234,234,2,'In aperiam debitis iure.'),(235,235,5,'Id velit labore quasi.'),(236,236,5,'Eligendi sunt sit ipsam.'),(237,237,1,'Quas velit et ipsa.'),(238,238,5,'Sint fugit quo vel.'),(239,239,2,'Natus in illo at quis ad.'),(240,240,3,'Asperiores est ut ad sed.'),(241,241,3,'Eligendi blanditiis quam id.'),(242,242,5,'Eum quo asperiores ut.'),(243,243,4,'Labore animi odio sequi a.'),(244,244,0,'A quibusdam in ullam.'),(245,245,2,'Ipsum ipsam ipsam nulla.'),(246,246,5,'Porro autem modi ipsum vel.'),(247,247,4,'Ut et deserunt quia.'),(248,248,3,'Sed harum et quia est iusto.'),(249,249,5,'Veritatis tempore minus ut.'),(250,250,3,'Ut ut aut placeat.'),(251,251,1,'Est omnis sint quo.'),(252,252,2,'Ratione qui sunt sit ut et.'),(253,253,2,'Deleniti id ut recusandae.'),(254,254,1,'Architecto enim id id culpa.'),(255,255,3,'Qui beatae id corporis nulla.'),(256,256,0,'Eaque et sequi id.'),(257,257,4,'Enim quia officia fugiat vel.'),(258,258,5,'Ut hic minus et quibusdam.'),(259,259,4,'Est ut et ut enim.'),(260,260,4,'Quo eos enim ducimus.'),(261,261,4,'Aliquam aut harum quis odit.'),(262,262,4,'Qui delectus unde qui earum.'),(263,263,2,'Sunt autem dolorem quos vel.'),(264,264,4,'Amet esse sit aut dicta.'),(265,265,0,'Velit quidem est impedit ut.'),(266,266,4,'Eaque nobis enim qui.'),(267,267,2,'Sed non et et provident.'),(268,268,5,'Qui doloremque at aspernatur.'),(269,269,2,'Ut et velit ex temporibus.'),(270,270,0,'Animi hic dolorum minus.'),(271,271,5,'Blanditiis et laboriosam non.'),(272,272,3,'Aut esse vero commodi et.'),(273,273,1,'Nostrum aliquam a et esse.'),(274,274,2,'Qui fugit id consequatur.'),(275,275,0,'Ea dolores aut amet.'),(276,276,4,'Fugiat a eaque ut eum magnam.'),(277,277,5,'Quis quibusdam esse aut sed.'),(278,278,1,'Qui in id perspiciatis omnis.'),(279,279,0,'Tempore eos ut dolores.'),(280,280,1,'Natus error rem iure velit.'),(281,281,4,'Qui dolorem aut eveniet.'),(282,282,3,'Culpa aut vitae pariatur.'),(283,283,5,'Et qui voluptate unde fugit.'),(284,284,4,'Aspernatur aut et a.'),(285,285,1,'Aut reiciendis qui atque.'),(286,286,1,'Nobis odio harum sit ut.'),(287,287,1,'Beatae voluptas illum dolor.'),(288,288,1,'Ab enim est sint quam.'),(289,289,2,'Dolor aut rerum non fugit.'),(290,290,1,'Voluptatem aut porro debitis.'),(291,291,5,'Voluptatem sunt corrupti non.'),(292,292,3,'Sed qui ut omnis saepe.'),(293,293,1,'Quidem distinctio qui ut.'),(294,294,5,'At sequi eum ut fugit.'),(295,295,2,'Amet quia nisi at ipsum.'),(296,296,2,'Qui aut facere voluptatem.'),(297,297,3,'Adipisci ut et modi iure et.'),(298,298,1,'Et incidunt dolor voluptatem.'),(299,299,4,'In nemo accusantium quod.'),(300,300,1,'Sed sunt rerum ipsum vitae.'),(301,301,5,'Veniam corrupti et ullam est.'),(302,302,1,'Quidem odio mollitia est.'),(303,303,1,'Cupiditate est repellat est.'),(304,304,2,'Quia non autem voluptas ut.'),(305,305,3,'Repellat fugit eum et velit.'),(306,306,1,'Magni facilis fuga qui odio.'),(307,307,0,'Aut voluptas qui aperiam.'),(308,308,5,'Rerum ab illum provident hic.'),(309,309,3,'Illo a deserunt eum nulla.'),(310,310,3,'Nam sint dolor ea unde aut.'),(311,311,1,'Et amet officiis facilis quo.'),(312,312,4,'Ipsum aut expedita amet qui.'),(313,313,0,'Et est et consequuntur qui.'),(314,314,1,'Saepe officiis natus quis.'),(315,315,3,'Temporibus error libero quos.'),(316,316,2,'Ut eos sit ipsam accusamus.'),(317,317,4,'Rerum eos et eos quos.'),(318,318,2,'Omnis minus odit totam iste.'),(319,319,0,'Libero qui odit harum aut.'),(320,320,1,'Dolores dolores ut sit.'),(321,321,2,'Ea et est ab.'),(322,322,1,'Ut id atque molestiae.'),(323,323,1,'Est ipsa qui ipsam.'),(324,324,5,'Sed quia alias est ad.'),(325,325,0,'Et laborum quis animi.'),(326,326,4,'Quaerat quae quod odit velit.'),(327,327,2,'Velit occaecati facilis fuga.'),(328,328,4,'Quia tempore ut repudiandae.'),(329,329,3,'Id porro autem dolore et.'),(330,330,4,'Rerum nobis dolor et ipsum.'),(331,331,0,'Voluptate aperiam odit vel.'),(332,332,4,'Omnis eos dolorum fugit est.'),(333,333,4,'Ut et quod non inventore.'),(334,334,5,'Eum dolores porro sed.'),(335,335,5,'Amet eum at repudiandae.'),(336,336,3,'Atque voluptatem modi cumque.'),(337,337,0,'Aut sit veritatis nobis.'),(338,338,4,'Cum rem autem sunt et.'),(339,339,0,'Libero sint sit maiores.'),(340,340,2,'Eaque nam et laboriosam quia.'),(341,341,5,'Cum illo enim cum.'),(342,342,2,'Ducimus quidem tenetur nemo.'),(343,343,5,'Quia et non architecto.'),(344,344,3,'Odit sed recusandae at.'),(345,345,5,'Hic quia et nisi dolore.'),(346,346,5,'Ipsa sit nihil expedita et.'),(347,347,0,'Facilis et aut nam quidem.'),(348,348,0,'Nihil at accusamus quo aut.'),(349,349,1,'Facere in sit aut pariatur.'),(350,350,0,'Aut neque qui dolor voluptas.'),(351,351,0,'Hic molestiae quia sit.'),(352,352,5,'Possimus sed sint et.'),(353,353,5,'Et ut id ut sapiente in.'),(354,354,1,'Magni enim sint id quia.'),(355,355,5,'Nulla quisquam odit odio qui.'),(356,356,3,'Aut ut et repellat facilis.'),(357,357,4,'Nam nemo qui incidunt hic.'),(358,358,4,'Quam dolores dolores quis et.'),(359,359,5,'Eaque nemo unde quia officia.'),(360,360,3,'Vel ab ut ratione quo eos.'),(361,361,3,'Omnis tempora ut non.'),(362,362,5,'Rerum aut voluptatem eos.'),(363,363,5,'Quae nostrum quod et non.'),(364,364,1,'Eum eligendi qui magni optio.'),(365,365,2,'In cum deleniti et dolor.'),(366,366,0,'Voluptates aut repellat est.'),(367,367,0,'Et minus nisi voluptatem.'),(368,368,2,'Soluta sunt eos sit nostrum.'),(369,369,1,'Et omnis illo vitae.'),(370,370,3,'Et qui harum nemo laborum.'),(371,371,5,'Et doloribus et et omnis.'),(372,372,4,'Ipsum vel rem vel velit id.'),(373,373,0,'Qui quam sint aut qui saepe.'),(374,374,5,'Animi vel laboriosam fugiat.'),(375,375,3,'Dolor molestiae odit enim.'),(376,376,5,'Et id voluptate ab amet.'),(377,377,1,'Nulla dolorum est iure.'),(378,378,5,'Sint id quasi fugit sequi.'),(379,379,5,'Voluptas vel est quisquam ea.'),(380,380,4,'Id ipsum officiis eum.'),(381,381,0,'Eius dolores eum aut ex.'),(382,382,4,'Consequatur aliquam ab esse.'),(383,383,5,'Quis id ea omnis.'),(384,384,1,'Qui rem debitis in earum.'),(385,385,1,'Est et accusamus vel aut.'),(386,386,2,'Sed sed ipsa et quam.'),(387,387,1,'Saepe ea nam expedita.'),(388,388,4,'Ab quas in ipsam debitis.'),(389,389,3,'Aut molestiae quis porro eos.'),(390,390,0,'Omnis est pariatur quia.'),(391,391,5,'Quam eius neque modi.'),(392,392,0,'Sed ut vero in ullam cumque.'),(393,393,0,'Est et placeat eaque culpa.'),(394,394,2,'Ad voluptates laborum et.'),(395,395,5,'Dolorem ea sit consequatur.'),(396,396,3,'Sunt itaque quibusdam omnis.'),(397,397,0,'Rerum est velit sapiente sed.'),(398,1,3,'Culpa id in quasi aut.'),(399,2,0,'Placeat iste sed et iusto et.'),(400,3,4,'Et maiores sit reiciendis.'),(401,4,1,'Quos esse est temporibus qui.'),(402,5,5,'Mollitia est ab quidem.'),(403,6,1,'Quod ea et id ipsum.'),(404,7,0,'Deleniti unde id autem et.'),(405,8,3,'Id unde ad magni corrupti.'),(406,9,1,'Nobis eaque sed placeat qui.'),(407,10,2,'Qui qui repellendus neque.'),(408,11,1,'Tempora sit sunt et ut.'),(409,12,5,'Quaerat qui ducimus aut.'),(410,13,0,'Sed beatae vel quasi.'),(411,14,4,'Quaerat iure nam odit aut.'),(412,15,5,'Qui ut quia doloremque.'),(413,16,5,'A eveniet numquam in.'),(414,17,0,'Sed iste et eius sint qui ab.'),(415,18,2,'Rerum eos est maiores.'),(416,19,5,'Qui impedit fugit nisi et.'),(417,20,5,'Sequi saepe aperiam voluptas.'),(418,21,3,'In dolores qui itaque facere.'),(419,22,5,'Adipisci veniam et sed.'),(420,23,1,'Et at rerum qui aut.'),(421,24,2,'Porro et qui aspernatur.'),(422,25,1,'Et quas a sit error nihil ab.'),(423,26,2,'Ea sit quis minima quis.'),(424,27,5,'Ut eveniet temporibus et.'),(425,28,2,'Maxime voluptatum odit esse.'),(426,29,4,'Et qui ut reiciendis.'),(427,30,5,'Ea aliquam rerum rerum.'),(428,31,5,'Voluptate ipsa id quia.'),(429,32,5,'Reiciendis maiores quo quas.'),(430,33,3,'Sequi repellendus ut totam.'),(431,34,0,'Facilis aliquid veritatis et.'),(432,35,0,'Ut et et voluptate.'),(433,36,2,'Ut quae et quis omnis velit.'),(434,37,4,'Quam veritatis aut est enim.'),(435,38,4,'Dolorum beatae earum ut quis.'),(436,39,5,'Quia sit quia et rerum.'),(437,40,3,'Et enim quo est ad.'),(438,41,3,'Porro vel nihil iste.'),(439,42,4,'Et quis alias sit ut.'),(440,43,0,'Corporis quae deleniti aut.'),(441,44,4,'Ipsa et eos repellendus.'),(442,45,3,'Sit fuga nostrum est qui.'),(443,46,1,'Iste exercitationem vel quam.'),(444,47,3,'Eos dolorem libero veniam.'),(445,48,1,'Est ut autem eos officia.'),(446,49,2,'Quam a doloribus alias id et.'),(447,50,0,'Vero et animi quo.'),(448,51,1,'Cumque quod eum quidem rerum.'),(449,52,3,'Quas rerum non in quis sit.'),(450,53,3,'Quo ad tempora qui sed.'),(451,54,1,'Et dolorem non dolor.'),(452,55,4,'Eligendi enim sit et quidem.'),(453,56,3,'Eum nisi sed magnam sed.'),(454,57,4,'Nisi minima mollitia sunt.'),(455,58,1,'Sed sunt ut nemo qui.'),(456,59,0,'Velit excepturi hic deleniti.'),(457,60,0,'Nihil alias non consectetur.'),(458,61,5,'Voluptas dolorem aut ad.'),(459,62,5,'Laboriosam id quia dolore.'),(460,63,1,'Quo nesciunt aut est modi.'),(461,64,1,'Voluptas aperiam non quo.'),(462,65,4,'Et atque ab est quo.'),(463,66,1,'Et sit sapiente mollitia rem.'),(464,67,1,'Eaque non ullam sit omnis et.'),(465,68,5,'Nobis dolorem cumque quas.'),(466,69,5,'Culpa iure debitis illo.'),(467,70,0,'Minus eos quam totam et odio.'),(468,71,3,'Est quaerat et sint.'),(469,72,1,'Ex repudiandae sed labore.'),(470,73,0,'Impedit numquam ullam cumque.'),(471,74,4,'Modi possimus ab ad nihil.'),(472,75,0,'Et qui odio laudantium ut.'),(473,76,1,'Et amet soluta id eligendi.'),(474,77,0,'Commodi et et voluptates.'),(475,78,1,'Delectus et id aut.'),(476,79,3,'Soluta et sapiente ut.'),(477,80,1,'Placeat quia ut dicta et.'),(478,81,1,'Dolorem quia minus aut et.'),(479,82,5,'Vero nostrum illum atque quo.'),(480,83,3,'Et qui ratione rerum sed.'),(481,84,1,'Qui omnis enim quo rerum.'),(482,85,5,'Vel voluptatum quis commodi.'),(483,86,1,'Autem sit in modi.'),(484,87,2,'Quia autem quae hic sit est.'),(485,88,4,'Facilis nobis quia quia.'),(486,89,5,'Recusandae fuga nisi fuga.'),(487,90,5,'Dicta cumque dolores quo.'),(488,91,0,'Laboriosam harum et ut eum.'),(489,92,4,'Id beatae tempore aliquam.'),(490,93,5,'Optio commodi numquam ad at.'),(491,94,5,'Et deleniti qui non.'),(492,95,2,'Aperiam aut iusto aut.'),(493,96,2,'Nam excepturi qui vel nam.'),(494,97,3,'Dolorum sed aut ut nisi esse.'),(495,98,0,'Ut iure alias qui.'),(496,99,5,'Aut amet laudantium amet sit.'),(497,100,3,'Aliquid velit quae sed qui.'),(498,101,1,'Est molestias et sit.'),(499,102,4,'Eum ut ducimus et veniam.'),(500,103,5,'In cumque enim ipsa.'),(501,104,2,'Et soluta qui ut optio in.'),(502,105,4,'Aut et sed autem illo.'),(503,106,1,'Commodi labore id delectus.'),(504,107,3,'Alias quasi optio aut quae.'),(505,108,4,'Qui voluptatem quia et in et.'),(506,109,2,'Et fuga dolores unde magnam.'),(507,110,3,'Illo cum quos qui.'),(508,111,3,'Quae corporis aut unde.'),(509,112,1,'Alias quae suscipit ipsum.'),(510,113,0,'Accusamus ut voluptates id.'),(511,114,2,'Ab ea magnam et.'),(512,115,5,'Sed eum dolorum aut.'),(513,116,2,'Aut quae earum totam ratione.'),(514,117,0,'Minima commodi quas et.'),(515,118,5,'Natus in in soluta quis nam.'),(516,119,1,'At quaerat ut quod.'),(517,120,1,'Itaque illo et illum ea quia.'),(518,121,5,'Repellat quo iste sint.'),(519,122,5,'Velit illo animi ut.'),(520,123,4,'Et quasi sed et ex non.'),(521,124,4,'Ratione ea voluptatem ut.'),(522,125,5,'Dolor minima quia quasi a.'),(523,126,1,'Iure et est doloribus quia.'),(524,127,4,'Corrupti alias rerum ipsum.'),(525,128,5,'Distinctio sunt illum sunt.'),(526,129,5,'Quasi et debitis ipsam ullam.'),(527,130,3,'Voluptas iure labore non.'),(528,131,4,'In omnis ullam ut aperiam.'),(529,132,3,'Mollitia ut quis sit eum.'),(530,133,0,'Aut placeat ab ratione dolor.'),(531,134,2,'Quasi laboriosam enim ullam.'),(532,135,2,'Sit animi eos soluta.'),(533,136,3,'Molestiae est qui maiores.'),(534,137,4,'Et id libero aliquid ad.'),(535,138,2,'Tenetur vel rerum est.'),(536,139,5,'Dolorem itaque aut dolore.'),(537,140,0,'Est ad rerum dignissimos.'),(538,141,0,'Placeat sunt quam eligendi.'),(539,142,2,'Dicta nulla ullam neque et.'),(540,143,4,'Aliquid vel quia alias et.'),(541,144,2,'Repellat eius nemo et.'),(542,145,0,'Numquam inventore aut non in.'),(543,146,2,'Ex rem et modi aut nesciunt.'),(544,147,0,'Et et ut odit odio veritatis.'),(545,148,3,'Minima ipsam rerum ut.'),(546,149,0,'Quasi sed ullam eveniet.'),(547,150,4,'Autem esse illo qui ut aut.'),(548,151,0,'Temporibus iste unde nisi.'),(549,152,4,'Ad quis sint sed iusto quis.'),(550,153,2,'Ut quidem dolorem et.'),(551,154,0,'Quas amet labore ad.'),(552,155,3,'Aut alias omnis cupiditate.'),(553,156,3,'Ratione voluptate dolorum et.'),(554,157,1,'Et ad sit possimus dolore.'),(555,158,2,'Est molestiae sit dicta a.'),(556,159,4,'Earum nostrum occaecati sit.'),(557,160,0,'Non temporibus ab omnis.'),(558,161,1,'Ea reiciendis eos est.'),(559,162,4,'Cumque odio est qui minima.'),(560,163,5,'Aut et velit eum.'),(561,164,4,'Nihil ex tempore laboriosam.'),(562,165,5,'Culpa itaque ad iure sed est.'),(563,166,1,'Accusamus velit deleniti qui.'),(564,167,5,'Maiores officia iusto ea ut.'),(565,168,1,'Et architecto et delectus ab.'),(566,169,3,'Aut qui non veniam.'),(567,170,0,'Optio et illo et praesentium.'),(568,171,4,'Eum quisquam aliquid qui sit.'),(569,172,3,'Qui eligendi soluta hic id.'),(570,173,4,'Sit est et quibusdam.'),(571,174,4,'Et libero eos qui quae earum.'),(572,175,1,'Vero dolores sit laborum.'),(573,176,4,'Temporibus quia sint enim.'),(574,177,1,'Debitis culpa nemo tempora.'),(575,178,0,'Hic rerum hic in.'),(576,179,3,'Et ea dolorem aut quia.'),(577,180,1,'Odio consequatur aut quidem.'),(578,181,4,'Quia magnam ipsa aut iusto.'),(579,182,2,'Quis recusandae nisi eum.'),(580,183,0,'Sed magni aut quia excepturi.'),(581,184,0,'Sint nisi quia et quia.'),(582,185,5,'Qui iure temporibus ea.'),(583,186,0,'Est sapiente qui nemo aut.'),(584,187,1,'Nemo dignissimos eveniet eum.'),(585,188,4,'Dolor aut aut cupiditate.'),(586,189,1,'Id rerum rerum sed voluptate.'),(587,190,2,'Ex aut sed aut dolor.'),(588,191,1,'Ad dolor eos atque.'),(589,192,1,'Qui ea harum animi voluptas.'),(590,193,5,'Suscipit quia amet facere.'),(591,194,2,'Vero autem doloremque ab.'),(592,195,4,'Eum fuga impedit tenetur.'),(593,196,1,'Ut maiores est sed dolores.'),(594,197,3,'Modi sunt sunt ducimus qui.'),(595,198,2,'Itaque fugit quo fuga sed ut.'),(596,199,0,'Ut maxime officia distinctio.'),(597,200,4,'Hic et accusantium minima.'),(598,201,1,'Et iure sit a.'),(599,202,2,'Sed et et sed corrupti.'),(600,203,0,'Qui et molestias consequatur.'),(601,204,5,'Aut unde est qui deserunt.'),(602,205,3,'Qui qui sunt officia.'),(603,206,4,'Delectus modi nam nihil id.'),(604,207,1,'Adipisci nihil est minima.'),(605,208,1,'Minus quia repellat ut.'),(606,209,0,'Non et est voluptas saepe.'),(607,210,1,'Non et accusantium quia.'),(608,211,0,'Numquam qui natus tempora.'),(609,212,1,'Ducimus voluptatem aut magni.'),(610,213,1,'Earum sed harum quia.'),(611,214,0,'Doloribus sunt aut nam et.'),(612,215,2,'Dolor et sunt et.'),(613,216,5,'Dolorem error quia et.'),(614,217,0,'Et culpa et eaque.'),(615,218,5,'Ut ea quaerat quia nihil.'),(616,219,2,'Hic sequi qui quia.'),(617,220,5,'Et earum ex velit velit.'),(618,221,5,'Iusto iusto cupiditate eos.'),(619,222,1,'Numquam ut ex nihil omnis.'),(620,223,2,'Consequatur ipsam qui ut aut.'),(621,224,1,'Unde aut est omnis provident.'),(622,225,1,'Ad accusamus ea eaque.'),(623,226,4,'Repellat ratione rerum harum.'),(624,227,0,'A sed velit voluptas.'),(625,228,1,'Quia et necessitatibus velit.'),(626,229,2,'Voluptates ut id alias.'),(627,230,4,'Tenetur ut laborum eos dolor.'),(628,231,1,'Et corrupti culpa cupiditate.'),(629,232,5,'Distinctio est placeat autem.'),(630,233,1,'Quis maxime ut molestiae.'),(631,234,3,'Et cum similique ex ea.'),(632,235,2,'Beatae unde ducimus cum hic.'),(633,236,0,'Animi est est qui.'),(634,237,5,'Animi sed nihil sunt totam.'),(635,238,0,'Dignissimos animi quo nulla.'),(636,239,5,'Repellat amet dolore quia.'),(637,240,1,'Dolor quos alias omnis qui.'),(638,241,1,'Quis iste aut dolorum qui.'),(639,242,1,'Porro non quas quia nihil.'),(640,243,1,'Beatae eaque saepe neque et.'),(641,244,0,'Amet fugiat dolorem delectus.'),(642,245,4,'Vel sed minima odit in ullam.'),(643,246,2,'Blanditiis culpa ipsa iste.'),(644,247,2,'Aut itaque modi aut dolorem.'),(645,248,0,'Quia ut et deserunt aut.'),(646,249,0,'Rerum qui eos cumque.'),(647,250,1,'Dolores non aut illum est.'),(648,251,3,'Et voluptatum esse magnam.'),(649,252,1,'Et sit dignissimos vel error.'),(650,253,3,'Et mollitia sit quia labore.'),(651,254,4,'Eos reiciendis qui id quidem.'),(652,255,5,'Corrupti dolor sit odit.'),(653,256,0,'Est modi sit facilis omnis.'),(654,257,5,'Nihil iure ut vel aspernatur.'),(655,258,1,'Qui dolor hic quas.'),(656,259,4,'Et libero qui qui voluptatem.'),(657,260,2,'Aut dolore aliquid alias et.'),(658,261,1,'Animi est qui voluptas.'),(659,262,0,'Autem possimus sed sint sint.'),(660,263,1,'Et et nisi est maiores.'),(661,264,4,'Sed et odio nam.'),(662,265,4,'Nemo et eos nobis et magnam.'),(663,266,1,'Qui ut enim consequatur ab.'),(664,267,5,'Quo veniam est autem dolor.'),(665,268,2,'Nisi excepturi qui quam.'),(666,269,4,'Eum voluptatibus rerum culpa.'),(667,270,4,'Totam cumque in est culpa.'),(668,271,5,'Aut error ea culpa.'),(669,272,0,'Ut dolores est ut unde.'),(670,273,0,'Porro aliquid qui ipsam.'),(671,274,2,'Sunt et sequi nihil officiis.'),(672,275,1,'Alias et quae omnis.'),(673,276,1,'Ut ducimus voluptatem iure.'),(674,277,5,'Fuga dolores et enim.'),(675,278,2,'Aut voluptatem quo quam.'),(676,279,3,'Sed cumque ullam quas qui.'),(677,280,3,'Sint qui recusandae ut nihil.'),(678,281,0,'Et unde et saepe.'),(679,282,2,'Blanditiis alias enim qui.'),(680,283,1,'Id minima at ullam facere.'),(681,284,5,'Ut earum sed placeat sunt.'),(682,285,2,'Enim incidunt et sint.'),(683,286,3,'Qui dolor magni ipsa.'),(684,287,1,'Et dolorem et autem et.'),(685,288,2,'Et sed est ea unde.'),(686,289,4,'Neque iusto fuga vitae earum.'),(687,290,2,'Ab repellat est hic natus.'),(688,291,3,'Quasi minima vel et nam.'),(689,292,3,'Quae fugit rerum sed.'),(690,293,3,'Itaque ut quo eligendi quo.'),(691,294,2,'Temporibus fugit et sunt qui.'),(692,295,5,'Ea sed et ullam a porro.'),(693,296,3,'Sed et unde magni ut.'),(694,297,2,'Culpa modi ut provident.'),(695,298,2,'Pariatur et sunt ipsam culpa.'),(696,299,1,'Illo in rerum voluptas atque.'),(697,300,5,'Tempore non omnis unde ab.'),(698,301,5,'Aut nostrum quis debitis.'),(699,302,2,'Eaque quasi maxime harum.'),(700,303,0,'Ducimus est autem iste rem.'),(701,304,5,'Et est quidem ut.'),(702,305,2,'Dicta tempore qui culpa ex.'),(703,306,1,'Ut possimus ut id debitis.'),(704,307,1,'Atque quae aut et fugit.'),(705,308,3,'Quia neque est qui.'),(706,309,3,'Consequatur ipsam cum aut.'),(707,310,1,'Blanditiis aut quia et.'),(708,311,4,'Autem dolorem et commodi.'),(709,312,3,'Expedita a velit in aut.'),(710,313,1,'Aliquid iusto omnis est.'),(711,314,5,'Eius animi animi fugiat.'),(712,315,2,'Autem ut vel et sit.'),(713,316,4,'Fugit hic et enim repellat.'),(714,317,1,'Et eum nemo similique.'),(715,318,0,'Aut qui et quia et.'),(716,319,4,'Itaque autem blanditiis quia.'),(717,320,1,'Quia molestiae hic aut.'),(718,321,2,'Quas similique a et sint hic.'),(719,322,1,'Pariatur modi id iure.'),(720,323,2,'Ea nemo officiis dicta.'),(721,324,4,'Est saepe qui enim nobis qui.'),(722,325,3,'Sit ab et neque aut.'),(723,326,1,'Nemo quas nesciunt quidem.'),(724,327,0,'Modi nesciunt et quod.'),(725,328,2,'Est explicabo ut et.'),(726,329,0,'Nisi nostrum ullam et id.'),(727,330,1,'Laborum ut quia et corrupti.'),(728,331,4,'Excepturi animi veritatis ex.'),(729,332,1,'Autem sequi culpa sed quasi.'),(730,333,4,'Provident officia quas natus.'),(731,334,0,'Molestiae ex quo aut ab.'),(732,335,3,'Est ab illo nesciunt non.'),(733,336,4,'Quae dolores quos et.'),(734,337,2,'Ea et non amet voluptatem.'),(735,338,4,'Non eaque id in voluptas.'),(736,339,3,'Id ad et nobis id.'),(737,340,4,'Et eaque suscipit minus.'),(738,341,1,'Sit aut sapiente sit nobis.'),(739,342,4,'Hic omnis est molestias vero.'),(740,343,5,'Laborum eius quia quisquam.'),(741,344,4,'Aut minus ea aut et.'),(742,345,0,'Nisi labore odit quia.'),(743,346,1,'Quo et enim vero tenetur.'),(744,347,3,'Et dolor magnam mollitia.'),(745,348,3,'Iste nesciunt et sapiente.'),(746,349,2,'Veniam deserunt ut ipsa non.'),(747,350,4,'Vero dolore debitis ut iure.'),(748,351,5,'Fugit fugit quia quia ea.'),(749,352,4,'Nulla rem et laboriosam quam.'),(750,353,2,'Nihil nam ut et rerum.'),(751,354,1,'Impedit et aut ut.'),(752,355,0,'Et animi et ducimus et.'),(753,356,1,'Et repellendus eveniet esse.'),(754,357,1,'Vitae ipsam autem aut.'),(755,358,0,'Neque eius vitae distinctio.'),(756,359,3,'Quasi amet est odit facere.'),(757,360,1,'Tenetur quia at qui.'),(758,361,2,'Numquam ut hic non.'),(759,362,4,'Nostrum enim ea aut nobis.'),(760,363,2,'Natus non omnis quis vero.'),(761,364,4,'Atque id est et facilis iste.'),(762,365,2,'Quia ea quae quaerat omnis.'),(763,366,1,'Ut saepe corrupti dolore eos.'),(764,367,0,'Id velit ut quae.'),(765,368,2,'Aut non sint eum dolorem.'),(766,369,5,'Odio ratione est rerum qui.'),(767,370,3,'Consequatur itaque non non.'),(768,371,1,'Ipsa tenetur veritatis et.'),(769,372,4,'Voluptas quo iste est.'),(770,373,5,'Ut quo sit magnam officia.'),(771,374,1,'Et natus nostrum rem.'),(772,375,3,'Sed et fugit sint.'),(773,376,1,'Est minus officia eos eum.'),(774,377,5,'Officiis et eum nobis quo.'),(775,378,3,'Quas eos qui dicta.'),(776,379,2,'Ducimus qui aperiam ut fugit.'),(777,380,3,'Alias sit facere eius sed.'),(778,381,5,'Et vel ea aut facilis.'),(779,382,3,'Sequi ut porro veritatis.'),(780,383,5,'Et quis rerum similique et.'),(781,384,3,'Aut molestiae a ad nemo.'),(782,385,0,'Aut nam facilis et libero et.'),(783,386,5,'Dolore qui dolores impedit.'),(784,387,2,'Eius aut ad deserunt at esse.'),(785,388,0,'Maxime est qui in quia quae.'),(786,389,5,'Ut deleniti vel ut quis ut.'),(787,390,3,'Id et nihil eveniet voluptas.'),(788,391,4,'Eum ad in magni a eos.'),(789,392,3,'Eum inventore commodi aut.'),(790,393,3,'Quis ut veritatis dolores.'),(791,394,0,'Animi ut quas sit.'),(792,395,3,'Est minima aut aut.'),(793,396,2,'Rerum minima ut non nobis.'),(794,397,3,'Non ut non aut distinctio.'),(795,1,5,'Et illo pariatur optio iure.'),(796,2,3,'Velit aut autem nam quisquam.'),(797,3,3,'Dolor facere sit omnis et.'),(798,4,5,'Sed voluptatem id ut id.'),(799,5,1,'Quae et quis cumque velit.'),(800,6,0,'Sint esse tenetur ut qui.'),(801,7,0,'Omnis qui adipisci sint sit.'),(802,8,4,'Et omnis eveniet quis.'),(803,9,5,'Veniam molestiae voluptas et.'),(804,10,2,'Doloribus quaerat et cumque.'),(805,11,0,'Eaque illum et est.'),(806,12,4,'Et eaque commodi esse.'),(807,13,4,'Vel tenetur est qui quia non.'),(808,14,4,'Nostrum est et dolores.'),(809,15,1,'Nihil non corporis unde quia.'),(810,16,5,'Esse rerum qui vero.'),(811,17,2,'Sint fugiat maiores delectus.'),(812,18,4,'A ea sunt cum et.'),(813,19,3,'Ut esse qui rerum fuga.'),(814,20,5,'Et minus eos dolore sit.'),(815,21,1,'Quia voluptas ipsum iusto.'),(816,22,4,'Quis ratione iure ullam.'),(817,23,3,'Dolores est eveniet et alias.'),(818,24,0,'Quo doloribus qui qui sunt.'),(819,25,0,'At repellat eius et.'),(820,26,4,'Explicabo et sunt beatae.'),(821,27,2,'Et quo maxime alias mollitia.'),(822,28,3,'Sed ut quas rerum optio.'),(823,29,3,'Dolorem minima vitae iste.'),(824,30,1,'Minima molestiae aut quis.'),(825,31,2,'Mollitia quia autem sequi.'),(826,32,1,'Dolorum illo voluptatibus ad.'),(827,33,0,'Totam quam ex facere porro.'),(828,34,0,'Est ut sint quia.'),(829,35,1,'Et inventore fuga nisi in.'),(830,36,1,'Et eos eum quidem eos.'),(831,37,2,'Vel est rem magnam beatae.'),(832,38,3,'Sunt repellat aut rerum est.'),(833,39,3,'Animi maiores est assumenda.'),(834,40,1,'Ea aut quae nisi officiis.'),(835,41,3,'Recusandae quia rem iusto.'),(836,42,2,'Aut itaque qui accusamus qui.'),(837,43,3,'Itaque nisi quia repellendus.'),(838,44,5,'Rem quae enim qui dolorem.'),(839,45,5,'Nesciunt iusto et aut fugiat.'),(840,46,0,'At et eaque asperiores sint.'),(841,47,5,'Est ratione distinctio omnis.'),(842,48,3,'Vero omnis rem expedita quia.'),(843,49,2,'Officia quia rerum sed.'),(844,50,0,'Distinctio alias qui est.'),(845,51,2,'Quod quasi qui qui.'),(846,52,1,'Sit dolores atque qui nam.'),(847,53,2,'Sint autem modi ut natus.'),(848,54,0,'Eius nesciunt et repellat in.'),(849,55,0,'Voluptate sed nam eos animi.'),(850,56,1,'Numquam voluptate sed ex ut.'),(851,57,2,'Laudantium dolor sed nemo et.'),(852,58,3,'Nobis qui et qui quia.'),(853,59,2,'Amet et officia non in.'),(854,60,0,'Officiis fuga sint nihil ut.'),(855,61,2,'Sit et quos in sint.'),(856,62,5,'Eos eius impedit quam rem.'),(857,63,1,'Ducimus temporibus sit neque.'),(858,64,2,'Sed veniam sit qui velit nam.'),(859,65,2,'Magnam magni et qui sit.'),(860,66,1,'Quaerat aut est ut qui.'),(861,67,2,'Eum omnis sed iusto quo nam.'),(862,68,5,'Ratione iusto ea accusamus.'),(863,69,2,'Vel doloribus in dolorem ex.'),(864,70,5,'Omnis ullam ut ad.'),(865,71,2,'Facilis aut optio nisi illo.'),(866,72,4,'Sunt voluptas est fuga ipsa.'),(867,73,0,'Est et ut error ut voluptas.'),(868,74,5,'Maxime cum quia earum qui.'),(869,75,4,'Quas ut tempore non iure.'),(870,76,3,'Nesciunt aut eum ad commodi.'),(871,77,2,'Enim minima ea harum.'),(872,78,5,'Voluptas qui dolores iste.'),(873,79,0,'Ut ut sint consequatur.'),(874,80,0,'Suscipit iusto esse corporis.'),(875,81,5,'Ipsa quia vel cupiditate.'),(876,82,3,'Totam assumenda illum est.'),(877,83,2,'Magni et et omnis voluptates.'),(878,84,3,'Reprehenderit culpa sed et.'),(879,85,5,'Vel eum ipsum dolores.'),(880,86,4,'Minus ea dolore ut mollitia.'),(881,87,2,'Corrupti aut ut quam enim.'),(882,88,5,'Sapiente et ex dolor.'),(883,89,4,'Unde velit cum quo maiores.'),(884,90,3,'Odit eos ipsa nemo.'),(885,91,2,'Et autem et non vel.'),(886,92,4,'In modi est eos ea.'),(887,93,3,'Earum saepe in non quia.'),(888,94,0,'Doloribus et sunt quia sint.'),(889,95,2,'Aut ipsum aut quam nemo.'),(890,96,5,'Illo saepe pariatur sed.'),(891,97,1,'Accusamus optio aliquam qui.'),(892,98,0,'Corporis ut quia ut et nulla.'),(893,99,0,'Autem consequatur et quidem.'),(894,100,2,'Omnis ipsa reiciendis ut non.'),(895,101,5,'Harum ut corrupti et.'),(896,102,5,'Tenetur vel ab amet rem.'),(897,103,5,'Et sed fugit inventore earum.'),(898,104,0,'Dolorum voluptatem et modi.'),(899,105,3,'Qui quasi iste qui eligendi.'),(900,106,1,'Iure nostrum rem suscipit.'),(901,107,0,'Sit ad quam officiis quae.'),(902,108,0,'Corrupti ut voluptatem unde.'),(903,109,2,'Voluptatem eius at aut optio.'),(904,110,0,'Velit non id a eum.'),(905,111,3,'Eos facere a sit earum et.'),(906,112,4,'Aut fugiat et dolorem magnam.'),(907,113,4,'Quae hic ullam veritatis.'),(908,114,5,'Eligendi sit sint dolore.'),(909,115,4,'Aperiam aut ea ad dolorem.'),(910,116,5,'Quia quia modi aut molestiae.'),(911,117,0,'Animi praesentium cum dolor.'),(912,118,4,'Est iure eos et alias.'),(913,119,0,'Qui placeat et ipsa.'),(914,120,0,'Sint est dolorem non dolor.'),(915,121,3,'Non inventore nisi qui et.'),(916,122,1,'Qui ut veritatis non.'),(917,123,3,'Eos nihil delectus qui velit.'),(918,124,4,'Fugit explicabo minus omnis.'),(919,125,0,'Magni et velit illo.'),(920,126,5,'Velit beatae quia omnis sint.'),(921,127,2,'Quia quae ad sed a.'),(922,128,4,'Aut vitae itaque repellendus.'),(923,129,5,'Sit quisquam nam nihil.'),(924,130,4,'Cupiditate ex eum et in nisi.'),(925,131,5,'Ut odio corrupti qui culpa.'),(926,132,2,'Et fuga vel tempora amet.'),(927,133,4,'Quis qui praesentium facilis.'),(928,134,4,'Cum saepe voluptas delectus.'),(929,135,0,'Maxime aut odio non quod.'),(930,136,1,'Provident qui culpa quas.'),(931,137,4,'Nostrum esse ut dolor quia.'),(932,138,1,'Omnis dolores qui est cum.'),(933,139,0,'Sint ut fugiat facere sunt.'),(934,140,1,'Corporis odio incidunt amet.'),(935,141,1,'Qui nemo eligendi iusto.'),(936,142,2,'Qui et rerum in voluptatem.'),(937,143,1,'Esse praesentium quae sed.'),(938,144,2,'Nulla quo velit commodi ut.'),(939,145,4,'Officiis ea sit sint et quos.'),(940,146,0,'Est enim qui non velit.'),(941,147,4,'Autem culpa id recusandae.'),(942,148,0,'A iusto perspiciatis eos quo.'),(943,149,0,'Quo et harum minus.'),(944,150,5,'Est aut quam esse.'),(945,151,5,'Sint dolorum et sunt omnis.'),(946,152,5,'Aut cumque et itaque magnam.'),(947,153,1,'Est et autem eius.'),(948,154,4,'Ad qui delectus sunt omnis.'),(949,155,0,'Et quis animi voluptatem et.'),(950,156,0,'Labore iste commodi et dolor.'),(951,157,2,'Dolor nisi explicabo vero.'),(952,158,3,'In eum sed eveniet in iure.'),(953,159,1,'Distinctio rem ut quas est.'),(954,160,0,'Architecto qui quis sit.'),(955,161,0,'Facere aspernatur eos et.'),(956,162,3,'Quia et quam delectus et.'),(957,163,2,'Pariatur non ut impedit est.'),(958,164,4,'Id vel fuga incidunt.'),(959,165,3,'Ullam non iusto quis.'),(960,166,0,'Placeat vitae nostrum ut.'),(961,167,0,'Quia vitae eaque sint neque.'),(962,168,0,'Maiores non eius beatae ea.'),(963,169,5,'In eius consectetur earum ex.'),(964,170,1,'Hic odit ut quasi.'),(965,171,2,'Aliquam optio facilis est.'),(966,172,0,'Id sit est consequatur.'),(967,173,3,'Hic non et et.'),(968,174,1,'Eum quam praesentium esse.'),(969,175,5,'Ut rerum et vel numquam.'),(970,176,0,'Qui voluptatum aperiam alias.'),(971,177,5,'Enim sint sed fuga in.'),(972,178,4,'Ipsam quibusdam aut iure.'),(973,179,1,'Non aut et velit.'),(974,180,3,'Autem neque aut reiciendis.'),(975,181,3,'Odit fugiat architecto illum.'),(976,182,4,'Nemo totam totam blanditiis.'),(977,183,2,'Quidem iste eius quod iure.'),(978,184,0,'Fuga velit ab est odio.'),(979,185,5,'Ut porro iure ex et magni.'),(980,186,2,'Qui quasi reprehenderit est.'),(981,187,3,'Eligendi dolores itaque cum.'),(982,188,5,'Et ut sit et sequi.'),(983,189,4,'Necessitatibus qui et modi.'),(984,190,2,'Quas minus aperiam quae.'),(985,191,3,'Quos commodi quas est ab id.'),(986,192,2,'Atque expedita aut quod.'),(987,193,0,'Incidunt quia ut a.'),(988,194,4,'Qui tempore nemo iure at.'),(989,195,4,'Expedita laborum quo et.'),(990,196,5,'At aut voluptas dolores quis.'),(991,197,5,'Ad saepe est quis.'),(992,198,1,'Sint vitae ut nihil eum qui.'),(993,199,3,'Sed et mollitia et.'),(994,200,1,'Alias non et dolorem ut.'),(995,201,4,'Sed et in est veritatis.'),(996,202,2,'Itaque esse ut amet quia.'),(997,203,4,'Similique aut quibusdam ea.'),(998,204,3,'Ut qui reiciendis rerum.'),(999,205,1,'Et quo in quia.'),(1000,206,5,'Iusto iste quo quas eius et.'),(1001,207,0,'Ut sapiente velit asperiores.'),(1002,208,3,'Ea et modi magnam est.'),(1003,209,3,'Magnam ipsam saepe sapiente.'),(1004,210,2,'Magnam ut eius doloremque.'),(1005,211,2,'Et culpa illum autem.'),(1006,212,4,'Quia dolor soluta excepturi.'),(1007,213,1,'Architecto sit qui est.'),(1008,214,5,'Alias quod ducimus sed sequi.'),(1009,215,2,'Id est voluptates aut in.'),(1010,216,1,'Fuga est placeat impedit cum.'),(1011,217,0,'Voluptas quod est optio.'),(1012,218,0,'Facilis nobis eum impedit.'),(1013,219,0,'Sit eos accusantium qui.'),(1014,220,3,'Dolorem error neque eius.'),(1015,221,4,'Ea nisi impedit nesciunt hic.'),(1016,222,2,'Id est ad odit aspernatur.'),(1017,223,5,'Qui sint ut distinctio.'),(1018,224,5,'Et deserunt voluptates quia.'),(1019,225,2,'Omnis pariatur culpa vero.'),(1020,226,1,'Iste eligendi et expedita.'),(1021,227,1,'Et qui eum tempore.'),(1022,228,2,'Sed non aut nam qui.'),(1023,229,4,'Est nulla qui provident sed.'),(1024,230,5,'Vero error officiis rem.'),(1025,231,5,'Fuga repudiandae non eos sed.'),(1026,232,2,'Quia eum sint omnis magni.'),(1027,233,1,'Veniam magnam earum quia ea.'),(1028,234,5,'Sit adipisci minus qui atque.'),(1029,235,2,'Et quisquam totam voluptatem.'),(1030,236,1,'Ea aut et in non.'),(1031,237,5,'Ad ut est mollitia quasi sit.'),(1032,238,5,'Perferendis et quia quia.'),(1033,239,3,'Aut fugiat repudiandae aut.'),(1034,240,4,'Ut et et sed ut ut.'),(1035,241,5,'Quia sed quam est.'),(1036,242,3,'Est quia eum qui provident.'),(1037,243,5,'Maiores repellat et ullam et.'),(1038,244,1,'Ad ut laudantium aut.'),(1039,245,5,'A in dolores molestiae.'),(1040,246,3,'Ex fuga et sed beatae est.'),(1041,247,1,'Corrupti sint qui aut et.'),(1042,248,0,'Itaque magni rerum eligendi.'),(1043,249,0,'Consequatur natus quia modi.'),(1044,250,5,'Id aut est et a.'),(1045,251,5,'Quo dolor et cum.'),(1046,252,5,'Quaerat vel cumque quae.'),(1047,253,5,'Ut et sed hic.'),(1048,254,5,'Optio ex sint ex perferendis.'),(1049,255,3,'Sed omnis quia sed nostrum.'),(1050,256,5,'Sed quisquam hic voluptas ut.'),(1051,257,4,'Ut ut aut dolorum ut.'),(1052,258,2,'Ea autem id nihil.'),(1053,259,1,'Ut quibusdam velit qui.'),(1054,260,5,'Modi ad ea et numquam.'),(1055,261,1,'Dolorum et quo unde alias.'),(1056,262,1,'Eum numquam quis quia.'),(1057,263,5,'Sed autem iure veniam eaque.'),(1058,264,3,'Natus neque dolores ea id.'),(1059,265,0,'Qui eum autem mollitia ut.'),(1060,266,4,'Quo qui eaque ut cum enim.'),(1061,267,1,'Et unde quo magnam.'),(1062,268,3,'Nihil quo cumque nisi.'),(1063,269,4,'Nostrum nobis sequi eos.'),(1064,270,2,'Qui in hic error voluptatem.'),(1065,271,0,'Est possimus animi quos ipsa.'),(1066,272,5,'Quis placeat id incidunt sit.'),(1067,273,2,'Qui eveniet quod perferendis.'),(1068,274,2,'Modi autem quaerat omnis non.'),(1069,275,4,'Ex dolores fugit est.'),(1070,276,5,'Rem similique odit culpa.'),(1071,277,4,'Quas est laudantium a sit.'),(1072,278,1,'Quam sit magnam rerum sint.'),(1073,279,1,'At atque omnis nesciunt odio.'),(1074,280,3,'Praesentium et quaerat et.'),(1075,281,0,'Officiis mollitia natus enim.'),(1076,282,0,'Ullam id quas odit quia.'),(1077,283,3,'Ut placeat in velit qui.'),(1078,284,4,'Aut fuga molestiae hic.'),(1079,285,3,'Et quod tenetur nostrum.'),(1080,286,5,'Doloribus et totam aut.'),(1081,287,2,'Vel nostrum adipisci aliquam.'),(1082,288,0,'Animi quod dignissimos a.'),(1083,289,2,'Nemo nihil et nisi.'),(1084,290,3,'Molestias harum quod eos.'),(1085,291,0,'Rerum dolor autem est quia.'),(1086,292,0,'Vero assumenda rem est ad.'),(1087,293,2,'Sed asperiores hic sit omnis.'),(1088,294,5,'Ut a beatae suscipit.'),(1089,295,0,'Illo nam sit ut nobis non.'),(1090,296,1,'Non quo ea id dolorem.'),(1091,297,5,'Deleniti est omnis provident.'),(1092,298,4,'Quis eos est accusantium.'),(1093,299,3,'Nulla aut illum iste eaque.'),(1094,300,1,'Magnam illum officia et.'),(1095,301,5,'Ad aut reiciendis sit ea.'),(1096,302,3,'Eum delectus itaque autem in.'),(1097,303,1,'Omnis enim alias et eligendi.'),(1098,304,2,'Repellendus qui eos non ut.'),(1099,305,4,'Et animi in dolor.'),(1100,306,4,'Aut dolor sunt qui.'),(1101,307,5,'Dolorem occaecati in et.'),(1102,308,1,'Ad est quia sequi.'),(1103,309,0,'Magni rem qui debitis eum.'),(1104,310,4,'Quae et fuga ea.'),(1105,311,2,'Sed id totam quod cumque.'),(1106,312,1,'Accusantium deserunt sit ut.'),(1107,313,0,'Sunt non quia illum at.'),(1108,314,0,'Quo ut rerum qui sint.'),(1109,315,4,'Quo reiciendis velit ea.'),(1110,316,3,'Praesentium aut quis illum.'),(1111,317,1,'Ut esse ut sed et mollitia.'),(1112,318,3,'Vitae illo blanditiis vero.'),(1113,319,4,'Hic dolorem sit non eos.'),(1114,320,1,'Amet ut aut aut quia harum.'),(1115,321,1,'Ipsam maiores culpa voluptas.'),(1116,322,5,'Ut temporibus itaque dolore.'),(1117,323,5,'Quibusdam officia qui sint.'),(1118,324,2,'Deserunt quos quam suscipit.'),(1119,325,4,'Accusantium fuga sed in in.'),(1120,326,1,'Saepe et at quo voluptatibus.'),(1121,327,3,'Qui qui expedita commodi sit.'),(1122,328,5,'Ut quia sint odit qui.'),(1123,329,4,'Quo ut qui in quis.'),(1124,330,0,'Nam illo laudantium placeat.'),(1125,331,2,'Eius nisi ut minus.'),(1126,332,4,'Esse ducimus aut sint.'),(1127,333,5,'Quia sunt at reiciendis et.'),(1128,334,3,'Fugiat et ea dolorem impedit.'),(1129,335,0,'Nihil ad error dolorem.'),(1130,336,1,'Nobis nemo non voluptas non.'),(1131,337,1,'Ut consequuntur vitae hic.'),(1132,338,2,'Sed libero quod qui vel aut.'),(1133,339,1,'Dolores natus est sed ipsa.'),(1134,340,1,'Ut qui et est.'),(1135,341,1,'Amet quidem aut dignissimos.'),(1136,342,3,'Quod autem sit et assumenda.'),(1137,343,2,'Omnis quidem alias animi.'),(1138,344,3,'Ex nam est odio esse id.'),(1139,345,4,'Et omnis rerum animi.'),(1140,346,5,'Vel eos id quisquam.'),(1141,347,4,'Odit odio cum debitis animi.'),(1142,348,2,'At sint sed sint.'),(1143,349,4,'Deleniti tempora repellat ab.'),(1144,350,2,'Fuga qui illo soluta nulla.'),(1145,351,2,'Quo ex quod et et sed.'),(1146,352,1,'Eos nisi sint sint et.'),(1147,353,5,'Illo et ut voluptas neque.'),(1148,354,2,'Fugit culpa ut unde qui.'),(1149,355,3,'Voluptatem modi sed aut.'),(1150,356,4,'Voluptate est corrupti ut.'),(1151,357,5,'Quisquam ab voluptas aliquam.'),(1152,358,0,'Dolores sequi aut laborum.'),(1153,359,0,'Non at est nam voluptatem.'),(1154,360,0,'Velit nulla aut numquam ut.'),(1155,361,2,'Sed quis autem quos.'),(1156,362,1,'At non est et rerum.'),(1157,363,1,'Sed maxime hic est atque a.'),(1158,364,1,'Adipisci omnis id quo omnis.'),(1159,365,4,'Quod quia est et ut aut vero.'),(1160,366,5,'Earum ab voluptas porro.'),(1161,367,3,'Iste eos quae in.'),(1162,368,2,'Nihil molestiae eius et.'),(1163,369,1,'Non eum rem ad quibusdam.'),(1164,370,2,'Eius autem et atque ipsa.'),(1165,371,4,'Consequatur est harum esse.'),(1166,372,0,'Enim non dolore earum.'),(1167,373,3,'Rem est ab quia est quo.'),(1168,374,4,'Facilis dolor voluptas aut.'),(1169,375,5,'Rerum quia maxime ut alias.'),(1170,376,4,'Quos quis hic quod aut.'),(1171,377,4,'Harum et iusto id.'),(1172,378,0,'Et ut est veniam rerum.'),(1173,379,5,'Laborum quia veritatis vel.'),(1174,380,4,'Sit nesciunt aut qui nulla.'),(1175,381,0,'Facilis voluptates vitae ex.'),(1176,382,3,'Autem nam qui animi.'),(1177,383,3,'Suscipit quia vitae in.'),(1178,384,2,'Sed nam ipsa nihil nam.'),(1179,385,1,'Quos fuga labore aut sunt.'),(1180,386,0,'Error ut sit repellat ipsam.'),(1181,387,0,'Incidunt temporibus enim sed.'),(1182,388,5,'Ea sed ipsa debitis eum.'),(1183,389,0,'Ab ut beatae a qui.'),(1184,390,5,'Vero minus aut et.'),(1185,391,0,'Qui quo quae et eum possimus.'),(1186,392,1,'Atque molestiae minus ea sed.'),(1187,393,4,'Ut modi ipsum dolorem sequi.'),(1188,394,3,'Iste hic eaque quidem.'),(1189,395,4,'Autem ea nisi ipsa.'),(1190,396,4,'Harum enim dolorem et quo.'),(1191,397,5,'Eum totam sit quasi.'),(1192,1,5,'Eum eos corrupti optio sequi.'),(1193,2,3,'Vel id non accusamus nisi.'),(1194,3,4,'Maiores aut alias accusamus.'),(1195,4,0,'Et ad sint maiores rerum.'),(1196,5,4,'Eum laudantium quas ut.'),(1197,6,1,'Ut nobis qui earum aut.'),(1198,7,3,'Ut quisquam veniam eum et.'),(1199,8,2,'Ut quia nulla quae tenetur.'),(1200,9,0,'Cum quidem quo quas sint.'),(1201,10,3,'Sint vel id voluptas eum.'),(1202,11,2,'Nostrum cumque et dolorum.'),(1203,12,2,'Assumenda voluptas sunt aut.'),(1204,13,0,'Ut quod qui non aliquam.'),(1205,14,4,'Non non qui ratione unde non.'),(1206,15,1,'Est eos velit quo architecto.'),(1207,16,0,'Et ut rerum natus.'),(1208,17,0,'Hic aut a nam nisi.'),(1209,18,2,'Voluptatum aut saepe quia et.'),(1210,19,2,'At qui voluptas fugiat sint.'),(1211,20,1,'Qui quaerat veniam dolores.'),(1212,21,3,'Provident temporibus in quam.'),(1213,22,2,'Et sit numquam quas delectus.'),(1214,23,1,'Qui ullam vel porro.'),(1215,24,3,'Debitis ut quos in mollitia.'),(1216,25,4,'Magni ea quidem mollitia.'),(1217,26,4,'Quia eaque dolores dolores.'),(1218,27,5,'Tempora aut ea est voluptate.'),(1219,28,4,'Et ab asperiores ducimus.'),(1220,29,2,'Assumenda et eius ut magni.'),(1221,30,0,'Et velit ut aliquid fuga.'),(1222,31,1,'Qui et animi mollitia sequi.'),(1223,32,5,'Illo non culpa omnis.'),(1224,33,2,'Aperiam et quas cum velit.'),(1225,34,5,'Blanditiis iste quod a aut.'),(1226,35,5,'Veniam sed autem quo non.'),(1227,36,5,'Omnis ut nisi aut neque ut.'),(1228,37,2,'Quia dicta modi quas facere.'),(1229,38,1,'Quidem et voluptates velit.'),(1230,39,4,'Dolorum totam error ut.'),(1231,40,2,'Et et sed aliquid qui ut.'),(1232,41,1,'Aliquid aut harum quam dolor.'),(1233,42,2,'Est sunt porro quia sit.'),(1234,43,4,'Aut consequuntur eum eum.'),(1235,44,4,'Et nemo possimus beatae.'),(1236,45,4,'Ea sit ad aut.'),(1237,46,4,'Nostrum cumque tempora cum.'),(1238,47,4,'Aut est omnis quis amet.'),(1239,48,4,'Est qui reprehenderit itaque.'),(1240,49,0,'Odit sunt est vero sapiente.'),(1241,50,3,'Alias non quae numquam.'),(1242,51,1,'Aut et omnis consequatur est.'),(1243,52,0,'Velit nihil atque ut aut.'),(1244,53,4,'Et tenetur nisi ad animi a.'),(1245,54,4,'Ipsum saepe consectetur quis.'),(1246,55,1,'Soluta sed non natus commodi.'),(1247,56,2,'Ut nemo commodi ipsum.'),(1248,57,2,'Consectetur dolores hic eos.'),(1249,58,3,'Natus delectus et quis harum.'),(1250,59,2,'Et hic eaque non optio iure.'),(1251,60,1,'Magni nihil sequi sed soluta.'),(1252,61,0,'Eos et iusto rerum et ipsam.'),(1253,62,4,'Esse et beatae et ratione.'),(1254,63,3,'Vel amet ipsam aut natus.'),(1255,64,1,'Est eum delectus vitae sunt.'),(1256,65,3,'Ut neque quod et quae sed et.'),(1257,66,4,'Quo qui ut atque provident.'),(1258,67,4,'Aut vitae nam quod quia.'),(1259,68,4,'Minus amet voluptas esse.'),(1260,69,3,'Veritatis non autem fuga sed.'),(1261,70,0,'Sit quod aut ut.'),(1262,71,0,'Beatae est et incidunt sint.'),(1263,72,5,'Esse cumque facilis ut.'),(1264,73,0,'Vero non in quos nam.'),(1265,74,4,'Ut est quidem et officiis.'),(1266,75,3,'Voluptas placeat et quis.'),(1267,76,1,'Et ut quidem labore adipisci.'),(1268,77,5,'Quae ipsum quia quam.'),(1269,78,1,'Libero error eum voluptatem.'),(1270,79,2,'Doloribus ea eos quae.'),(1271,80,2,'Corrupti assumenda et qui.'),(1272,81,3,'Reiciendis magni ut quas.'),(1273,82,2,'Rem cum ipsam ut quis.'),(1274,83,1,'Non corrupti reiciendis hic.'),(1275,84,3,'Nihil aliquid deserunt aut.'),(1276,85,3,'Ut eum atque sit.'),(1277,86,5,'Laboriosam non quod rerum.'),(1278,87,3,'Vel aut eum est rerum quasi.'),(1279,88,2,'Nihil quos earum sequi et.'),(1280,89,2,'Fugiat quis est quia.'),(1281,90,1,'Minima voluptatibus aut quis.'),(1282,91,0,'Explicabo quia eum autem.'),(1283,92,0,'Modi sed ea odio fuga ipsum.'),(1284,93,0,'Harum eius eum quis ducimus.'),(1285,94,4,'Fugiat eius aut et qui.'),(1286,95,4,'Ullam sit reprehenderit aut.'),(1287,96,5,'Sint cum quo quibusdam.'),(1288,97,1,'Numquam hic ut unde.'),(1289,98,3,'Beatae eos sint suscipit.'),(1290,99,3,'Quis non sint unde id.'),(1291,100,5,'Voluptatem sed sed quia quis.'),(1292,101,0,'Ea fuga nobis ut.'),(1293,102,3,'Maiores et harum nihil.'),(1294,103,1,'Est non labore voluptas ipsa.'),(1295,104,0,'Maxime unde ut ea minima.'),(1296,105,0,'Et voluptatem aut ut.'),(1297,106,0,'Veritatis aut qui et nihil.'),(1298,107,0,'Aut tempore id vero dolorum.'),(1299,108,4,'Ipsam velit possimus eum.'),(1300,109,1,'Facere incidunt occaecati ut.'),(1301,110,4,'Eum veniam et deserunt aut.'),(1302,111,1,'Quae est eum qui autem.'),(1303,112,2,'Qui asperiores non quia quo.'),(1304,113,5,'Explicabo sunt est harum et.'),(1305,114,0,'Dolore provident sit sed.'),(1306,115,0,'Molestiae ut sint dolor aut.'),(1307,116,2,'Esse possimus officia est ut.'),(1308,117,5,'Aliquam impedit esse ut.'),(1309,118,3,'Iure quae totam nesciunt aut.'),(1310,119,3,'Unde quis ea culpa ut ea aut.'),(1311,120,4,'Omnis ut quam aut et dolorem.'),(1312,121,4,'Ea optio aut ea debitis.'),(1313,122,3,'Dicta deleniti soluta rerum.'),(1314,123,4,'Quia a et numquam.'),(1315,124,2,'Cupiditate enim ut incidunt.'),(1316,125,5,'Rerum voluptatem at minus.'),(1317,126,2,'Atque odio dolorum sunt iure.'),(1318,127,5,'Et autem in maiores aut modi.'),(1319,128,2,'Quam eum natus velit.'),(1320,129,5,'Sed fugit nihil sunt.'),(1321,130,5,'Rerum quis commodi ut.'),(1322,131,1,'Aut animi est ad ut rerum.'),(1323,132,0,'Quia aut ratione et minima.'),(1324,133,1,'Eum dolore occaecati aliquid.'),(1325,134,3,'Sequi aut ea qui quis.'),(1326,135,3,'Quidem tempora dolor quia.'),(1327,136,5,'Id quam ut et corrupti.'),(1328,137,4,'Qui ut quisquam et rerum.'),(1329,138,4,'A labore voluptatem velit et.'),(1330,139,4,'Qui aut non reiciendis et.'),(1331,140,4,'Tempore sunt aperiam et.'),(1332,141,0,'Aspernatur sit a nihil.'),(1333,142,2,'Autem omnis ex neque est.'),(1334,143,0,'Et nemo neque quo deserunt.'),(1335,144,5,'Sequi velit ut rem.'),(1336,145,3,'Soluta sunt ut tenetur illo.'),(1337,146,0,'Dicta et vero nam ipsam.'),(1338,147,3,'Aut quia voluptas fuga.'),(1339,148,0,'Fugiat itaque aliquid magnam.'),(1340,149,3,'Id quod sed quis.'),(1341,150,4,'In dicta assumenda sunt nam.'),(1342,151,5,'Et et sed rerum fugiat.'),(1343,152,0,'Ut est sit est quaerat.'),(1344,153,3,'Omnis enim est vel ratione.'),(1345,154,5,'Cupiditate esse a error.'),(1346,155,0,'Quidem porro dignissimos qui.'),(1347,156,1,'Velit ea velit non aperiam.'),(1348,157,0,'Qui ea id aut dolore.'),(1349,158,4,'Quo enim animi in numquam.'),(1350,159,3,'Quod non est est sunt.'),(1351,160,2,'Et non sed in perspiciatis.'),(1352,161,0,'Aut ut rem nostrum nihil.'),(1353,162,2,'Iste fugit totam facere.'),(1354,163,2,'Aut in possimus labore ut.'),(1355,164,3,'Corrupti eos eaque aut.'),(1356,165,5,'Dolorem esse ducimus dolor.'),(1357,166,2,'Ad quo omnis fugit ut in.'),(1358,167,3,'Ea inventore enim ut magnam.'),(1359,168,2,'Aut perferendis est iure.'),(1360,169,4,'Est et quo corrupti sequi.'),(1361,170,1,'At nesciunt quae ex.'),(1362,171,5,'Doloribus quo veniam est.'),(1363,172,3,'Ut minus est ad fugiat.'),(1364,173,4,'Et aut facere dolorem.'),(1365,174,4,'Eos dolorum et consequatur.'),(1366,175,0,'Et rem labore amet rem.'),(1367,176,3,'Sint quaerat aut et omnis.'),(1368,177,4,'Quo dolore inventore aut et.'),(1369,178,2,'Enim error ut corrupti sequi.'),(1370,179,5,'Ut ducimus rerum quo velit.'),(1371,180,2,'Culpa illo et amet.'),(1372,181,5,'Repellat sit et nisi.'),(1373,182,4,'Sint corporis sunt ea nisi.'),(1374,183,0,'Aut ad est dolore iste ex.'),(1375,184,0,'Dolorum nesciunt et ea.'),(1376,185,0,'Suscipit est odio modi.'),(1377,186,3,'Et reiciendis at maiores.'),(1378,187,4,'Ut adipisci enim eos nostrum.'),(1379,188,5,'Eos sit et placeat nisi non.'),(1380,189,1,'Et quia qui rerum vero.'),(1381,190,5,'Ipsum in sit reprehenderit.'),(1382,191,2,'Nihil omnis est rerum.'),(1383,192,4,'Earum ut blanditiis modi.'),(1384,193,4,'Cum illo quo ea non.'),(1385,194,1,'Ex unde commodi sed qui.'),(1386,195,5,'Amet ratione sit ipsa.'),(1387,196,2,'Dolor quis adipisci ut.'),(1388,197,5,'Quia perferendis et id esse.'),(1389,198,0,'Excepturi quo sit voluptatem.'),(1390,199,2,'Beatae et et ipsum animi.'),(1391,200,1,'Et est possimus eos et quis.'),(1392,201,5,'Ratione aut et totam est.'),(1393,202,2,'Nulla quaerat dicta est modi.'),(1394,203,1,'Ut fugiat ea fuga.'),(1395,204,2,'Eum non molestias cumque est.'),(1396,205,1,'Repellat ut in nihil ut.'),(1397,206,0,'Facilis sed et deserunt.'),(1398,207,1,'Qui eaque ut vero eos.'),(1399,208,5,'Ut iste et et quis.'),(1400,209,2,'Hic quod et at harum omnis.'),(1401,210,1,'Magni a culpa sit alias.'),(1402,211,2,'Optio et rerum porro.'),(1403,212,1,'Aliquid earum est eos quia.'),(1404,213,4,'Et sapiente ad iusto ab.'),(1405,214,0,'Fuga vel sint ab.'),(1406,215,2,'Ut dolorum qui blanditiis.'),(1407,216,1,'Aut quos rerum voluptas.'),(1408,217,3,'Eos et ea debitis quia.'),(1409,218,1,'Illum ut id eius commodi.'),(1410,219,4,'Sint qui ullam a blanditiis.'),(1411,220,3,'Beatae labore ab quisquam.'),(1412,221,2,'Quis id cupiditate illo et.'),(1413,222,4,'Ut cum voluptas rerum.'),(1414,223,4,'Fugiat nesciunt dolorem sunt.'),(1415,224,1,'Sunt ullam magnam ut et non.'),(1416,225,2,'Quam aut in nam.'),(1417,226,5,'In aut sed iure cumque.'),(1418,227,3,'Quia minus ab quae qui.'),(1419,228,2,'Ut architecto quod corporis.'),(1420,229,3,'Labore illum corporis fugit.'),(1421,230,5,'Tempore omnis ut rem eveniet.'),(1422,231,4,'Quasi corrupti est qui.'),(1423,232,1,'Quos eius inventore at quia.'),(1424,233,0,'Consequuntur aut error quod.'),(1425,234,4,'Culpa odit deserunt velit.'),(1426,235,2,'In in eum ut veritatis est.'),(1427,236,4,'Ut culpa ipsa vel sit.'),(1428,237,4,'Iste nostrum eaque a et.'),(1429,238,3,'Id id qui id itaque et fugit.'),(1430,239,1,'Et eos qui rerum corporis.'),(1431,240,5,'Possimus sint quia qui quia.'),(1432,241,3,'Harum dolorem quod sed quia.'),(1433,242,5,'Deleniti velit aut ea.'),(1434,243,1,'In in in eius est laborum et.'),(1435,244,5,'Qui odit aut minus.'),(1436,245,5,'Vel nemo ut enim voluptatum.'),(1437,246,0,'Quod sunt eius beatae.'),(1438,247,4,'Hic qui vitae iusto aut.'),(1439,248,5,'Sapiente nihil nobis qui est.'),(1440,249,3,'Sunt aut rerum saepe.'),(1441,250,3,'Est qui ipsa et sit ut.'),(1442,251,5,'Facere sint ut ex.'),(1443,252,0,'Nobis quae labore quam et.'),(1444,253,4,'Quia animi amet quia harum.'),(1445,254,0,'Ullam fugiat quo libero.'),(1446,255,4,'Qui fuga magni ut error.'),(1447,256,0,'Quisquam nihil in id non.'),(1448,257,1,'Nemo sit sapiente reiciendis.'),(1449,258,3,'Odio nulla autem ut nemo.'),(1450,259,0,'Quo omnis cum qui.'),(1451,260,3,'Itaque incidunt porro ex.'),(1452,261,1,'Natus sed pariatur et est.'),(1453,262,1,'Sunt voluptatibus dolore et.'),(1454,263,4,'Ullam libero placeat qui.'),(1455,264,1,'Quam culpa unde id numquam.'),(1456,265,2,'Sapiente ut ut unde.'),(1457,266,2,'Adipisci similique et ut ut.'),(1458,267,1,'Non ut ratione aut aut.'),(1459,268,4,'Ducimus alias ea ad.'),(1460,269,2,'Quia ut libero eligendi.'),(1461,270,0,'Unde et voluptas tenetur.'),(1462,271,1,'Dolore ea nihil incidunt nam.'),(1463,272,5,'Quod dolore rerum et et.'),(1464,273,2,'Et qui unde quae.'),(1465,274,4,'Id ut odio amet error.'),(1466,275,5,'Sit non soluta nihil id.'),(1467,276,4,'Omnis qui blanditiis est.'),(1468,277,5,'Aspernatur ea et optio ut.'),(1469,278,1,'At magni esse ut sit ut.'),(1470,279,2,'Hic quas libero quo ab.'),(1471,280,4,'Et porro ut ut non.'),(1472,281,2,'Qui odit nisi eum ut.'),(1473,282,3,'Quia aut sit pariatur est.'),(1474,283,2,'Id consequatur rerum rerum.'),(1475,284,2,'Aut atque autem et.'),(1476,285,1,'Ea et et voluptas.'),(1477,286,1,'Soluta qui eos sequi et.'),(1478,287,5,'Ut at non aut.'),(1479,288,4,'Qui officia sed aut totam.'),(1480,289,4,'Nostrum quia sit ullam nam.'),(1481,290,5,'Aut deleniti unde culpa.'),(1482,291,2,'Ad est odio molestiae.'),(1483,292,4,'Id libero odio fuga velit.'),(1484,293,4,'Incidunt et qui quis eius.'),(1485,294,0,'Enim delectus at omnis sint.'),(1486,295,2,'Quia sed ex illum aspernatur.'),(1487,296,0,'Veniam sit nihil nostrum sed.'),(1488,297,0,'Quae culpa aliquid aut.'),(1489,298,3,'Aperiam quo nesciunt non et.'),(1490,299,3,'Nulla ullam ea dicta libero.'),(1491,300,4,'Et eos vel quidem sit.'),(1492,301,5,'Vel dicta dicta neque ullam.'),(1493,302,3,'Dolorem dolor autem a et qui.'),(1494,303,2,'Quas explicabo ea aut aut.'),(1495,304,4,'Fuga incidunt porro quidem.'),(1496,305,3,'A est enim voluptatem.'),(1497,306,0,'Mollitia qui ad libero.'),(1498,307,2,'Eaque quaerat earum dicta.'),(1499,308,1,'Ullam sint dolores odio.'),(1500,309,0,'Nemo vel autem repudiandae.'),(1501,310,4,'Error quidem ea maiores eius.'),(1502,311,4,'Soluta est ratione aperiam.'),(1503,312,0,'Atque exercitationem quia et.'),(1504,313,1,'Asperiores et odit unde.'),(1505,314,0,'Ut aut fugit dolores.'),(1506,315,0,'Eligendi quia est enim.'),(1507,316,1,'Quae quas laboriosam at.'),(1508,317,3,'Aut ipsam harum aut eum.'),(1509,318,3,'Aperiam vel est fuga soluta.'),(1510,319,4,'Omnis iusto rem ut.'),(1511,320,3,'Qui quis qui deserunt.'),(1512,321,4,'Iusto dolorum quas unde vero.'),(1513,322,3,'Neque et ut deleniti ex sit.'),(1514,323,2,'Iste nam rem enim aut.'),(1515,324,2,'Iusto velit qui ut dolorem.'),(1516,325,2,'Incidunt aut dolorem est.'),(1517,326,5,'Vel ipsa voluptas et ut.'),(1518,327,0,'In in ut rem qui.'),(1519,328,3,'Culpa itaque rerum nulla ut.'),(1520,329,3,'Dicta et enim saepe omnis.'),(1521,330,5,'Modi sed voluptas voluptates.'),(1522,331,3,'Omnis qui qui nam est.'),(1523,332,0,'Eum natus nemo minus ea.'),(1524,333,0,'Sit nobis qui dolor nemo.'),(1525,334,4,'Ut iste nemo id quia.'),(1526,335,1,'Sunt iusto ipsam voluptatem.'),(1527,336,0,'Velit sed ipsa unde.'),(1528,337,4,'Vero accusamus numquam quia.'),(1529,338,0,'Et deserunt id officia sint.'),(1530,339,0,'Est fuga et facilis.'),(1531,340,5,'Est beatae eius saepe.'),(1532,341,3,'Hic porro neque et voluptas.'),(1533,342,5,'Officia ad fugiat sed vitae.'),(1534,343,1,'Ipsa libero doloribus et.'),(1535,344,0,'Unde et inventore at.'),(1536,345,0,'Iure in id quo similique.'),(1537,346,3,'Ullam natus nobis eaque.'),(1538,347,5,'Quis exercitationem ut et.'),(1539,348,4,'Qui optio nemo quia a facere.'),(1540,349,2,'Ut id architecto sed quis.'),(1541,350,2,'Iure et ipsam expedita.'),(1542,351,2,'Ipsum placeat omnis aut.'),(1543,352,0,'Dolorum qui ipsam est minus.'),(1544,353,4,'Quia illum quas quidem.'),(1545,354,4,'Qui quam cum at deserunt.'),(1546,355,5,'Harum quo sit ut blanditiis.'),(1547,356,0,'Est eius ea quibusdam alias.'),(1548,357,5,'Aut qui est quisquam commodi.'),(1549,358,3,'Quo enim veniam quis quia.'),(1550,359,3,'Et animi quia qui et.'),(1551,360,2,'In illo incidunt rerum.'),(1552,361,3,'Sed pariatur ipsum et.'),(1553,362,3,'Hic et iure quas.'),(1554,363,1,'Adipisci ratione nisi id.'),(1555,364,4,'Harum sint atque quis.'),(1556,365,0,'Autem sed similique et sit.'),(1557,366,2,'Ab quisquam debitis numquam.'),(1558,367,5,'Est deserunt doloribus ipsum.'),(1559,368,5,'Inventore eum et est.'),(1560,369,3,'Ex sint eos est omnis velit.'),(1561,370,2,'Quia amet in quos totam.'),(1562,371,0,'Expedita ullam ab eveniet.'),(1563,372,3,'Ab ipsum quasi qui autem.'),(1564,373,3,'Animi perspiciatis nam et.'),(1565,374,4,'Adipisci quam velit rerum ad.'),(1566,375,2,'Dolores nobis suscipit nisi.'),(1567,376,1,'Fugit sapiente et fugit ut.'),(1568,377,2,'Aut similique ut itaque sed.'),(1569,378,5,'Maiores modi eius amet in.'),(1570,379,4,'Et voluptatum doloremque aut.'),(1571,380,1,'Laborum harum quia iste.'),(1572,381,2,'Quia iste autem dolorem sed.'),(1573,382,4,'Neque amet suscipit et.'),(1574,383,2,'Et quia praesentium est est.'),(1575,384,2,'Ea quia ipsa quo dolor.'),(1576,385,1,'Vel id ea veritatis neque.'),(1577,386,2,'Adipisci sit tempore ut.'),(1578,387,1,'Odio neque rem aut.'),(1579,388,1,'Nemo hic tenetur et dolore.'),(1580,389,0,'Qui enim non inventore quia.'),(1581,390,2,'Illum deleniti tempore sit.'),(1582,391,0,'Quo commodi facere aut omnis.'),(1583,392,1,'Ab labore sed est.'),(1584,393,5,'Sequi fuga sunt qui.'),(1585,394,1,'Hic amet voluptate et.'),(1586,395,5,'Est quas molestiae quis est.'),(1587,396,0,'Molestiae ipsa ex laboriosam.'),(1588,397,1,'Et aperiam non dolore nam.'),(1589,1,0,'Non iure reprehenderit animi.'),(1590,2,1,'Dolorum qui est qui id.'),(1591,3,4,'A eum quibusdam odit qui eos.'),(1592,4,1,'Ut molestiae sed eveniet et.'),(1593,5,2,'Occaecati neque sed unde.'),(1594,6,2,'Soluta id et sunt ipsa.'),(1595,7,3,'Unde alias sunt iusto soluta.'),(1596,8,4,'Rerum itaque quia doloribus.'),(1597,9,0,'Fugit et quia at velit.'),(1598,10,5,'Nihil quam maxime et.'),(1599,11,0,'Qui ipsam harum rerum.'),(1600,12,5,'Neque expedita qui porro.'),(1601,13,2,'Vero quo itaque nulla est.'),(1602,14,3,'Mollitia ad vel vero.'),(1603,15,3,'Hic aut rerum officia.'),(1604,16,2,'Totam ratione est porro.'),(1605,17,4,'Saepe aliquid minima sit.'),(1606,18,4,'Sed in saepe autem.'),(1607,19,1,'Ab vel et facilis.'),(1608,20,0,'Fugiat cum ipsum non nostrum.'),(1609,21,2,'Sed est ab autem occaecati.'),(1610,22,2,'Rerum sit optio cumque id.'),(1611,23,2,'Voluptatem laborum et odio.'),(1612,24,0,'Sit quod vel in doloribus.'),(1613,25,1,'Et magnam unde nisi.'),(1614,26,3,'Placeat ut officiis quia.'),(1615,27,5,'Ut laborum molestiae non.'),(1616,28,0,'Nemo quia est velit veniam.'),(1617,29,0,'Accusantium enim omnis error.'),(1618,30,2,'Excepturi rem vero rerum.'),(1619,31,0,'Tenetur ipsa aut delectus ea.'),(1620,32,2,'Et corrupti voluptas et.'),(1621,33,1,'Harum cum ab odit distinctio.'),(1622,34,1,'Nulla rerum nisi omnis quasi.'),(1623,35,0,'In blanditiis deserunt est.'),(1624,36,4,'Ut ut quod laboriosam.'),(1625,37,0,'Ad ab illum velit accusamus.'),(1626,38,0,'Sit amet dolores beatae.'),(1627,39,0,'Et quia eum debitis nemo.'),(1628,40,0,'Nemo rerum impedit et.'),(1629,41,0,'Non nam et vero sint earum.'),(1630,42,4,'Tenetur et ex rerum debitis.'),(1631,43,2,'Sint minus sunt qui.'),(1632,44,0,'Et eos enim velit.'),(1633,45,4,'Esse sed aut id quidem.'),(1634,46,3,'Eos est incidunt quis eius.'),(1635,47,3,'Quae ut qui qui voluptas.'),(1636,48,3,'Est qui at quo odit eos.'),(1637,49,5,'Quam et minus provident.'),(1638,50,0,'Temporibus sint laborum est.'),(1639,51,2,'In in cum deleniti aut.'),(1640,52,2,'Id harum pariatur tempore.'),(1641,53,0,'Ut eos sequi et ab vitae.'),(1642,54,1,'Autem aut quos omnis nihil.'),(1643,55,4,'Ab velit est sit doloremque.'),(1644,56,2,'Eum omnis nulla omnis.'),(1645,57,5,'Aut enim ipsam quae error.'),(1646,58,0,'Molestiae in ab qui velit.'),(1647,59,0,'Et sit aut deserunt et.'),(1648,60,1,'Quod aut ipsum aut maxime.'),(1649,61,3,'Et est tempore sed est.'),(1650,62,4,'Hic ex qui et eum veritatis.'),(1651,63,5,'Totam dolorem et velit omnis.'),(1652,64,1,'Nemo velit odit sunt quia.'),(1653,65,2,'Unde quia a soluta autem et.'),(1654,66,2,'Totam et a vitae temporibus.'),(1655,67,4,'Tenetur labore autem et.'),(1656,68,1,'Ab officia fugiat culpa sunt.'),(1657,69,2,'At id nihil excepturi et eum.'),(1658,70,1,'Unde harum voluptatem sit.'),(1659,71,2,'Velit fugit non error.'),(1660,72,3,'Est ex rem natus.'),(1661,73,2,'Et ut quia beatae fugiat.'),(1662,74,4,'Ad placeat et ipsum.'),(1663,75,0,'Eveniet ea amet non et.'),(1664,76,4,'Sit soluta et sit ipsa.'),(1665,77,1,'Quo deserunt ipsum ea est.'),(1666,78,0,'Praesentium a dolore et esse.'),(1667,79,3,'Harum veritatis quo fuga.'),(1668,80,5,'Eos optio molestiae aut.'),(1669,81,0,'Est aliquid voluptas quis.'),(1670,82,0,'Laudantium quia aliquid quo.'),(1671,83,4,'Placeat et provident ducimus.'),(1672,84,1,'Magni quia ut modi.'),(1673,85,5,'Temporibus sed ut sed.'),(1674,86,0,'Quo maiores qui quo in et.'),(1675,87,1,'Possimus eum amet porro.'),(1676,88,2,'Quae quam ipsa aut ut.'),(1677,89,4,'Pariatur vel eveniet quis.'),(1678,90,1,'Velit sed qui ab totam ut.'),(1679,91,5,'Et et et recusandae qui.'),(1680,92,2,'Nam ipsa velit earum porro.'),(1681,93,3,'Eum sit occaecati cumque est.'),(1682,94,3,'Est aut enim doloremque in.'),(1683,95,4,'Et vitae qui nam.'),(1684,96,5,'Ut soluta ea unde odio quia.'),(1685,97,4,'Unde optio error nulla.'),(1686,98,4,'Enim eos ea quia harum.'),(1687,99,5,'Quas aut dolore occaecati.'),(1688,100,4,'Est voluptatem illum optio.'),(1689,101,1,'Et qui impedit voluptatum.'),(1690,102,3,'Molestias dolores quo quam.'),(1691,103,3,'Optio sunt eum consequatur.'),(1692,104,0,'Saepe non placeat aut autem.'),(1693,105,2,'Nemo at dolores ut.'),(1694,106,4,'Non quia et harum provident.'),(1695,107,1,'Ut voluptas ullam pariatur.'),(1696,108,1,'Porro ut quod neque sunt.'),(1697,109,3,'Dolorum qui corporis sit qui.'),(1698,110,3,'Dolore error libero et.'),(1699,111,1,'Non eos quia unde et ut eum.'),(1700,112,4,'Ut nemo nisi non rerum.'),(1701,113,3,'Et quis doloribus et.'),(1702,114,2,'Vero possimus laborum eius.'),(1703,115,5,'Esse repellendus omnis iure.'),(1704,116,5,'Alias reiciendis non harum.'),(1705,117,1,'Ea doloribus et autem quia.'),(1706,118,1,'Eveniet aut quam qui.'),(1707,119,2,'Omnis vel repellat magnam.'),(1708,120,4,'Aut odio omnis magnam.'),(1709,121,2,'A quam dignissimos magni qui.'),(1710,122,1,'Nemo eum voluptates qui.'),(1711,123,1,'Autem nisi distinctio id.'),(1712,124,0,'Iusto sunt placeat porro.'),(1713,125,1,'Dolores rerum esse velit qui.'),(1714,126,3,'Officiis quis laboriosam cum.'),(1715,127,4,'Et soluta quasi ad impedit.'),(1716,128,4,'Incidunt qui aut sunt facere.'),(1717,129,2,'Officiis et voluptatem rerum.'),(1718,130,1,'Molestiae culpa vitae rem.'),(1719,131,2,'Non qui hic rerum.'),(1720,132,3,'Eos nobis ut officiis.'),(1721,133,4,'Et aut facilis esse amet aut.'),(1722,134,2,'Earum eum aut sit officia.'),(1723,135,4,'Rem at sed qui possimus.'),(1724,136,3,'Magni eaque ab nam officiis.'),(1725,137,0,'Ipsam non modi ut.'),(1726,138,5,'Quo facilis vitae nemo.'),(1727,139,2,'Quia odio quasi suscipit.'),(1728,140,1,'In rem non veritatis maxime.'),(1729,141,4,'Quis id temporibus ipsa.'),(1730,142,1,'Ducimus nihil odit neque.'),(1731,143,5,'Ut qui ipsum rerum.'),(1732,144,0,'Quam ducimus eius et quod.'),(1733,145,0,'Sit repellat incidunt iste.'),(1734,146,1,'Repellendus cum qui aut eius.'),(1735,147,1,'Alias ut sit id blanditiis.'),(1736,148,3,'Et ipsam voluptates aut.'),(1737,149,2,'Est dignissimos quos natus.'),(1738,150,0,'Ex vel aperiam minus fuga.'),(1739,151,0,'Voluptatem vel est nulla.'),(1740,152,4,'A magni quas occaecati.'),(1741,153,4,'Iste in numquam in fugit.'),(1742,154,4,'Maiores autem et eaque.'),(1743,155,1,'Cumque est illo aut.'),(1744,156,3,'Eius doloribus velit minus.'),(1745,157,4,'Quas omnis repellat maxime.'),(1746,158,3,'Aut animi culpa dolores sunt.'),(1747,159,4,'Et voluptate non magnam quia.'),(1748,160,4,'Tempore qui earum est minima.'),(1749,161,4,'Nemo illum magnam maxime.'),(1750,162,5,'Ut cupiditate beatae vero.'),(1751,163,2,'Ut ex aut incidunt eum.'),(1752,164,1,'Numquam maiores unde facilis.'),(1753,165,2,'In sit officiis sit ut.'),(1754,166,3,'Qui aliquid sed rerum quo et.'),(1755,167,2,'Doloremque animi culpa aut.'),(1756,168,2,'Assumenda sed aut natus sint.'),(1757,169,2,'Vitae qui esse quas et.'),(1758,170,1,'Perferendis enim enim est.'),(1759,171,2,'Rerum id sunt et et est fuga.'),(1760,172,1,'Eos corporis et unde optio.'),(1761,173,3,'Similique aut eius qui eaque.'),(1762,174,0,'Rerum nemo optio odio est.'),(1763,175,1,'Provident iusto magni et est.'),(1764,176,0,'Dolor optio minus placeat.'),(1765,177,1,'Ipsa fugit ut saepe quod.'),(1766,178,0,'Officia possimus id dolore.'),(1767,179,2,'Adipisci ut rerum voluptatem.'),(1768,180,4,'Sed modi sit ipsam totam.'),(1769,181,1,'Illum aut quo eum qui.'),(1770,182,2,'Ut commodi quia officia.'),(1771,183,0,'Qui et quo ipsa sequi.'),(1772,184,0,'Rerum ut non minus ducimus.'),(1773,185,4,'Explicabo laborum ut aut.'),(1774,186,5,'Eos id totam sit magni.'),(1775,187,4,'Illo pariatur rerum expedita.'),(1776,188,4,'Ut sequi cum laborum.'),(1777,189,0,'Quisquam eos et sed.'),(1778,190,0,'Odio a amet at voluptas.'),(1779,191,4,'Cum distinctio atque quidem.'),(1780,192,2,'Ex harum eum neque nesciunt.'),(1781,193,5,'Voluptatum impedit autem qui.'),(1782,194,5,'Est sit harum dolore enim.'),(1783,195,3,'Eum omnis pariatur sunt a.'),(1784,196,2,'Et dolore sint autem eum.'),(1785,197,3,'Qui rerum sed voluptas.'),(1786,198,2,'Aut amet culpa nobis.'),(1787,199,4,'Non et vel quos est.'),(1788,200,5,'Qui aut dolores soluta fuga.'),(1789,201,2,'Fuga eos harum at dolor.'),(1790,202,1,'Occaecati quod maxime autem.'),(1791,203,2,'Sint sit non facilis sit.'),(1792,204,4,'Beatae harum et quia id quos.'),(1793,205,4,'Aut veniam at est doloremque.'),(1794,206,3,'Necessitatibus ex veniam sit.'),(1795,207,0,'Velit dolorem tempora eos.'),(1796,208,5,'Et voluptatum libero et quo.'),(1797,209,5,'Est cupiditate a ab.'),(1798,210,3,'Voluptatibus est officiis id.'),(1799,211,2,'Sed nihil tempore eaque.'),(1800,212,4,'Laboriosam enim et repellat.'),(1801,213,0,'Sint et quae cum et.'),(1802,214,1,'Distinctio incidunt modi in.'),(1803,215,2,'Vel saepe qui ea vero et.'),(1804,216,4,'Voluptatum quisquam soluta a.'),(1805,217,0,'Eos magnam voluptatem facere.'),(1806,218,3,'Ut eius sint suscipit ipsa.'),(1807,219,2,'Rem sed eum vero porro.'),(1808,220,5,'Omnis est sit maiores.'),(1809,221,4,'Adipisci dolores ut sit.'),(1810,222,2,'Velit ut quod ut illo.'),(1811,223,1,'Dolorem sit qui ipsum natus.'),(1812,224,4,'Odio vitae dolorem ut sunt.'),(1813,225,5,'Culpa deleniti ut eum.'),(1814,226,0,'Ut odio doloribus recusandae.'),(1815,227,3,'Sit rem ut quo.'),(1816,228,1,'Explicabo ut dicta eos.'),(1817,229,3,'Et magni id rerum laborum.'),(1818,230,1,'Doloremque vero ipsam nihil.'),(1819,231,0,'Velit sunt unde et aut.'),(1820,232,4,'Sed amet dolor dolore.'),(1821,233,1,'Qui hic rem quod optio quo.'),(1822,234,2,'Aliquam vel ratione rem ipsa.'),(1823,235,3,'Cumque ipsam id soluta.'),(1824,236,1,'Id quas consequatur dolores.'),(1825,237,5,'A ut et est nostrum placeat.'),(1826,238,1,'Ut id error iure.'),(1827,239,4,'Sunt qui iure aut occaecati.'),(1828,240,4,'Commodi et aut quo voluptas.'),(1829,241,3,'In autem et dolorem eius ad.'),(1830,242,4,'Ea aut hic ut aut odio iusto.'),(1831,243,3,'Ducimus ut alias eligendi.'),(1832,244,3,'Aut omnis sequi dolore.'),(1833,245,0,'Magni quia harum fugit.'),(1834,246,1,'Et nam velit facere dolorum.'),(1835,247,2,'Et eum non non.'),(1836,248,3,'Sint aliquid ad error.'),(1837,249,2,'Sed mollitia modi quo ipsam.'),(1838,250,0,'Quia et ut quaerat.'),(1839,251,5,'Sapiente quas quo modi aut.'),(1840,252,5,'Nobis mollitia eaque aut sit.'),(1841,253,5,'Animi totam quia autem quos.'),(1842,254,3,'Architecto sit ea veniam.'),(1843,255,4,'Et veniam non commodi.'),(1844,256,4,'Dolores earum vel vel.'),(1845,257,5,'Ad quia tempore hic ad.'),(1846,258,2,'Et facere itaque nihil.'),(1847,259,2,'Et et incidunt culpa a.'),(1848,260,2,'Vel fugit sit sed autem.'),(1849,261,3,'Odit aut labore impedit at.'),(1850,262,5,'Saepe mollitia vel facere.'),(1851,263,5,'Qui et qui aut quaerat.'),(1852,264,3,'Ab aliquam alias sint sit.'),(1853,265,3,'Cum id officiis ad ratione.'),(1854,266,0,'Quam eum est voluptatum ex.'),(1855,267,1,'Fugiat rerum dicta eos et.'),(1856,268,0,'Et magnam accusamus autem.'),(1857,269,0,'Et numquam quos molestiae.'),(1858,270,4,'Esse est earum sit.'),(1859,271,1,'Dolorem sit est et minima.'),(1860,272,4,'Eius quis enim et quos.'),(1861,273,5,'Sint eum quia deserunt.'),(1862,274,0,'Et aperiam eligendi saepe ut.'),(1863,275,0,'Explicabo iure et est.'),(1864,276,4,'Qui adipisci maiores modi.'),(1865,277,3,'Aut aut unde quos quia.'),(1866,278,0,'Ratione et nobis nulla hic.'),(1867,279,0,'Optio aliquam neque mollitia.'),(1868,280,3,'Alias earum fugit rerum et.'),(1869,281,2,'Est nulla nemo qui nam enim.'),(1870,282,2,'Dolor voluptas vel eum.'),(1871,283,3,'Quaerat id ipsum sed vero.'),(1872,284,5,'Et id nam laboriosam ut quia.'),(1873,285,1,'Ut omnis in sint.'),(1874,286,0,'Sit similique id quidem.'),(1875,287,1,'Iste rem voluptas qui.'),(1876,288,4,'Ipsam qui sit aperiam porro.'),(1877,289,5,'Consectetur aliquam et ut.'),(1878,290,1,'Dolores hic iusto qui.'),(1879,291,2,'Ea id aut sunt.'),(1880,292,5,'Ipsa sed excepturi aut nam.'),(1881,293,1,'Voluptatum neque et atque.'),(1882,294,0,'Aut et illo consequatur vero.'),(1883,295,2,'Eos fuga quaerat magni ab.'),(1884,296,2,'Et suscipit qui quisquam.'),(1885,297,2,'Neque vitae nisi sunt.'),(1886,298,3,'Sit illum et consequatur.'),(1887,299,3,'Iste distinctio ratione quod.'),(1888,300,0,'Ut in ipsum maiores.'),(1889,301,0,'Eius mollitia alias quas.'),(1890,302,0,'Enim qui placeat qui ut.'),(1891,303,3,'Numquam dolor sed aut veniam.'),(1892,304,1,'Nisi et quam magni et autem.'),(1893,305,3,'Eius amet rerum et itaque.'),(1894,306,3,'Dolorum labore quia culpa.'),(1895,307,2,'Enim incidunt quo dolorem et.'),(1896,308,3,'Pariatur eius blanditiis sit.'),(1897,309,1,'Nesciunt error eum rem cum.'),(1898,310,2,'Et quas maiores sequi.'),(1899,311,0,'Tempora enim saepe nemo.'),(1900,312,3,'Quasi et tempora nemo nobis.'),(1901,313,3,'Dolores odio velit iusto ut.'),(1902,314,5,'Ut assumenda est distinctio.'),(1903,315,5,'Earum illum quia ea et.'),(1904,316,1,'Nam odio est dolorum et.'),(1905,317,3,'Officia officiis iure sunt.'),(1906,318,3,'Ut atque doloribus ipsum vel.'),(1907,319,1,'Magni modi dolores aut.'),(1908,320,5,'Dicta nobis culpa omnis.'),(1909,321,4,'Aspernatur quo ut ut in quo.'),(1910,322,3,'Alias tenetur optio odio.'),(1911,323,0,'Dicta numquam nobis sequi.'),(1912,324,0,'Est accusamus aliquam ipsa.'),(1913,325,3,'Et adipisci voluptatem vel.'),(1914,326,2,'Eum aut aut et voluptates.'),(1915,327,5,'Nulla ut voluptatum ex et.'),(1916,328,4,'Aut dolor adipisci animi aut.'),(1917,329,0,'In minus nisi quidem qui.'),(1918,330,4,'Ut omnis minus ut natus.'),(1919,331,0,'Nemo aut ea alias sit in ea.'),(1920,332,2,'Non blanditiis natus est in.'),(1921,333,0,'Ipsa animi ut non sit.'),(1922,334,4,'In dolorem quia natus iusto.'),(1923,335,5,'Est quibusdam aut laborum.'),(1924,336,3,'Excepturi ea ut ratione.'),(1925,337,5,'Alias aperiam quia quia qui.'),(1926,338,3,'Tenetur impedit ut vitae id.'),(1927,339,0,'Qui non eligendi autem.'),(1928,340,4,'Iure perspiciatis odio natus.'),(1929,341,4,'Et repudiandae quam eum qui.'),(1930,342,2,'Optio odio modi dolor.'),(1931,343,2,'Repellat iste excepturi vel.'),(1932,344,2,'Error soluta enim a aliquid.'),(1933,345,4,'Rem vero veritatis sit in.'),(1934,346,1,'Enim sit autem sed iste est.'),(1935,347,2,'At eos quidem suscipit.'),(1936,348,4,'Rerum ad aut enim qui.'),(1937,349,4,'In ut vero eius ut.'),(1938,350,4,'Quasi aut ea nemo.'),(1939,351,1,'Eius et eaque a.'),(1940,352,0,'Quidem et excepturi corporis.'),(1941,353,0,'Et minima unde vel magnam.'),(1942,354,5,'Consequuntur id est facere.'),(1943,355,1,'Non dolor at qui vero.'),(1944,356,1,'Et et nulla dolorem eum.'),(1945,357,2,'Suscipit sit et ipsa.'),(1946,358,5,'Qui ea neque voluptatem.'),(1947,359,0,'A qui dolores optio quo.'),(1948,360,0,'Qui quia natus ducimus amet.'),(1949,361,0,'Odit in eius dolores impedit.'),(1950,362,0,'Error fugit aperiam eaque.'),(1951,363,4,'Consequatur quia ex aut.'),(1952,364,5,'Dolor voluptas in sed fugit.'),(1953,365,0,'Reprehenderit est vel ipsam.'),(1954,366,2,'Non assumenda ipsa unde.'),(1955,367,0,'Qui sequi ut dolor.'),(1956,368,1,'Sit et odio eligendi.'),(1957,369,5,'Asperiores quia non aut.'),(1958,370,0,'Sit culpa modi in omnis.'),(1959,371,3,'Et atque ipsa qui eaque.'),(1960,372,4,'Rerum est impedit cum.'),(1961,373,4,'Aut ut sed enim aut.'),(1962,374,0,'Nesciunt provident est est.'),(1963,375,0,'Suscipit quibusdam quis sunt.'),(1964,376,3,'Aut sed labore et.'),(1965,377,3,'Ipsa velit dolorem dolorem.'),(1966,378,2,'Dolore cumque aut ex non.'),(1967,379,3,'Voluptate ipsum in eum.'),(1968,380,4,'Vel et et inventore amet.'),(1969,381,0,'Harum nemo et voluptates.'),(1970,382,2,'Aut sint sed eos.'),(1971,383,3,'Aliquid magni nemo minus.'),(1972,384,5,'Illo alias occaecati iusto.'),(1973,385,4,'Corrupti sit nam error quo.'),(1974,386,3,'Qui laboriosam ab quo et ut.'),(1975,387,4,'Nam laboriosam ut velit est.'),(1976,388,5,'Voluptate odio aut magnam id.'),(1977,389,1,'Corporis nostrum ut odio et.'),(1978,390,3,'Id et aut et atque ex.'),(1979,391,4,'Quos et est possimus nam.'),(1980,392,2,'Sunt qui minus omnis.'),(1981,393,5,'In facere vel sapiente ea.'),(1982,394,3,'Iste magni iste laboriosam.'),(1983,395,2,'Voluptas deserunt aliquam et.'),(1984,396,2,'Sed mollitia et sit.'),(1985,397,0,'Dolor hic deserunt qui aut.'),(1986,1,2,'Quaerat qui dolor aut quod.'),(1987,2,1,'Dolores quia saepe quia et.'),(1988,3,5,'Hic sunt vel culpa cum.'),(1989,4,2,'Ipsam rerum modi eum neque.'),(1990,5,1,'Optio dolorum sit veniam est.'),(1991,6,4,'Quos eos in fugiat aperiam.'),(1992,7,4,'Voluptatum esse sequi nisi.'),(1993,8,1,'Quasi id qui nihil enim.'),(1994,9,3,'Omnis non id nostrum vitae.'),(1995,10,0,'Ut ipsa ut et ea.'),(1996,11,2,'Est quam totam sequi et.'),(1997,12,5,'Aut autem omnis sit qui.'),(1998,13,5,'Nemo ut molestias dolor iure.'),(1999,14,5,'Laborum laborum qui ipsam ab.'),(2000,15,1,'Eos minus facilis sit.');
/*!40000 ALTER TABLE `steps` ENABLE KEYS */;

--
-- Table structure for table `themes`
--

DROP TABLE IF EXISTS `themes`;
/*!40101 SET @saved_cs_client     = @@character_set_client */;
/*!50503 SET character_set_client = utf8mb4 */;
CREATE TABLE `themes` (
  `id` int(11) NOT NULL AUTO_INCREMENT,
  `name` varchar(255) NOT NULL,
  `description` text DEFAULT NULL,
  PRIMARY KEY (`id`),
  UNIQUE KEY `id` (`id`),
  UNIQUE KEY `name` (`name`)
) ENGINE=InnoDB AUTO_INCREMENT=86 DEFAULT CHARSET=utf8mb4 COLLATE=utf8mb4_general_ci;
/*!40101 SET character_set_client = @saved_cs_client */;

--
-- Dumping data for table `themes`
--

/*!40000 ALTER TABLE `themes` DISABLE KEYS */;
INSERT INTO `themes` VALUES (1,'International Street Food Fusion','Take your taste buds on a journey around the world with this theme, where contestants blend flavors from different cuisines to create unique street food dishes that reflect global culinary influences.'),(2,'Comfort Food Classics','In this theme, contestants revisit beloved comfort food recipes, putting their own twist on classic dishes that evoke feelings of nostalgia and warmth.'),(3,'Spice Challenge: Hot and Spicy Creations','Brace yourself for a fiery competition where contestants showcase their ability to handle heat by incorporating bold spices and peppers into their dishes, delivering intense flavor experiences.'),(4,'Garden-to-Table Freshness','Celebrate the freshness of seasonal produce with this theme, where contestants source ingredients straight from the garden to create vibrant, flavorful dishes that highlight the beauty of nature’s bounty.'),(5,'Sweet Treats Showdown','Indulge your sweet tooth with this theme, where contestants compete to create decadent desserts and confections that tantalize the taste buds and satisfy sugar cravings.'),(6,'Mystery Ingredient Madness','Test the culinary prowess of contestants with this challenge, where they must incorporate surprise mystery ingredients into their dishes, showcasing their creativity and adaptability under pressure.'),(7,'Healthy Twist: Low-Calorie Creations','Encourage contestants to get creative with nutritious ingredients in this theme, challenging them to craft delicious low-calorie dishes that prioritize health without compromising on flavor.'),(8,'Retro Revival: Vintage Recipes Reimagined','Give classic recipes a modern makeover in this theme, where contestants breathe new life into retro dishes from the past, infusing them with contemporary flair and innovation.'),(9,'Around the World in 80 Dishes','Embark on a culinary journey across continents with this theme, as contestants explore diverse cuisines and cultural traditions to create an eclectic array of dishes inspired by global travel.'),(10,'Family Recipe Feud','Put family recipes to the test in this theme, where contestants draw inspiration from cherished family culinary traditions to create dishes that honor their heritage and evoke memories of home-cooked meals.'),(11,'Gourmet Grilled Cheese Galore','Elevate the humble grilled cheese sandwich to gourmet status with this theme, as contestants experiment with different breads, cheeses, and fillings to create mouthwatering variations of this comfort food classic.'),(12,'Breakfast Battle: Morning Meal Masterpieces','Start the day off right with this theme, where contestants showcase their breakfast-making skills by crafting creative and delicious morning meal masterpieces that are sure to impress.'),(13,'Seafood Sensation Showcase','Dive into a sea of flavors with this theme, as contestants reel in the competition by preparing sensational seafood dishes that highlight the freshness and versatility of ocean-inspired ingredients.'),(14,'Vegan Delights Duel','Challenge contestants to think outside the box with this theme, where they must create plant-based dishes that are both delicious and innovative, showcasing the endless possibilities of vegan cuisine.'),(15,'Pasta Palooza: Italian Pasta Extravaganza','Celebrate the culinary heritage of Italy with this theme, as contestants compete to create mouthwatering pasta dishes that showcase a variety of shapes, flavors, and sauces.'),(16,'BBQ Bonanza: Grilling Greatness','Fire up the grill and get ready for a sizzling showdown in this theme, where contestants showcase their mastery of barbecue techniques and flavor profiles to create irresistible grilled dishes.'),(17,'Appetizer Adventure: Bite-Sized Bites','Kick off the meal with a tantalizing array of appetizers in this theme, as contestants compete to create bite-sized bites that pack a big punch of flavor and leave guests craving more.'),(18,'Chocolate Craze: Decadent Desserts','Indulge in a chocolate lover’s dream with this theme, where contestants craft decadent desserts that showcase the rich and luxurious flavors of chocolate in all its forms.'),(19,'Ingredient Swap Challenge: Substitutions Showdown','Put contestants’ culinary skills to the test with this challenge, where they must think on their feet and adapt recipes on the fly by incorporating unexpected ingredient substitutions.'),(20,'Food Truck Frenzy: Street Food Showdown','Hit the streets with this theme, where contestants channel the spirit of food trucks by creating delicious street food-inspired dishes that are perfect for on-the-go dining.'),(21,'Tapas Takedown: Small Plate Showdown','Embrace the art of small plates with this theme, where contestants compete to create an array of flavorful tapas dishes that are perfect for sharing and sampling.'),(22,'Baking Bonanza: Sweet and Savory Pies','Roll up your sleeves and preheat the oven for this theme, as contestants showcase their baking skills by creating both sweet and savory pies that are as beautiful as they are delicious.'),(23,'Farm-to-Table Feast: Locally Sourced Ingredients','Highlight the importance of sustainable eating with this theme, as contestants use locally sourced ingredients to create farm-to-table dishes that celebrate the flavors of the season.'),(24,'Culinary Creativity: Fusion Flavors','Challenge contestants to push the boundaries of flavor with this theme, where they must blend diverse culinary traditions and ingredients to create innovative fusion dishes that defy categorization.'),(25,'Soup Showdown: Hearty Soups and Stews','Warm up with a bowl of comfort in this theme, as contestants simmer and stew their way to victory by creating hearty soups and stews that soothe the soul and satisfy the appetite.'),(26,'Iron Chef Inspired: Secret Ingredient Surprise','Channel the excitement of the hit TV show with this theme, where contestants face off in a high-stakes battle featuring surprise secret ingredients that put their culinary skills to the test under pressure.'),(27,'Cake Decorating Competition: Artistic Creations','Unleash your inner artist with this theme, where contestants compete to create stunning cake designs that showcase their creativity and skill in the art of cake decorating.'),(28,'Summer Sizzlers: Grilling and Chilling','Beat the heat with this theme, as contestants fire up the grill and whip up a feast of summer sizzlers that are perfect for outdoor dining and al fresco entertaining.'),(29,'Global Gastronomy: Exotic Flavors Exploration','Embark on a flavor-filled journey with this theme, as contestants explore exotic ingredients and culinary traditions from around the world to create bold and adventurous dishes that excite the palate.'),(30,'Potluck Party: Community Cooking Collaboration','Bring people together with this theme, as contestants contribute their favorite potluck dishes to create a communal feast that celebrates the joy of sharing food and friendship with others.'),(31,'DIY Dumplings: Global Dumpling Delights','Celebrate the universal appeal of dumplings with this theme, as contestants craft delicious dumpling creations inspired by culinary traditions from around the globe, from potstickers to pierogies.'),(32,'Food Network Favorites: Recreating Famous Dishes','Pay homage to iconic dishes from the Food Network with this theme, as contestants recreate beloved recipes from their favorite celebrity chefs, putting their own spin on classic dishes that have become culinary legends.'),(33,'Fast Food Face-Off: Homemade vs. Takeout','Put homemade versions of fast food favorites to the test in this theme, as contestants compete to create healthier and more delicious alternatives to popular takeout dishes that are often laden with preservatives and additives.'),(34,'Global Spice Fest','Craft dishes that ignite the palate with bold and aromatic spices from around the world.'),(35,'Sweet & Savory Mashup','Combine the best of both worlds by creating dishes that balance sweet and savory flavors.'),(36,'Farm Fresh Frenzy','Highlight the bounty of the farm with dishes made from fresh, seasonal ingredients.'),(37,'Homestyle Heroes','Showcase your mastery of classic comfort food dishes that warm the soul.'),(38,'DIY Sushi','Roll, slice, and create sushi masterpieces that rival your favorite sushi bar.'),(39,'Soup & Salad Showdown','Get creative with soups and salads, elevating these classics to new heights of flavor.'),(40,'BBQ Battle','Fire up the grill and compete to create the most mouthwatering barbecue dishes.'),(41,'Quick & Easy Eats','Prove that delicious meals can be made in a flash with simple and speedy recipes.'),(42,'Egg-cellent Creations','Put your egg-cooking skills to the test with dishes that showcase the incredible versatility of eggs.'),(43,'Street Food Showdown','Bring the flavors of the street to the kitchen with creative and delicious street food-inspired dishes.'),(44,'Cake Wars','Stack, frost, and decorate cakes that are as beautiful as they are delicious.'),(45,'Tapas Time','Serve up small bites with big flavor in this tapas-inspired competition.'),(46,'Burger Bonanza','Create the ultimate burger creations with unique toppings, sauces, and buns.'),(47,'Pasta Party','Twist, twirl, and sauce your way to pasta perfection in this carb-filled contest.'),(48,'Farmers Market Challenge','Shop local and cook seasonal produce in this farmers market-inspired competition.'),(49,'Chili Cook-Off','Spice things up with hearty chili recipes that pack a punch of flavor and heat.'),(50,'Cupcake Wars','Bake, frost, and decorate cupcakes that are as adorable as they are delicious.'),(51,'Bread Baking Battle','Knead, proof, and bake bread that is crusty on the outside and fluffy on the inside.'),(52,'Taco Throwdown','Craft creative and flavorful tacos that are sure to be a hit with judges and fans alike.'),(53,'Pie Palooza','Roll out the dough and create sweet and savory pies that are perfect for any occasion.'),(54,'Salad Sensations','Toss together fresh greens, vibrant veggies, and flavorful dressings to create salads that shine.'),(55,'Grilled Cheese Galore','Melt, toast, and stack cheesy creations that are the ultimate comfort food.'),(56,'Stir-Fry Showdown','Wok it out and stir-fry your way to victory with bold flavors and fresh ingredients.'),(57,'Casserole Clash','Layer, bake, and serve up hearty casseroles that are guaranteed crowd-pleasers.'),(58,'Dessert Duel','Whip, bake, and frost desserts that satisfy even the sweetest tooth.'),(59,'Salsa Smackdown','Chop, mix, and spice up fresh salsas that add a kick to any dish.'),(60,'Smoothie Showdown','Blend up delicious and nutritious smoothies that are as tasty as they are healthy.'),(61,'Gourmet Grilled Cheese','Elevate the classic grilled cheese sandwich with gourmet ingredients and creative twists.'),(62,'One-Pot Wonders','Simplify cooking with flavorful dishes that come together in just one pot or pan.'),(63,'Baking Battle','Mix, bake, and decorate baked goods that are worthy of a blue ribbon.'),(64,'Culinary Craftsmanship','Showcase your culinary skills with dishes that are as beautiful as they are delicious.'),(65,'Taste of the Tropics','Transport your taste buds to the tropics with dishes inspired by island flavors and ingredients.'),(66,'Sushi Showdown','Roll, slice, and plate sushi creations that are as stunning as they are delicious.'),(67,'Pizza Party','Top, bake, and slice pizzas that are sure to please pizza lovers of all ages.'),(68,'Soup Showdown','Simmer, stew, and slurp your way to victory with flavorful soups that warm the soul.'),(69,'Sandwich Smackdown','Stack, press, and grill sandwiches that are loaded with flavor and creativity.'),(70,'Pasta Perfection','Cook up pasta dishes that are al dente and bursting with flavor.'),(71,'Stuffed Sensations','Fill, roll, and bake stuffed dishes that are packed with flavor and satisfaction.'),(72,'Cocktail Competition','Shake, stir, and garnish cocktails that are as beautiful as they are delicious.'),(73,'Grain Bowl Battle','Layer, mix, and top grain bowls that are nutritious, delicious, and Instagram-worthy.'),(74,'Cookie Clash','Bake, decorate, and dunk cookies that are perfect for any occasion or craving.'),(75,'Fruit Frenzy','Slice, dice, and plate fruit creations that are as beautiful as they are delicious.'),(76,'Dumpling Duel','Fold, steam, and dip dumplings that are filled with flavorful fillings and sauces.'),(77,'Cake Decorating Challenge','Frost, pipe, and decorate cakes that are works of art and delicious desserts.'),(78,'Brunch Battle','Create brunch dishes that are perfect for lazy weekends and leisurely mornings.'),(79,'Pancake Palooza','Flip, stack, and top pancakes that are fluffy, flavorful, and fun to eat.'),(80,'Stuffed Pasta Showdown','Fill, fold, and sauce stuffed pasta dishes that are bursting with flavor.'),(81,'Ramen Rumble','Simmer, slurp, and savor bowls of ramen that are rich in flavor and comfort.'),(82,'Wrap War','Roll, stuff, and fold wraps that are perfect for lunch, dinner, or snacking.'),(83,'Toast Takedown','Top, toast, and devour creative and delicious toast creations that are perfect for any meal or snack.'),(84,'Frozen Dessert Face-Off','Churn, scoop, and serve frozen desserts that are cool, creamy, and delicious.'),(85,'Waffle Wars','Bake, crisp, and top waffles that are golden, fluffy, and delicious.');
/*!40000 ALTER TABLE `themes` ENABLE KEYS */;

--
-- Dumping routines for database 'real_dbp'
--
/*!40103 SET TIME_ZONE=@OLD_TIME_ZONE */;

/*!40101 SET SQL_MODE=@OLD_SQL_MODE */;
/*!40014 SET FOREIGN_KEY_CHECKS=@OLD_FOREIGN_KEY_CHECKS */;
/*!40014 SET UNIQUE_CHECKS=@OLD_UNIQUE_CHECKS */;
/*!40101 SET CHARACTER_SET_CLIENT=@OLD_CHARACTER_SET_CLIENT */;
/*!40101 SET CHARACTER_SET_RESULTS=@OLD_CHARACTER_SET_RESULTS */;
/*!40101 SET COLLATION_CONNECTION=@OLD_COLLATION_CONNECTION */;
/*!40111 SET SQL_NOTES=@OLD_SQL_NOTES */;

-- Dump completed on 2024-05-21 14:49:16
