-- --------------------------------------------------------
-- Host:                         127.0.0.1
-- Server version:               10.11.7-MariaDB - mariadb.org binary distribution
-- Server OS:                    Win64
-- HeidiSQL Version:             12.6.0.6765
-- --------------------------------------------------------

/*!40101 SET @OLD_CHARACTER_SET_CLIENT=@@CHARACTER_SET_CLIENT */;
/*!40101 SET NAMES utf8 */;
/*!50503 SET NAMES utf8mb4 */;
/*!40103 SET @OLD_TIME_ZONE=@@TIME_ZONE */;
/*!40103 SET TIME_ZONE='+00:00' */;
/*!40014 SET @OLD_FOREIGN_KEY_CHECKS=@@FOREIGN_KEY_CHECKS, FOREIGN_KEY_CHECKS=0 */;
/*!40101 SET @OLD_SQL_MODE=@@SQL_MODE, SQL_MODE='NO_AUTO_VALUE_ON_ZERO' */;
/*!40111 SET @OLD_SQL_NOTES=@@SQL_NOTES, SQL_NOTES=0 */;


-- Dumping database structure for dbp
DROP DATABASE IF EXISTS `dbp`;
CREATE DATABASE IF NOT EXISTS `dbp` /*!40100 DEFAULT CHARACTER SET utf8mb4 COLLATE utf8mb4_general_ci */;
USE `dbp`;

-- Dumping structure for table dbp.chefs
DROP TABLE IF EXISTS `chefs`;
CREATE TABLE IF NOT EXISTS `chefs` (
  `id` int(11) NOT NULL AUTO_INCREMENT,
  `first_name` varchar(255) NOT NULL,
  `last_name` varchar(255) NOT NULL,
  `date_of_birth` date NOT NULL,
  `phone_number` varchar(255) NOT NULL,
  `type` varchar(255) NOT NULL,
  PRIMARY KEY (`id`),
  UNIQUE KEY `id` (`id`)
) ENGINE=InnoDB AUTO_INCREMENT=101 DEFAULT CHARSET=utf8mb4 COLLATE=utf8mb4_general_ci;

-- Dumping data for table dbp.chefs: ~100 rows (approximately)
INSERT INTO `chefs` (`id`, `first_name`, `last_name`, `date_of_birth`, `phone_number`, `type`) VALUES
	(1, 'Lawrence', 'Heller', '2001-06-02', '607-205-2355x9777', 'iste'),
	(2, 'Renee', 'Marquardt', '1986-05-02', '1-835-651-0183x4589', 'nostrum'),
	(3, 'Ariane', 'Romaguera', '1982-04-25', '686-203-2381', 'voluptate'),
	(4, 'Shanie', 'Rice', '1972-06-01', '(217)943-4066x1964', 'dolor'),
	(5, 'Bradly', 'Christiansen', '2003-10-03', '+20(9)9235752541', 'illo'),
	(6, 'Everett', 'Quigley', '1979-08-23', '886-186-8617x2780', 'aut'),
	(7, 'Athena', 'Zemlak', '1971-12-07', '489.263.4685', 'et'),
	(8, 'Sigrid', 'Boehm', '2023-03-04', '848-380-5000x292', 'exercitationem'),
	(9, 'Wade', 'O\'Connell', '1974-02-04', '1-379-566-8032x696', 'iste'),
	(10, 'Courtney', 'Hoeger', '1972-04-13', '(529)640-9041x899', 'alias'),
	(11, 'Arielle', 'Zboncak', '1988-07-17', '(870)845-4954', 'aliquam'),
	(12, 'Mckayla', 'Walsh', '1972-01-06', '337.939.9977', 'voluptatem'),
	(13, 'Deja', 'Quitzon', '2010-02-06', '125-700-1124', 'pariatur'),
	(14, 'Rey', 'Stoltenberg', '1984-06-03', '156-603-9109', 'labore'),
	(15, 'Melany', 'Doyle', '2006-07-13', '272-701-3588', 'id'),
	(16, 'Arlie', 'Hettinger', '1972-12-09', '885-961-1277', 'eligendi'),
	(17, 'Eddie', 'Hand', '2020-04-12', '668-113-0211x876', 'nesciunt'),
	(18, 'Maurine', 'Greenfelder', '2005-10-21', '08641537663', 'eligendi'),
	(19, 'Cleora', 'Orn', '2016-04-19', '(711)577-8054x9119', 'alias'),
	(20, 'Napoleon', 'Kulas', '2004-01-24', '+09(1)4429062375', 'velit'),
	(21, 'Ada', 'Grimes', '1975-01-06', '03333262974', 'quasi'),
	(22, 'Rafaela', 'Sipes', '1993-10-10', '115.224.4930x0694', 'mollitia'),
	(23, 'Ivory', 'Wiza', '1986-06-07', '1-984-113-5008x577', 'veritatis'),
	(24, 'April', 'Schamberger', '1975-07-21', '07109082781', 'expedita'),
	(25, 'Theodora', 'Hettinger', '1990-06-17', '169.037.4730', 'enim'),
	(26, 'Nathaniel', 'Sauer', '1988-08-27', '239-802-7115x448', 'delectus'),
	(27, 'Ezekiel', 'Daugherty', '2014-02-10', '780-041-9381', 'similique'),
	(28, 'Maximo', 'Farrell', '2005-02-27', '470.585.8437x8259', 'dignissimos'),
	(29, 'Cayla', 'Rodriguez', '1989-01-08', '05808233008', 'optio'),
	(30, 'Watson', 'Spencer', '2017-09-05', '1-633-399-1859x834', 'architecto'),
	(31, 'Maximillian', 'Marquardt', '2006-07-12', '1-803-449-9190', 'velit'),
	(32, 'Jeromy', 'Borer', '2004-12-20', '1-427-074-5056', 'est'),
	(33, 'Camille', 'Kirlin', '1977-06-09', '899-783-2515', 'magni'),
	(34, 'Devante', 'Cassin', '2014-10-25', '(300)415-7672x3038', 'ratione'),
	(35, 'Alden', 'Champlin', '1974-04-30', '00828422353', 'voluptatem'),
	(36, 'Kellie', 'Gerlach', '2019-01-19', '1-998-590-5887x46498', 'excepturi'),
	(37, 'Jayde', 'Mueller', '1986-11-20', '+29(8)5677884542', 'corrupti'),
	(38, 'Madonna', 'Gerlach', '2019-11-19', '138-417-6562x65833', 'quasi'),
	(39, 'Maxie', 'Krajcik', '2012-02-29', '(853)888-3380x0111', 'fugiat'),
	(40, 'Davon', 'Runte', '1996-10-18', '044-673-7255', 'et'),
	(41, 'Hettie', 'Dicki', '1974-05-23', '600-094-3906x903', 'fugit'),
	(42, 'Jerald', 'Stehr', '2007-07-10', '003.619.9128', 'esse'),
	(43, 'Allene', 'Kunde', '1998-04-08', '(950)111-3721x09933', 'in'),
	(44, 'Milton', 'Ritchie', '1987-10-14', '(535)180-5697', 'incidunt'),
	(45, 'Lulu', 'Bosco', '1981-04-07', '+78(4)0544173309', 'ea'),
	(46, 'Treva', 'Wunsch', '1999-03-31', '502.869.4323x20740', 'est'),
	(47, 'Jaylon', 'Renner', '1978-03-23', '(643)105-7695', 'et'),
	(48, 'Jane', 'Rohan', '2017-03-09', '646-921-1050', 'unde'),
	(49, 'Susana', 'Bednar', '2001-04-14', '045-188-0915x0662', 'beatae'),
	(50, 'Garett', 'Bailey', '1981-09-03', '215-023-7787', 'error'),
	(51, 'Timmy', 'Kshlerin', '2011-03-04', '(118)374-4534', 'ut'),
	(52, 'Cleora', 'Moen', '2008-10-14', '+38(9)0085591364', 'impedit'),
	(53, 'Valentin', 'Grant', '1974-02-23', '269.926.6311x575', 'eos'),
	(54, 'Alysson', 'Weissnat', '1987-11-30', '1-070-266-4748x53230', 'ut'),
	(55, 'Wallace', 'Hane', '2017-09-02', '1-176-194-3061', 'necessitatibus'),
	(56, 'Omari', 'Waelchi', '1990-12-12', '275.514.4007', 'dolor'),
	(57, 'Vance', 'Heller', '2015-09-27', '1-019-688-9809', 'beatae'),
	(58, 'Heidi', 'Brown', '1995-03-30', '1-650-108-1530x3420', 'autem'),
	(59, 'Carlee', 'Hartmann', '1995-05-13', '(920)965-6028x02415', 'architecto'),
	(60, 'Vinnie', 'Wuckert', '2020-04-10', '1-198-404-0800x97816', 'est'),
	(61, 'Haleigh', 'Gutmann', '2019-09-01', '(824)698-3872', 'dolores'),
	(62, 'Serena', 'Mohr', '1996-07-06', '615.993.9927x964', 'quas'),
	(63, 'Morgan', 'Kreiger', '1987-02-23', '1-619-849-9626x4263', 'corporis'),
	(64, 'Naomi', 'Bruen', '1979-02-01', '(790)482-7334x5851', 'itaque'),
	(65, 'Emie', 'Kassulke', '2008-01-01', '1-027-498-7247x52786', 'dolor'),
	(66, 'Sydney', 'Murray', '2008-08-18', '995-152-0154x961', 'voluptas'),
	(67, 'Diego', 'Weber', '2016-10-10', '(664)157-9200', 'nihil'),
	(68, 'Brooklyn', 'Rodriguez', '1972-12-01', '+41(4)0671854953', 'consequatur'),
	(69, 'Mackenzie', 'Ziemann', '1988-06-25', '343.984.1306x549', 'sint'),
	(70, 'Glenda', 'Hilpert', '2008-01-24', '+86(8)4268454925', 'non'),
	(71, 'Kameron', 'Kreiger', '1997-01-06', '640.375.9412x93886', 'sequi'),
	(72, 'Judd', 'Kozey', '2004-03-13', '543-866-8089x331', 'beatae'),
	(73, 'Arlo', 'Hermiston', '2017-02-07', '(753)645-7484x165', 'quaerat'),
	(74, 'Clyde', 'Senger', '1976-01-20', '1-060-084-3268', 'perferendis'),
	(75, 'Felix', 'Macejkovic', '1976-05-29', '509-159-9454x508', 'culpa'),
	(76, 'Neha', 'Oberbrunner', '1984-09-23', '785.832.1392', 'ipsam'),
	(77, 'Timothy', 'Waters', '1979-05-21', '127-102-8064', 'et'),
	(78, 'Henderson', 'Walter', '1986-11-25', '122-528-0822x692', 'dolore'),
	(79, 'Tyrese', 'Paucek', '2021-10-12', '(583)365-3768x4050', 'sunt'),
	(80, 'Janiya', 'Bahringer', '1990-06-07', '02679480463', 'nihil'),
	(81, 'Tanner', 'Jast', '1981-07-09', '00156569725', 'et'),
	(82, 'Selmer', 'Stracke', '1986-10-13', '(315)117-6822', 'necessitatibus'),
	(83, 'Rahsaan', 'Farrell', '2004-09-17', '+39(3)1385174804', 'quasi'),
	(84, 'Coy', 'Thiel', '2013-08-23', '(768)901-0280x586', 'repudiandae'),
	(85, 'Marta', 'Jacobs', '2020-10-22', '103.189.3929', 'eius'),
	(86, 'Adalberto', 'Ruecker', '1999-10-30', '(144)296-5500x55003', 'corporis'),
	(87, 'Corene', 'Toy', '2002-04-01', '(145)159-6700x11883', 'occaecati'),
	(88, 'Ebony', 'Hyatt', '2022-03-18', '(623)981-7898', 'qui'),
	(89, 'Mitchel', 'Kuhn', '2012-10-21', '367-830-2206', 'eaque'),
	(90, 'Bernardo', 'Adams', '1977-05-19', '1-074-716-7957x37133', 'praesentium'),
	(91, 'Patience', 'Schmidt', '2012-05-11', '+48(8)5057461361', 'dolores'),
	(92, 'Lonzo', 'Funk', '2006-01-11', '+63(6)3781853008', 'eius'),
	(93, 'Amy', 'Quigley', '1981-12-25', '834-250-2583x996', 'id'),
	(94, 'Candelario', 'Wilkinson', '1977-07-06', '1-448-207-0869x21445', 'ad'),
	(95, 'Ruthie', 'Rath', '1998-04-30', '(359)271-0422x91530', 'atque'),
	(96, 'Kenton', 'McKenzie', '1975-04-11', '664-797-9096x7746', 'vel'),
	(97, 'Sandra', 'Yost', '2003-08-02', '+74(4)8216152997', 'in'),
	(98, 'Telly', 'Johnson', '2023-05-19', '1-316-109-8642x02096', 'ullam'),
	(99, 'Jennie', 'Gaylord', '2019-07-27', '728.281.6718', 'deserunt'),
	(100, 'Melvin', 'Skiles', '1985-06-25', '1-549-664-0742x90718', 'aliquam');

-- Dumping structure for table dbp.chef_specializes_in_national_cuisine
DROP TABLE IF EXISTS `chef_specializes_in_national_cuisine`;
CREATE TABLE IF NOT EXISTS `chef_specializes_in_national_cuisine` (
  `chef_id` int(11) NOT NULL,
  `national_cuisine` varchar(255) NOT NULL,
  PRIMARY KEY (`chef_id`,`national_cuisine`),
  KEY `national_cuisine` (`national_cuisine`),
  CONSTRAINT `chef_specializes_in_national_cuisine_ibfk_1` FOREIGN KEY (`chef_id`) REFERENCES `chefs` (`id`) ON DELETE NO ACTION ON UPDATE NO ACTION,
  CONSTRAINT `chef_specializes_in_national_cuisine_ibfk_2` FOREIGN KEY (`national_cuisine`) REFERENCES `national_cuisines` (`name`) ON DELETE NO ACTION ON UPDATE NO ACTION
) ENGINE=InnoDB DEFAULT CHARSET=utf8mb4 COLLATE=utf8mb4_general_ci;

-- Dumping data for table dbp.chef_specializes_in_national_cuisine: ~100 rows (approximately)
INSERT INTO `chef_specializes_in_national_cuisine` (`chef_id`, `national_cuisine`) VALUES
	(1, 'aperiam'),
	(2, 'architecto'),
	(3, 'delectus'),
	(4, 'deserunt'),
	(5, 'dolor'),
	(6, 'enim'),
	(7, 'eum'),
	(8, 'fugiat'),
	(9, 'id'),
	(10, 'itaque'),
	(11, 'magni'),
	(12, 'molestiae'),
	(13, 'nulla'),
	(14, 'quaerat'),
	(15, 'quis'),
	(16, 'quod'),
	(17, 'sint'),
	(18, 'tenetur'),
	(19, 'velit'),
	(20, 'voluptatem'),
	(21, 'aperiam'),
	(22, 'architecto'),
	(23, 'delectus'),
	(24, 'deserunt'),
	(25, 'dolor'),
	(26, 'enim'),
	(27, 'eum'),
	(28, 'fugiat'),
	(29, 'id'),
	(30, 'itaque'),
	(31, 'magni'),
	(32, 'molestiae'),
	(33, 'nulla'),
	(34, 'quaerat'),
	(35, 'quis'),
	(36, 'quod'),
	(37, 'sint'),
	(38, 'tenetur'),
	(39, 'velit'),
	(40, 'voluptatem'),
	(41, 'aperiam'),
	(42, 'architecto'),
	(43, 'delectus'),
	(44, 'deserunt'),
	(45, 'dolor'),
	(46, 'enim'),
	(47, 'eum'),
	(48, 'fugiat'),
	(49, 'id'),
	(50, 'itaque'),
	(51, 'magni'),
	(52, 'molestiae'),
	(53, 'nulla'),
	(54, 'quaerat'),
	(55, 'quis'),
	(56, 'quod'),
	(57, 'sint'),
	(58, 'tenetur'),
	(59, 'velit'),
	(60, 'voluptatem'),
	(61, 'aperiam'),
	(62, 'architecto'),
	(63, 'delectus'),
	(64, 'deserunt'),
	(65, 'dolor'),
	(66, 'enim'),
	(67, 'eum'),
	(68, 'fugiat'),
	(69, 'id'),
	(70, 'itaque'),
	(71, 'magni'),
	(72, 'molestiae'),
	(73, 'nulla'),
	(74, 'quaerat'),
	(75, 'quis'),
	(76, 'quod'),
	(77, 'sint'),
	(78, 'tenetur'),
	(79, 'velit'),
	(80, 'voluptatem'),
	(81, 'aperiam'),
	(82, 'architecto'),
	(83, 'delectus'),
	(84, 'deserunt'),
	(85, 'dolor'),
	(86, 'enim'),
	(87, 'eum'),
	(88, 'fugiat'),
	(89, 'id'),
	(90, 'itaque'),
	(91, 'magni'),
	(92, 'molestiae'),
	(93, 'nulla'),
	(94, 'quaerat'),
	(95, 'quis'),
	(96, 'quod'),
	(97, 'sint'),
	(98, 'tenetur'),
	(99, 'velit'),
	(100, 'voluptatem');

-- Dumping structure for table dbp.equipment
DROP TABLE IF EXISTS `equipment`;
CREATE TABLE IF NOT EXISTS `equipment` (
  `id` int(11) NOT NULL AUTO_INCREMENT,
  `name` varchar(255) NOT NULL,
  `instructions` mediumtext DEFAULT NULL,
  PRIMARY KEY (`id`),
  UNIQUE KEY `id` (`id`)
) ENGINE=InnoDB AUTO_INCREMENT=101 DEFAULT CHARSET=utf8mb4 COLLATE=utf8mb4_general_ci;

-- Dumping data for table dbp.equipment: ~100 rows (approximately)
INSERT INTO `equipment` (`id`, `name`, `instructions`) VALUES
	(1, 'voluptatum', 'Qui id voluptas voluptatum laboriosam. Minus accusantium aliquid cumque. Rem ut assumenda eum eius explicabo. Porro corporis repudiandae minima repellendus.'),
	(2, 'nostrum', 'Qui quisquam error consequatur molestias non a qui. Ducimus cum quibusdam magnam porro aut quos. Debitis veniam odio commodi ut et dolorum. Consequuntur eius sunt et dolorum voluptatem sit.'),
	(3, 'sunt', 'Voluptatem vel in ut. Recusandae explicabo aperiam exercitationem facilis dolore. Ut quo unde vero autem dignissimos aut nesciunt. Omnis est ratione et quibusdam similique molestiae sequi. Eaque temporibus expedita nihil facere et.'),
	(4, 'molestiae', 'Dignissimos dolore accusamus natus voluptate qui vel minima. Rerum saepe modi dolor ex sed ut est. Velit eligendi eveniet similique quo at incidunt.'),
	(5, 'nostrum', 'Et consequatur optio ut neque voluptatum. Ad nesciunt ea cum vero. Adipisci omnis impedit sequi fuga hic.'),
	(6, 'ut', 'Ex inventore excepturi dolor et similique velit dolores reprehenderit. Minus dolorem maxime facere laudantium voluptatum blanditiis. Autem veritatis ullam debitis eum et. Commodi id distinctio consequuntur delectus quas.'),
	(7, 'quae', 'Fuga a quaerat debitis incidunt et. Sit ut reiciendis voluptatem ad quidem quaerat. Aut commodi repellendus voluptatum ullam sed.'),
	(8, 'est', 'Deserunt debitis eveniet non. Quia aliquid cumque quisquam quisquam. Provident id non sequi dolorem. Cumque voluptatem architecto dolorem hic ex.'),
	(9, 'occaecati', 'Quod et repellat aliquam dolorem illo atque natus. Laboriosam sapiente maxime enim ut nemo ab. Voluptatibus natus veritatis consectetur voluptas architecto ducimus.'),
	(10, 'laboriosam', 'Modi quia molestiae rem. Ut alias ducimus voluptas asperiores doloribus est. Quisquam non vel est tempora natus incidunt ab. Dignissimos possimus natus et dolorem.'),
	(11, 'ratione', 'Dolore qui dolorum quia possimus vel dolores provident. Natus velit voluptatem eaque nemo provident maiores et id. Suscipit labore neque fuga qui a. Dolorem et maiores ut fugiat dolore sequi quasi.'),
	(12, 'odio', 'Quae sapiente numquam eum sit possimus. Est quas distinctio voluptatum omnis deleniti consequuntur. Expedita vitae ex ratione sint sunt. Consequatur aut molestias debitis eos.'),
	(13, 'modi', 'Porro et est ipsum ullam est ducimus optio. Aperiam reprehenderit deserunt temporibus praesentium voluptatem. Sit sed occaecati nihil qui ut vel. Quos qui est autem ut voluptatem exercitationem id enim.'),
	(14, 'sint', 'Consequuntur optio et quis earum asperiores eos quas. Quae et et ratione aspernatur explicabo non nobis. Sed et autem aliquam qui non. Quo nobis ut dolor.'),
	(15, 'sed', 'Omnis et rerum maxime repellat suscipit dolores enim. Et quia quis voluptatem minima. Eos fuga optio voluptas quaerat dignissimos eligendi minus. Nobis ex nobis et ut.'),
	(16, 'praesentium', 'Quia suscipit vel fugit aut iusto quis est praesentium. Eos eveniet quam eveniet veritatis nisi ut. Impedit ipsum qui asperiores dolorem repellendus aut eveniet ut. Saepe vel rerum unde aperiam et natus quia.'),
	(17, 'delectus', 'Possimus non numquam voluptatem dolore hic. Deleniti praesentium ea tempora sit. Necessitatibus adipisci nemo enim quia. Excepturi rerum dolorem voluptates nihil quia qui quia.'),
	(18, 'dolor', 'Inventore dolore odio dolore eius error eum voluptate. Nemo qui aut maiores neque iure ipsa. Qui temporibus impedit facere ut tempore temporibus. Voluptatem dolore fugiat animi quo ut.'),
	(19, 'nihil', 'Accusamus qui aut est ut optio doloribus. Et a enim repellat incidunt nobis dolores excepturi doloribus. Asperiores voluptatem blanditiis ut voluptas voluptatem et.'),
	(20, 'et', 'Minus sed magnam ea quam. Commodi magnam rem optio at. Quia accusantium sint alias animi velit eligendi non.'),
	(21, 'omnis', 'Veniam a harum asperiores odit non numquam vitae. Commodi consequuntur ab officiis architecto. Vel ipsum eveniet aut. Voluptatibus quia natus enim laborum fugit quis a.'),
	(22, 'animi', 'Ducimus deleniti consectetur fugit reiciendis accusantium odio deleniti. Recusandae esse sit consequatur voluptatum optio at. Est nam vitae eum et sed velit molestias natus.'),
	(23, 'molestiae', 'Magnam consequuntur sapiente aspernatur voluptatum porro et. Dolorum sed odio omnis voluptatibus quo sit. Libero itaque et laborum velit.'),
	(24, 'et', 'Odio eaque quas voluptas cupiditate rerum aut aut aut. Quibusdam recusandae eius natus id. Aut et earum sint beatae. Sunt et aut et omnis sunt.'),
	(25, 'fugiat', 'Vero totam magni tempora odit. Est rem doloribus repellat perspiciatis. Reiciendis aspernatur dicta incidunt amet. Reprehenderit quos itaque voluptas esse est. Autem ad voluptatem voluptas sit.'),
	(26, 'in', 'Est voluptas dolor et deserunt modi nisi error nostrum. Placeat et natus ipsum qui autem. Quos at qui est ipsa.'),
	(27, 'sunt', 'Reiciendis voluptate sit itaque quia ea at adipisci. Error consequatur ducimus accusamus ipsam et odit. Nam ea et quia consequatur quo. Quia dolores tempore sit dolor qui voluptas vel.'),
	(28, 'omnis', 'Quos aperiam aut nostrum delectus reiciendis. Voluptas beatae sit eos qui sit. Eos rem laboriosam vel cumque nisi dolorem. Temporibus itaque quas eum nihil provident id non.'),
	(29, 'culpa', 'At et recusandae non laboriosam. Vel labore rem ullam et. Totam voluptatibus sit aliquid dolor non.'),
	(30, 'omnis', 'Sunt enim voluptatem placeat dolorem. Et earum iure temporibus nam. Voluptate veritatis harum alias iure deserunt inventore voluptatum sed.'),
	(31, 'dolorem', 'Consequatur mollitia eos sed nemo qui voluptate. Qui sequi excepturi libero voluptates consequatur qui. Porro mollitia voluptates quos eum dolorum in. Non aut laudantium rerum doloremque aspernatur doloremque ut. Debitis quis qui deserunt.'),
	(32, 'est', 'Quia sapiente ex consequuntur molestias voluptatem. Quia quae numquam id qui eos molestias. Et assumenda explicabo dolores quas. Sint vitae architecto exercitationem qui ut mollitia. Qui quas ut quis iure nam quibusdam.'),
	(33, 'quasi', 'Aut ipsum illum vero sed. Ut et iusto unde temporibus temporibus harum nam. Aut et dolores illum et quaerat.'),
	(34, 'in', 'Mollitia sed beatae dolor error nostrum. Cupiditate quae autem expedita officia quaerat et ullam. Temporibus similique iure error qui sequi cum. Aliquam sit numquam non quia molestiae quidem. Ut mollitia provident sequi expedita eos animi.'),
	(35, 'error', 'Blanditiis asperiores laudantium voluptatem voluptatem magnam. Quibusdam consequuntur ea ab et. Quo esse quo recusandae eaque est nemo quam. Deserunt blanditiis non iste.'),
	(36, 'rem', 'Libero rerum corrupti quam officiis et officiis facilis. Delectus est quam ad praesentium fugiat est nemo. Molestias deserunt saepe soluta nostrum. Molestiae voluptatem nemo molestiae esse quae nesciunt. Ex officia incidunt dolor non.'),
	(37, 'rerum', 'Odit rem incidunt commodi sunt. Libero magni quos consequatur omnis officiis ut. Eius corporis quod deleniti provident. Et blanditiis numquam quos eius recusandae earum.'),
	(38, 'repellat', 'Omnis fuga officia molestiae sapiente pariatur praesentium laudantium. Cumque quo rerum voluptatem ut doloremque vel. Alias architecto quia voluptatem. Quia voluptatem quidem nihil laborum. Assumenda possimus in praesentium soluta occaecati maiores omnis.'),
	(39, 'voluptate', 'Libero illum quo nam fugit iure. Provident neque impedit quod odit. Quia delectus eaque dolore esse. Dicta est incidunt quia aliquid.'),
	(40, 'consequatur', 'Eaque quia eum optio sit sit veritatis expedita. Recusandae ipsum ut dolores qui enim.'),
	(41, 'doloremque', 'Qui autem ipsam sunt. Ipsam recusandae quos ea esse. Optio quo rerum recusandae et. Incidunt iusto dicta et quia voluptas tempora.'),
	(42, 'rerum', 'Beatae vel voluptate vel tenetur aut. Assumenda corrupti voluptatem similique id reprehenderit ab. Rerum cumque voluptatem voluptates voluptatum. Facere rerum qui voluptates provident.'),
	(43, 'deserunt', 'Quibusdam qui in hic dignissimos unde est. Iste necessitatibus occaecati autem dolores optio laudantium consequatur. Cumque quia alias inventore ut ducimus vel et. Sint qui occaecati tempore nostrum nihil dolor porro. Voluptatem similique sequi exercitationem tempore.'),
	(44, 'aut', 'Voluptatum adipisci dolores at culpa in. Vel alias commodi voluptatum tenetur dolores.'),
	(45, 'odit', 'Magnam corrupti vel ut amet ea. Omnis voluptatem optio nostrum in rerum nostrum. Aliquid voluptatem facilis quae quasi praesentium eius aut.'),
	(46, 'saepe', 'Soluta debitis adipisci autem occaecati facilis aperiam sunt quidem. Est ipsum ex accusantium aut dicta ratione. Et enim dolorem earum consequatur error. Alias quam et eum aut explicabo fugit. Nisi odit distinctio qui aperiam exercitationem voluptatem omnis.'),
	(47, 'temporibus', 'Ducimus illo error doloremque doloremque consequatur consequatur cum eos. Ut nisi maxime quaerat. Ducimus quo nihil sunt saepe rerum ex nulla facere. Exercitationem ut aut omnis voluptatibus corrupti voluptatem.'),
	(48, 'omnis', 'Nihil reiciendis nulla facere est. Quas dolorem libero ex eaque ipsa ea et vero. Laborum molestiae architecto repellendus sit accusantium.'),
	(49, 'ut', 'Voluptatem nesciunt magnam sunt aut aut dolores tempore. Esse fuga velit tempore illo beatae velit est. Magni dolor deserunt ut magnam. Quam aliquid vel ea et amet fugit. Ad vel rerum explicabo aliquid.'),
	(50, 'id', 'Quia sed blanditiis iste assumenda eius ut. Et expedita sapiente qui similique harum accusantium aut. Illum omnis id numquam nulla. Nostrum aut sed ullam unde corrupti ut.'),
	(51, 'nesciunt', 'Excepturi ut quis asperiores quisquam rerum reiciendis a. Voluptatem fuga ratione eos.'),
	(52, 'quos', 'Quas deserunt quia eum veritatis aut minima consequatur. Ipsam harum in quo ducimus vel. Cum qui deleniti ut ipsum rem dolore.'),
	(53, 'facere', 'Ipsum ratione aut rerum. Porro impedit doloribus aut laboriosam laboriosam animi eveniet. Et voluptatum aut illum et optio quod.'),
	(54, 'impedit', 'Qui sit quos provident dolor veritatis enim. Aut aut non minima voluptas molestias et. Non aspernatur quod reprehenderit voluptatibus. Ex ea quia et est dolores.'),
	(55, 'nam', 'Quia aut labore et rem iure. Voluptas quae id natus ex. Ad molestiae reprehenderit similique nobis deleniti.'),
	(56, 'odit', 'Labore molestiae accusantium eligendi nostrum sint. Eveniet qui minus nulla. Fugit et quaerat illum. Et aut non aut. Sed reprehenderit quam provident consectetur.'),
	(57, 'dolor', 'Est distinctio aut eum deleniti. Mollitia aut quibusdam dicta suscipit ea quis harum. Sunt rerum ea ut sit nihil vel nam. Nostrum consequatur reprehenderit sit rem.'),
	(58, 'voluptates', 'Amet totam corporis tenetur aut nihil. Culpa esse qui tempore doloribus harum omnis. Necessitatibus doloribus ipsam optio ut laudantium.'),
	(59, 'exercitationem', 'Illo sunt placeat fuga praesentium asperiores minus. Quia voluptas officiis explicabo est quia. Minima animi rerum perspiciatis enim itaque. Perferendis facere ea labore minima sint maxime quos.'),
	(60, 'eius', 'Corrupti dolorem a aspernatur quibusdam maiores rerum. Sed repellat possimus qui qui aspernatur. Tenetur consequatur explicabo delectus numquam et qui architecto. Quae adipisci eaque nobis perferendis quis odit.'),
	(61, 'eum', 'Voluptas voluptas eveniet consequuntur nisi. Est repellat soluta hic voluptatum enim nobis. Nemo ut repellat sunt exercitationem. Voluptatibus eos optio et.'),
	(62, 'dolorem', 'At incidunt eos officiis sapiente aut facere. Necessitatibus in dolor et sed. Temporibus vel neque aut quibusdam et molestiae et. Voluptatibus eum ut inventore magnam quo.'),
	(63, 'officiis', 'Consequatur unde consequuntur ad vel quia aperiam. Maiores omnis voluptatem rerum velit nihil ut qui reiciendis. Fuga aspernatur minima voluptas accusamus sed.'),
	(64, 'corporis', 'In earum fugit modi quos deleniti. Numquam enim voluptatem eligendi deserunt. Reiciendis ea est molestiae rerum quam et quo odit. Sint voluptatum error illo. Consequuntur vitae quia autem qui consequatur vitae culpa.'),
	(65, 'sint', 'Reiciendis officia autem aut suscipit excepturi quasi incidunt. Omnis ut numquam a corrupti voluptatem culpa.'),
	(66, 'nisi', 'Sit maxime natus dolores asperiores perferendis est. Voluptas aperiam facere vero ipsam velit quis veritatis. Doloribus dolorum deleniti ullam voluptatibus modi. Voluptatem est deleniti molestiae sed earum rem.'),
	(67, 'harum', 'Velit repellat saepe sint ea. Quia rerum soluta saepe corrupti nesciunt minima. At qui vero iure sunt est debitis.'),
	(68, 'quasi', 'Voluptatem eaque odio ipsa molestiae ut. Doloribus ipsum fugiat culpa est. Officia exercitationem esse reprehenderit eos consequatur quia dicta at. Vel dicta odio pariatur illum nobis nobis quaerat.'),
	(69, 'in', 'Qui sequi tempora quas blanditiis et mollitia. Ullam exercitationem quaerat laboriosam labore vero sint. Nesciunt reprehenderit excepturi consequatur optio quisquam repellendus.'),
	(70, 'distinctio', 'Repellendus aliquid occaecati blanditiis nisi. Quia sed odit veritatis quaerat. Adipisci fuga nulla ea esse qui. Nam rerum sit quia praesentium adipisci modi ea ipsa.'),
	(71, 'ipsum', 'Non non veritatis qui. Itaque qui doloribus rerum non quam velit reprehenderit. Magnam sed amet repellendus tenetur. Nam omnis est voluptas magnam.'),
	(72, 'et', 'Fugiat quidem architecto fugiat molestiae sunt fuga ullam. Earum in eius quibusdam. Voluptate eum asperiores aut.'),
	(73, 'dolores', 'Impedit sint vero dolorem et est sunt ea aut. Ipsam sunt et minus natus. Accusamus velit earum eos aut harum. Facilis et veritatis quibusdam voluptatum numquam omnis.'),
	(74, 'dolorum', 'Quia recusandae voluptatem et nostrum non. Et temporibus voluptatem sint pariatur. Eius beatae quasi rerum. Expedita inventore nihil eos pariatur nemo minima. Occaecati repellendus consectetur ea est aut est magni harum.'),
	(75, 'sunt', 'Sit voluptatibus in ullam tempore consequatur. Rerum dolores quia natus id voluptate aliquid perferendis. Voluptatem dolores placeat eius commodi et fuga modi aut.'),
	(76, 'nam', 'Distinctio ab harum cumque qui voluptate cupiditate. Alias optio ea ut omnis. Accusantium expedita explicabo error soluta voluptatum dolores.'),
	(77, 'aspernatur', 'Voluptates consequatur molestias atque voluptatem voluptas maxime id. Adipisci iste earum dolores consequatur sit enim illo earum. Ut saepe voluptas architecto harum aspernatur voluptates. Dignissimos ad facere non doloribus.'),
	(78, 'cum', 'Dignissimos eligendi molestiae nihil. Sapiente neque corrupti qui qui adipisci vitae fuga.'),
	(79, 'ullam', 'Deleniti soluta ea beatae voluptatem. Laborum debitis ut dolore quia natus sunt. Consequuntur repellat voluptatem unde aut voluptate aut. Ad qui explicabo minus alias cupiditate repellendus qui.'),
	(80, 'optio', 'Reprehenderit vero natus non culpa eum aut vel. Ut et aut alias velit ducimus autem magni. Necessitatibus ut incidunt ipsa eius fugit. Porro harum repellendus enim repudiandae consequatur voluptatem veniam. Laborum nulla molestias et incidunt non.'),
	(81, 'sit', 'Maiores laboriosam velit magni et aut aut. Provident nemo blanditiis assumenda. Et saepe voluptas quia iure porro. Quo excepturi at maxime ut eos sunt.'),
	(82, 'labore', 'Tempora aut iste quaerat voluptatem. Excepturi dolores incidunt officiis suscipit harum in. Aut aut ut tempore quia necessitatibus et et. Rerum libero voluptas voluptatem minus rerum aut.'),
	(83, 'repellendus', 'Ea dolores soluta consectetur nihil minima et exercitationem aut. Quo et quidem id corporis optio asperiores. Et aspernatur dicta distinctio voluptatem nostrum.'),
	(84, 'accusamus', 'Et reprehenderit corrupti distinctio autem quo aut et. Maiores et debitis iure voluptatem quia rem distinctio. Consequatur omnis dolorum nesciunt eum in. Quia id repudiandae ad ipsa autem dolores ut quisquam. Itaque pariatur eum voluptate odio qui.'),
	(85, 'autem', 'Magnam quisquam sed debitis et. Vitae et rerum voluptas ducimus vel. Sed sed ratione quis non officiis nihil tempore. Recusandae et sed nostrum est asperiores. Ut nostrum ab reiciendis optio recusandae totam.'),
	(86, 'ullam', 'Dolor quod accusantium ex accusamus sit. Laborum amet magnam aut consequatur. Modi quas et quia excepturi sit aut nihil.'),
	(87, 'in', 'Aut doloremque enim impedit sint soluta voluptatem. Sit quisquam animi facere facere ea modi. Sed molestias recusandae quia ea eaque consequatur nihil. Est alias pariatur eos maxime illum atque corrupti. Sit cupiditate qui quia error praesentium accusantium.'),
	(88, 'sint', 'Omnis ut voluptas omnis odit iste ea est odio. Animi consequatur voluptatem modi. Qui totam deleniti repellendus rerum explicabo fuga.'),
	(89, 'quasi', 'Ex sint sit dolor quis in veniam alias. Esse dolorum facere voluptate dolores itaque nihil ut. Quod mollitia similique neque saepe voluptates sunt. Temporibus ea vel et earum nemo dolores.'),
	(90, 'et', 'Et sed eos veniam accusantium numquam enim molestiae. Quae voluptates perferendis est doloribus assumenda vel dolores. Aperiam voluptatem facere qui tempora nihil quidem suscipit.'),
	(91, 'sit', 'Quam necessitatibus sed eaque earum. Eum cumque dolorem labore et ut.'),
	(92, 'rerum', 'Facilis voluptas ut ut aliquam quod voluptatum. Non accusantium laboriosam possimus excepturi rerum id et eaque. Perferendis ut animi ad.'),
	(93, 'omnis', 'Sit molestiae error repellat laboriosam corporis tenetur. Consequatur quos voluptas quisquam. Repudiandae nihil et et.'),
	(94, 'rerum', 'Id omnis et amet nihil quam est. Velit quo eum saepe amet. Sint asperiores maiores alias perspiciatis cum et. Veritatis minus expedita ducimus id nesciunt nisi.'),
	(95, 'officia', 'Sed sed repellendus qui ut facere et. Quam sit non possimus ab iure illum. Et dolorum omnis ratione quis numquam. Recusandae culpa nihil assumenda in est.'),
	(96, 'provident', 'Magnam at eaque voluptatem minus. Dignissimos cum tempore totam corrupti magnam accusamus. Occaecati in ut a aliquam voluptatum nulla ut. Accusantium dignissimos amet nobis inventore totam sapiente quia corporis.'),
	(97, 'atque', 'At quibusdam laudantium accusamus dicta et rem. Placeat est et et earum. Accusamus corrupti quo nemo culpa. Aut dolore iure delectus qui est distinctio expedita quasi.'),
	(98, 'cum', 'Corporis nemo dolore voluptatum quos sed. Fuga vel voluptas ex iure. Consequatur quas et quia et velit sit sed. Culpa aliquid ut reprehenderit magnam quasi.'),
	(99, 'reprehenderit', 'Doloremque omnis nesciunt ut perspiciatis explicabo placeat temporibus eaque. Consequatur atque officiis et sunt. Error maiores veritatis assumenda in. Eligendi alias sapiente cupiditate error alias pariatur quo.'),
	(100, 'neque', 'Et quo dolorem et quos et blanditiis illo. Deserunt vel suscipit doloribus. Officiis ducimus praesentium nemo nemo quia voluptatem aut a. Asperiores quo nemo minima commodi.');

-- Dumping structure for table dbp.food_groups
DROP TABLE IF EXISTS `food_groups`;
CREATE TABLE IF NOT EXISTS `food_groups` (
  `id` int(11) NOT NULL AUTO_INCREMENT,
  `name` varchar(255) NOT NULL,
  `description` text DEFAULT NULL,
  PRIMARY KEY (`id`),
  UNIQUE KEY `id` (`id`),
  UNIQUE KEY `name` (`name`)
) ENGINE=InnoDB AUTO_INCREMENT=11 DEFAULT CHARSET=utf8mb4 COLLATE=utf8mb4_general_ci;

-- Dumping data for table dbp.food_groups: ~10 rows (approximately)
INSERT INTO `food_groups` (`id`, `name`, `description`) VALUES
	(1, 'similique', 'Inventore quam in distinctio nesciunt laboriosam.'),
	(2, 'molestias', 'Voluptatem eveniet esse alias non accusantium dolor rerum.'),
	(3, 'consectetur', 'Asperiores unde enim eum sint.'),
	(4, 'qui', 'Maiores autem nesciunt sit quibusdam est optio.'),
	(5, 'iusto', 'Ut architecto consectetur consequatur et voluptas.'),
	(6, 'eos', 'Et voluptatum ducimus quae veniam saepe accusamus.'),
	(7, 'reiciendis', 'Necessitatibus aut qui facere est pariatur recusandae facilis.'),
	(8, 'consequatur', 'Ut vitae quidem cum est.'),
	(9, 'inventore', 'Nulla modi similique earum et pariatur.'),
	(10, 'culpa', 'Mollitia enim deleniti quos natus.');

-- Dumping structure for table dbp.ingredients
DROP TABLE IF EXISTS `ingredients`;
CREATE TABLE IF NOT EXISTS `ingredients` (
  `id` int(11) NOT NULL AUTO_INCREMENT,
  `fat_per_100g` float NOT NULL,
  `protein_per_100g` float NOT NULL,
  `carbs_per_100g` float NOT NULL,
  `name` varchar(255) NOT NULL,
  `food_group` int(11) NOT NULL,
  PRIMARY KEY (`id`),
  UNIQUE KEY `id` (`id`),
  UNIQUE KEY `name` (`name`),
  UNIQUE KEY `name_index` (`name`),
  KEY `food_group` (`food_group`),
  CONSTRAINT `ingredients_ibfk_1` FOREIGN KEY (`food_group`) REFERENCES `food_groups` (`id`) ON DELETE NO ACTION ON UPDATE NO ACTION
) ENGINE=InnoDB AUTO_INCREMENT=101 DEFAULT CHARSET=utf8mb4 COLLATE=utf8mb4_general_ci;

-- Dumping data for table dbp.ingredients: ~100 rows (approximately)
INSERT INTO `ingredients` (`id`, `fat_per_100g`, `protein_per_100g`, `carbs_per_100g`, `name`, `food_group`) VALUES
	(1, 4.4, 42.3, 9.2, 'necessitatibus', 1),
	(2, 99, 8.4, 18.4, 'sunt', 2),
	(3, 2.4, 23.9, 70.6, 'rem', 3),
	(4, 21.5, 26.7, 59.3, 'voluptatem', 4),
	(5, 29.5, 63.5, 14.7, 'ut', 5),
	(6, 19.7, 51.6, 96.1, 'laborum', 6),
	(7, 63.4, 41.2, 25.7, 'sit', 7),
	(8, 65.7, 9.6, 25.8, 'pariatur', 8),
	(9, 59.5, 18.9, 30.1, 'illo', 9),
	(10, 3.5, 20.1, 10, 'iste', 10),
	(11, 39.8, 6.2, 67.2, 'qui', 1),
	(12, 64.2, 22.5, 98.7, 'soluta', 2),
	(13, 80.4, 37.8, 67.7, 'possimus', 3),
	(14, 25.4, 39.1, 65.3, 'eum', 4),
	(15, 67.9, 37.3, 72.2, 'est', 5),
	(16, 13.5, 85.8, 71.8, 'debitis', 6),
	(17, 76.6, 40.4, 61.6, 'harum', 7),
	(18, 40.9, 65.4, 94.5, 'cumque', 8),
	(19, 66.7, 72.6, 94.6, 'quos', 9),
	(20, 95.2, 92.4, 59.1, 'iure', 10),
	(21, 34.7, 56.6, 40, 'aut', 1),
	(22, 72.3, 67.8, 7.4, 'vel', 2),
	(23, 29.6, 19.4, 27.4, 'odit', 3),
	(24, 94.1, 27.5, 86.5, 'fugiat', 4),
	(25, 68.7, 96.7, 42.7, 'eius', 5),
	(26, 22.2, 66.2, 79.1, 'atque', 6),
	(27, 76.2, 83.6, 30.3, 'a', 7),
	(28, 16.9, 42.5, 22.8, 'et', 8),
	(29, 87.2, 93.8, 94.4, 'amet', 9),
	(30, 53.4, 34.4, 38.9, 'consequatur', 10),
	(31, 35.8, 50.6, 12.3, 'natus', 1),
	(32, 41.2, 29.5, 5.9, 'corporis', 2),
	(33, 30.2, 0.7, 77.5, 'ipsa', 3),
	(34, 88.9, 28.6, 87.3, 'veniam', 4),
	(35, 89.6, 17.1, 95.5, 'quam', 5),
	(36, 89.2, 38.7, 5.9, 'ullam', 6),
	(37, 60.9, 90.3, 81.3, 'saepe', 7),
	(38, 27.6, 0.7, 37.1, 'commodi', 8),
	(39, 46.4, 39.3, 35.2, 'nihil', 9),
	(40, 81.4, 98.3, 91.2, 'quia', 10),
	(41, 35.1, 92.3, 20, 'impedit', 1),
	(42, 66.4, 17.3, 39.2, 'blanditiis', 2),
	(43, 33.4, 95.9, 9.7, 'eveniet', 3),
	(44, 28.4, 77.5, 67.9, 'veritatis', 4),
	(45, 98.4, 74.5, 10.2, 'accusamus', 5),
	(46, 63.9, 91.8, 64.9, 'quae', 6),
	(47, 91.4, 59, 61.8, 'odio', 7),
	(48, 78.9, 33.4, 14.9, 'voluptas', 8),
	(49, 33.1, 3.2, 23.4, 'deleniti', 9),
	(50, 36.2, 47.3, 45.8, 'tempora', 10),
	(51, 12.3, 71.2, 25.2, 'rerum', 1),
	(52, 24.9, 99.8, 23.1, 'facere', 2),
	(53, 44.1, 64.1, 47.9, 'id', 3),
	(54, 16.4, 22.5, 64.4, 'quaerat', 4),
	(55, 39.7, 99.8, 10.6, 'doloribus', 5),
	(56, 51.6, 28.3, 24.2, 'reprehenderit', 6),
	(57, 43.4, 94.7, 50.8, 'ipsum', 7),
	(58, 65.9, 51.5, 69.3, 'tempore', 8),
	(59, 23, 44.7, 60.2, 'explicabo', 9),
	(60, 60.4, 59.7, 50.2, 'minima', 10),
	(61, 56, 87.1, 10.6, 'non', 1),
	(62, 62.8, 77.4, 7.9, 'aperiam', 2),
	(63, 60.4, 68.5, 32.7, 'perspiciatis', 3),
	(64, 61.3, 86.1, 25.6, 'velit', 4),
	(65, 28.3, 11.9, 73.6, 'suscipit', 5),
	(66, 62.4, 82.6, 10, 'omnis', 6),
	(67, 86.2, 16.2, 36.8, 'quis', 7),
	(68, 2.9, 63.5, 78.5, 'assumenda', 8),
	(69, 69.7, 30.6, 60.9, 'sequi', 9),
	(70, 15.9, 29.5, 56.1, 'excepturi', 10),
	(71, 70.5, 98.8, 40.4, 'accusantium', 1),
	(72, 54.5, 80.2, 58, 'voluptatum', 2),
	(73, 34, 2.6, 24.3, 'similique', 3),
	(74, 8.5, 70.6, 66.5, 'officia', 4),
	(75, 54.5, 41.6, 2.7, 'reiciendis', 5),
	(76, 28.8, 84.8, 14.3, 'modi', 6),
	(77, 42.5, 83.8, 48.8, 'unde', 7),
	(78, 22.2, 35.2, 41, 'nam', 8),
	(79, 61.4, 69.7, 80.2, 'in', 9),
	(80, 73.3, 23.8, 48.8, 'hic', 10),
	(81, 64.6, 7.8, 63.5, 'ratione', 1),
	(82, 77.7, 61, 42.4, 'vero', 2),
	(83, 25.5, 4.2, 81.5, 'nostrum', 3),
	(84, 58.3, 17.4, 54.1, 'dolore', 4),
	(85, 99, 25, 87.7, 'libero', 5),
	(86, 57.7, 2.4, 2.8, 'voluptate', 6),
	(87, 87.1, 37.2, 21.8, 'praesentium', 7),
	(88, 49.3, 0.3, 39.2, 'sed', 8),
	(89, 70, 64.2, 0.2, 'corrupti', 9),
	(90, 34.5, 47.8, 23.5, 'esse', 10),
	(91, 91.1, 75.1, 94.5, 'itaque', 1),
	(92, 24.4, 31.6, 40.2, 'consectetur', 2),
	(93, 53, 61.8, 45.4, 'dolor', 3),
	(94, 41.2, 71.7, 66.1, 'illum', 4),
	(95, 37.3, 44.4, 21.4, 'architecto', 5),
	(96, 12, 28.7, 89.8, 'dolorem', 6),
	(97, 70.7, 13.1, 19.1, 'eos', 7),
	(98, 20, 79, 42.4, 'delectus', 8),
	(99, 8.3, 78, 41.2, 'nulla', 9),
	(100, 49.5, 52.5, 64.8, 'recusandae', 10);

-- Dumping structure for table dbp.labels
DROP TABLE IF EXISTS `labels`;
CREATE TABLE IF NOT EXISTS `labels` (
  `name` varchar(255) NOT NULL,
  `tip_1` text DEFAULT NULL,
  `tip_2` text DEFAULT NULL,
  `tip_3` text DEFAULT NULL,
  PRIMARY KEY (`name`),
  UNIQUE KEY `name` (`name`)
) ENGINE=InnoDB DEFAULT CHARSET=utf8mb4 COLLATE=utf8mb4_general_ci;

-- Dumping data for table dbp.labels: ~30 rows (approximately)
INSERT INTO `labels` (`name`, `tip_1`, `tip_2`, `tip_3`) VALUES
	('a', 'YOUR business, Two!\' said Seven. \'Yes, it IS his business!\' said Five, in a trembling voice:-- \'I passed by his garden, and marked, with one eye, How the Owl and the baby--the fire-irons came first;.', 'I wonder if I know is, something comes at me like that!\' \'I couldn\'t afford to learn it.\' said the Hatter: \'as the things I used to read fairy-tales, I fancied that kind of serpent, that\'s all you.', 'Gryphon. \'I mean, what makes them bitter--and--and barley-sugar and such things that make children sweet-tempered. I only knew the meaning of it in asking riddles that have no notion how long ago.'),
	('alias', 'Soup! Soup of the ground.\' So she sat still just as the Lory positively refused to tell me the list of the bill, "French, music, AND WASHING--extra."\' \'You couldn\'t have done that, you know,\' the.', 'Duchess asked, with another hedgehog, which seemed to have got altered.\' \'It is a raven like a snout than a rat-hole: she knelt down and saying to herself as she went back for a great hurry; \'this.', 'Pigeon went on, looking anxiously round to see how the Dodo said, \'EVERYBODY has won, and all would change to dull reality--the grass would be like, but it puzzled her very earnestly, \'Now, Dinah,.'),
	('aperiam', 'Queen furiously, throwing an inkstand at the moment, \'My dear! I wish you wouldn\'t have come here.\' Alice didn\'t think that proved it at last, more calmly, though still sobbing a little door was.', 'MINE.\' The Queen smiled and passed on. \'Who ARE you talking to?\' said the King, and the other guinea-pig cheered, and was just saying to herself as she was holding, and she heard it muttering to.', 'NOT a serpent!\' said Alice sharply, for she felt that this could not tell whether they were trying to invent something!\' \'I--I\'m a little scream, half of fright and half believed herself in the pool.'),
	('asperiores', 'King. The White Rabbit cried out, \'Silence in the act of crawling away: besides all this, there was no longer to be Number One,\' said Alice. \'Nothing WHATEVER?\' persisted the King. \'It began with.', 'It\'s by far the most confusing thing I know. Silence all round, if you only walk long enough.\' Alice felt so desperate that she was walking by the soldiers, who of course had to stop and untwist it..', 'AND WASHING--extra."\' \'You couldn\'t have done that?\' she thought. \'I must be what he did not sneeze, were the cook, to see what was on the trumpet, and then dipped suddenly down, so suddenly that.'),
	('aut', 'I wonder?\' As she said to herself; \'I should think very likely true.) Down, down, down. Would the fall was over. Alice was rather glad there WAS no one could possibly hear you.\' And certainly there.', 'But she went on, very much confused, \'I don\'t see,\' said the King: \'leave out that the meeting adjourn, for the Dormouse,\' thought Alice; but she added, to herself, \'because of his shrill little.', 'King replied. Here the Queen ordering off her knowledge, as there was mouth enough for it flashed across her mind that she had to sing this:-- \'Beautiful Soup, so rich and green, Waiting in a.'),
	('consectetur', 'She felt very lonely and low-spirited. In a minute or two, which gave the Pigeon in a low trembling voice, \'--and I hadn\'t quite finished my tea when I was a little startled by seeing the Cheshire.', 'They all sat down with one foot. \'Get up!\' said the Hatter said, turning to Alice again. \'No, I didn\'t,\' said Alice: \'I don\'t see any wine,\' she remarked. \'There isn\'t any,\' said the Cat, and.', 'The pepper when he finds out who was trembling down to her great delight it fitted! Alice opened the door of which was a dead silence instantly, and Alice rather unwillingly took the opportunity of.'),
	('consequuntur', 'Cat, \'if you only walk long enough.\' Alice felt dreadfully puzzled. The Hatter\'s remark seemed to have no answers.\' \'If you didn\'t sign it,\' said Alice, who was beginning to grow larger again, and.', 'Majesty!\' the soldiers did. After these came the royal children; there were ten of them, and all her wonderful Adventures, till she had got to the beginning of the bill, "French, music, AND.', 'Bill had left off quarrelling with the Queen, in a minute, while Alice thought the whole party at once crowded round it, panting, and asking, \'But who has won?\' This question the Dodo replied very.'),
	('culpa', 'Mock Turtle yet?\' \'No,\' said the King. (The jury all looked so good, that it felt quite strange at first; but she stopped hastily, for the Dormouse,\' thought Alice; \'but a grin without a moment\'s.', 'Seaography: then Drawling--the Drawling-master was an old conger-eel, that used to know. Let me see: four times seven is--oh dear! I wish you could keep it to speak again. In a little bird as soon.', 'Bill! I wouldn\'t say anything about it, and yet it was written to nobody, which isn\'t usual, you know.\' \'Not at first, perhaps,\' said the Queen. \'Never!\' said the King; \'and don\'t be nervous, or.'),
	('deleniti', 'What made you so awfully clever?\' \'I have answered three questions, and that in the middle, being held up by a row of lodging houses, and behind it, it occurred to her head, she tried to say than.', 'The Antipathies, I think--\' (she was obliged to have changed since her swim in the face. \'I\'ll put a stop to this,\' she said to herself \'It\'s the oldest rule in the long hall, and close to her usual.', 'She said this she looked down at them, and just as well as she ran; but the cook was busily stirring the soup, and seemed not to make herself useful, and looking at the stick, and made a snatch in.'),
	('dicta', 'Duchess asked, with another dig of her own mind (as well as pigs, and was surprised to find herself still in sight, and no more to come, so she went on, yawning and rubbing its eyes, \'Of course, of.', 'ONE respectable person!\' Soon her eye fell on a summer day: The Knave shook his grey locks, \'I kept all my life!\' She had already heard her voice close to them, they set to work very diligently to.', 'I suppose I ought to have been changed for any lesson-books!\' And so she went to him,\' the Mock Turtle in a court of justice before, but she could not remember the simple rules their friends had.'),
	('dolorem', 'When the pie was all ridges and furrows; the balls were live hedgehogs, the mallets live flamingoes, and the fan, and skurried away into the loveliest garden you ever saw. How she longed to get very.', 'Queen. First came ten soldiers carrying clubs; these were all shaped like ears and whiskers, how late it\'s getting!\' She was walking by the English, who wanted leaders, and had been running half an.', 'As she said to herself, and began smoking again. This time Alice waited patiently until it chose to speak with. Alice waited till she was beginning to write this down on one of the ground, Alice.'),
	('ea', 'She was close behind us, and he\'s treading on my tail. See how eagerly the lobsters to the rose-tree, she went to work throwing everything within her reach at the proposal. \'Then the words \'EAT ME\'.', 'I shall fall right THROUGH the earth! How funny it\'ll seem to encourage the witness at all: he kept shifting from one end to the waving of the goldfish kept running in her hands, wondering if.', 'Be off, or I\'ll kick you down stairs!\' \'That is not said right,\' said the Caterpillar. \'Is that the Queen shrieked out. \'Behead that Dormouse! Turn that Dormouse out of breath, and till the Pigeon.'),
	('est', 'Alice in a sulky tone, as it lasted.) \'Then the words all coming different, and then she remembered the number of executions the Queen to-day?\' \'I should think very likely true.) Down, down, down..', 'Shall I try the experiment?\' \'HE might bite,\' Alice cautiously replied, not feeling at all this grand procession, came THE KING AND QUEEN OF HEARTS. Alice was too small, but at any rate I\'ll never.', 'But do cats eat bats, I wonder?\' And here Alice began to say "HOW DOTH THE LITTLE BUSY BEE," but it had been. But her sister on the same age as herself, to see a little different. But if I\'m Mabel,.'),
	('hic', 'No, there were three little sisters,\' the Dormouse began in a hoarse growl, \'the world would go anywhere without a cat! It\'s the most interesting, and perhaps as this is May it won\'t be raving.', 'Alice. \'Of course not,\' said the cook. \'Treacle,\' said the Dodo solemnly presented the thimble, saying \'We beg your pardon,\' said Alice sharply, for she felt that she might as well wait, as she.', 'White Rabbit read:-- \'They told me you had been broken to pieces. \'Please, then,\' said Alice, who felt ready to ask the question?\' said the Hatter: \'I\'m on the spot.\' This did not wish to offend the.'),
	('inventore', 'I was thinking I should have croqueted the Queen\'s ears--\' the Rabbit coming to look about her any more if you\'d like it very much,\' said Alice, \'and those twelve creatures,\' (she was rather glad.', 'Dormouse shook itself, and began talking again. \'Dinah\'ll miss me very much pleased at having found out that it was a dead silence instantly, and Alice was more and more puzzled, but she remembered.', 'Gryphon. \'The reason is,\' said the March Hare said--\' \'I didn\'t!\' the March Hare was said to herself, as she spoke, but no result seemed to be sure, this generally happens when you come and join the.'),
	('magnam', 'It means much the most confusing thing I ever heard!\' \'Yes, I think I could, if I know I have none, Why, I wouldn\'t be so stingy about it, you know.\' \'Not at all,\' said the cook. \'Treacle,\' said the.', 'So they sat down, and nobody spoke for some time without interrupting it. \'They must go back by railway,\' she said to the little golden key, and when she got up, and began by taking the little.', 'This time there were three gardeners instantly threw themselves flat upon their faces. There was a large mustard-mine near here. And the executioner ran wildly up and saying, \'Thank you, sir, for.'),
	('minus', 'YOU, and no one to listen to her, \'if we had the dish as its share of the baby, and not to make herself useful, and looking at it gloomily: then he dipped it into one of the sort. Next came the.', 'Would not, could not, would not open any of them. \'I\'m sure I\'m not used to it in the distance, screaming with passion. She had quite forgotten the Duchess said after a pause: \'the reason is, that.', 'Dormouse, after thinking a minute or two sobs choked his voice. \'Same as if it wasn\'t trouble enough hatching the eggs,\' said the Caterpillar. Alice said very politely, \'if I had our Dinah here, I.'),
	('necessitatibus', 'Pat, what\'s that in the wood, \'is to grow here,\' said the Mock Turtle, \'but if they do, why then they\'re a kind of thing never happened, and now here I am so VERY tired of being all alone here!\' As.', 'Alice. \'And be quick about it,\' said Alice to herself, \'if one only knew how to get in?\' \'There might be some sense in your pocket?\' he went on for some minutes. Alice thought decidedly uncivil..', 'King, \'or I\'ll have you got in your knocking,\' the Footman continued in the middle of her head was so full of the room. The cook threw a frying-pan after her as she wandered about in the morning,.'),
	('non', 'Alice; but she had been (Before she had wept when she went on eagerly: \'There is such a capital one for catching mice you can\'t swim, can you?\' he added, turning to Alice a good thing!\' she said to.', 'Long Tale They were just beginning to get out again. The Mock Turtle said with a T!\' said the Hatter. \'He won\'t stand beating. Now, if you drink much from a Caterpillar The Caterpillar and Alice.', 'The Fish-Footman began by taking the little golden key and hurried upstairs, in great disgust, and walked off; the Dormouse again, so violently, that she wanted to send the hedgehog a blow with its.'),
	('odio', 'Alice. \'Well, I can\'t put it to make out what it meant till now.\' \'If that\'s all the unjust things--\' when his eye chanced to fall a long way. So she stood looking at everything that Alice said;.', 'Rabbit\'s voice along--\'Catch him, you by the officers of the house, "Let us both go to law: I will tell you more than Alice could only hear whispers now and then sat upon it.) \'I\'m glad I\'ve seen.', 'Mock Turtle, and said \'No, never\') \'--so you can have no idea how to speak first, \'why your cat grins like that?\' \'It\'s a pun!\' the King very decidedly, and he went on eagerly: \'There is such a nice.'),
	('pariatur', 'Alice thought over all the arches are gone from this morning,\' said Alice to herself. At this the White Rabbit as he wore his crown over the edge with each hand. \'And now which is which?\' she said.', 'Because he knows it teases.\' CHORUS. (In which the March Hare moved into the sky all the time at the mushroom (she had grown up,\' she said to live. \'I\'ve seen hatters before,\' she said to the.', 'William and offer him the crown. William\'s conduct at first she thought it over afterwards, it occurred to her chin upon Alice\'s shoulder, and it put the hookah out of the sort. Next came the royal.'),
	('perspiciatis', 'Soup, so rich and green, Waiting in a deep sigh, \'I was a good deal: this fireplace is narrow, to be lost: away went Alice after it, and then sat upon it.) \'I\'m glad they don\'t seem to dry me at.', 'I grow at a reasonable pace,\' said the Caterpillar. \'I\'m afraid I can\'t be Mabel, for I know I have to whisper a hint to Time, and round Alice, every now and then I\'ll tell you my history, and.', 'March Hare and the pattern on their slates, and she tried to curtsey as she could have told you butter wouldn\'t suit the works!\' he added looking angrily at the stick, and held it out to sea!" But.'),
	('qui', 'Hatter, and here the Mock Turtle. \'Seals, turtles, salmon, and so on.\' \'What a pity it wouldn\'t stay!\' sighed the Hatter. He came in sight of the thing Mock Turtle recovered his voice, and, with.', 'I like being that person, I\'ll come up: if not, I\'ll stay down here! It\'ll be no chance of this, so that her neck from being broken. She hastily put down yet, before the trial\'s begun.\' \'They\'re.', 'I was thinking I should have liked teaching it tricks very much, if--if I\'d only been the whiting,\' said Alice, and looking at the end.\' \'If you knew Time as well look and see after some executions.'),
	('quia', 'Alice, quite forgetting that she remained the same thing with you,\' said the Mock Turtle\'s heavy sobs. Lastly, she pictured to herself \'Suppose it should be raving mad--at least not so mad as it.', 'Hatter went on, turning to Alice, flinging the baby at her feet, for it flashed across her mind that she wanted much to know, but the Dodo replied very solemnly. Alice was silent. The Dormouse shook.', 'Oh, how I wish I hadn\'t cried so much!\' Alas! it was labelled \'ORANGE MARMALADE\', but to her great disappointment it was growing, and very neatly and simply arranged; the only one way up as the.'),
	('quis', 'How I wonder what they\'ll do well enough; don\'t be nervous, or I\'ll have you executed, whether you\'re nervous or not.\' \'I\'m a poor man, your Majesty,\' said Alice in a voice of thunder, and people.', 'ME, and told me you had been all the party sat silent for a great hurry; \'and their names were Elsie, Lacie, and Tillie; and they all cheered. Alice thought she might as well to say which), and they.', 'What happened to me! I\'LL soon make you grow taller, and the Dormouse shall!\' they both sat silent and looked into its mouth and yawned once or twice, and shook itself. Then it got down off the.'),
	('saepe', 'And with that she had put on your head-- Do you think, at your age, it is I hate cats and dogs.\' It was opened by another footman in livery came running out of a well?\' \'Take some more of it now in.', 'Oh, how I wish I hadn\'t begun my tea--not above a week or so--and what with the Duchess, the Duchess! Oh! won\'t she be savage if I\'ve been changed for any of them. \'I\'m sure those are not the same,.', 'Her first idea was that you couldn\'t cut off a little three-legged table, all made a memorandum of the suppressed guinea-pigs, filled the air, I\'m afraid, but you might do very well to introduce.'),
	('sequi', 'He moved on as he spoke, and then she walked off, leaving Alice alone with the bones and the game began. Alice thought to herself. (Alice had no idea what to beautify is, I suppose?\' said Alice..', 'I chose,\' the Duchess began in a tone of this rope--Will the roof of the Lobster Quadrille, that she did not venture to say a word, but slowly followed her back to them, and the cool fountains..', 'It\'s enough to try the experiment?\' \'HE might bite,\' Alice cautiously replied, not feeling at all know whether it would feel very sleepy and stupid), whether the pleasure of making a daisy-chain.'),
	('sint', 'I almost think I can go back and finish your story!\' Alice called out \'The Queen! The Queen!\' and the Queen was close behind us, and he\'s treading on her lap as if a fish came to the Gryphon. \'Well,.', 'White Rabbit read out, at the bottom of the well, and noticed that the Mouse heard this, it turned round and round Alice, every now and then; such as, that a moment\'s delay would cost them their.', 'And the Gryphon interrupted in a minute. Alice began in a thick wood. \'The first thing I\'ve got to the Knave of Hearts, who only bowed and smiled in reply. \'Please come back in a louder tone. \'ARE.'),
	('totam', 'Knave, \'I didn\'t write it, and finding it very hard indeed to make out what it was indeed: she was playing against herself, for she had never been in a low, hurried tone. He looked at Alice, and.', 'Alice didn\'t think that very few things indeed were really impossible. There seemed to have finished,\' said the Duchess, digging her sharp little chin. \'I\'ve a right to grow here,\' said the Rabbit\'s.', 'Queen. \'Can you play croquet with the time,\' she said to herself, \'I wonder what they\'ll do next! As for pulling me out of the cattle in the long hall, and wander about among those beds of bright.'),
	('voluptatem', 'But the snail replied "Too far, too far!" and gave a look askance-- Said he thanked the whiting kindly, but he would not open any of them. \'I\'m sure those are not the smallest notice of them didn\'t.', 'Mock Turtle; \'but it doesn\'t matter which way she put them into a conversation. \'You don\'t know where Dinn may be,\' said the Gryphon answered, very nearly carried it off. \'If everybody minded their.', 'As she said to herself, \'to be going messages for a good deal until she made out that one of them.\' In another moment down went Alice like the look of the bill, "French, music, AND WASHING--extra."\'.');

-- Dumping structure for table dbp.meal_types
DROP TABLE IF EXISTS `meal_types`;
CREATE TABLE IF NOT EXISTS `meal_types` (
  `name` varchar(255) NOT NULL,
  PRIMARY KEY (`name`),
  UNIQUE KEY `name` (`name`)
) ENGINE=InnoDB DEFAULT CHARSET=utf8mb4 COLLATE=utf8mb4_general_ci;

-- Dumping data for table dbp.meal_types: ~10 rows (approximately)
INSERT INTO `meal_types` (`name`) VALUES
	('amet'),
	('aut'),
	('et'),
	('nemo'),
	('nihil'),
	('quibusdam'),
	('reprehenderit'),
	('repudiandae'),
	('sapiente'),
	('sed');

-- Dumping structure for table dbp.national_cuisines
DROP TABLE IF EXISTS `national_cuisines`;
CREATE TABLE IF NOT EXISTS `national_cuisines` (
  `name` varchar(255) NOT NULL,
  PRIMARY KEY (`name`),
  UNIQUE KEY `name` (`name`)
) ENGINE=InnoDB DEFAULT CHARSET=utf8mb4 COLLATE=utf8mb4_general_ci;

-- Dumping data for table dbp.national_cuisines: ~20 rows (approximately)
INSERT INTO `national_cuisines` (`name`) VALUES
	('aperiam'),
	('architecto'),
	('delectus'),
	('deserunt'),
	('dolor'),
	('enim'),
	('eum'),
	('fugiat'),
	('id'),
	('itaque'),
	('magni'),
	('molestiae'),
	('nulla'),
	('quaerat'),
	('quis'),
	('quod'),
	('sint'),
	('tenetur'),
	('velit'),
	('voluptatem');

-- Dumping structure for table dbp.recipes
DROP TABLE IF EXISTS `recipes`;
CREATE TABLE IF NOT EXISTS `recipes` (
  `id` int(11) NOT NULL AUTO_INCREMENT,
  `cooking_time` int(11) DEFAULT NULL,
  `preparation_time` int(11) DEFAULT NULL,
  `name` varchar(255) NOT NULL,
  `is_pastry` tinyint(1) NOT NULL,
  `description` text DEFAULT NULL,
  `main_ingredient` int(11) NOT NULL,
  `meal_type` varchar(255) NOT NULL,
  `national_cuisine` varchar(255) NOT NULL,
  PRIMARY KEY (`id`),
  UNIQUE KEY `id` (`id`),
  KEY `national_cuisine` (`national_cuisine`),
  KEY `meal_type` (`meal_type`),
  KEY `main_ingredient` (`main_ingredient`),
  CONSTRAINT `recipes_ibfk_1` FOREIGN KEY (`national_cuisine`) REFERENCES `national_cuisines` (`name`) ON DELETE NO ACTION ON UPDATE NO ACTION,
  CONSTRAINT `recipes_ibfk_2` FOREIGN KEY (`meal_type`) REFERENCES `meal_types` (`name`) ON DELETE NO ACTION ON UPDATE NO ACTION,
  CONSTRAINT `recipes_ibfk_3` FOREIGN KEY (`main_ingredient`) REFERENCES `ingredients` (`id`) ON DELETE NO ACTION ON UPDATE NO ACTION
) ENGINE=InnoDB AUTO_INCREMENT=201 DEFAULT CHARSET=utf8mb4 COLLATE=utf8mb4_general_ci;

-- Dumping data for table dbp.recipes: ~200 rows (approximately)
INSERT INTO `recipes` (`id`, `cooking_time`, `preparation_time`, `name`, `is_pastry`, `description`, `main_ingredient`, `meal_type`, `national_cuisine`) VALUES
	(1, 75, 179, 'optio', 0, 'Rerum ad doloribus voluptas eum dolorem accusantium impedit. Nisi voluptatem explicabo est cupiditate facere. Totam assumenda enim reiciendis omnis molestiae et.', 1, 'amet', 'aperiam'),
	(2, 162, 197, 'velit', 0, 'Et quia neque totam numquam rerum ut reiciendis. Sit voluptas omnis dolorem officiis. Aut beatae provident iure nihil quaerat autem veritatis.', 2, 'aut', 'architecto'),
	(3, 104, 266, 'mollitia', 0, 'Atque laudantium sit fugit hic eius. Et magni magni praesentium fugit est dolores. Et inventore est recusandae sit sunt. Id consectetur vel eaque quibusdam.', 3, 'et', 'delectus'),
	(4, 67, 197, 'temporibus', 0, 'Alias commodi adipisci assumenda quibusdam vitae. Mollitia quibusdam beatae tempora quidem animi.', 4, 'nemo', 'deserunt'),
	(5, 225, 251, 'repudiandae', 0, 'Laboriosam libero aut libero optio culpa consequatur quisquam. Quia ut quasi qui est fugit. Ea rerum quo aspernatur officiis totam nulla.', 5, 'nihil', 'dolor'),
	(6, 110, 90, 'molestiae', 0, 'Nam est dolore nemo ab. Consequuntur ex architecto accusamus officiis aperiam. Laborum quia culpa explicabo error similique quos. Eos qui amet magnam nesciunt sed occaecati dolorum.', 6, 'quibusdam', 'enim'),
	(7, 105, 173, 'totam', 0, 'Eos nemo ullam sit facere sit laudantium velit. Nulla a repellat alias. Facilis consectetur recusandae sit autem provident velit occaecati. Qui eum dolorem mollitia qui.', 7, 'reprehenderit', 'eum'),
	(8, 187, 30, 'qui', 0, 'Rerum nostrum molestiae vitae aut. Explicabo quo qui temporibus eum. Ipsum autem et labore. Sed repellendus soluta earum amet eum voluptatem et est.', 8, 'repudiandae', 'fugiat'),
	(9, 160, 173, 'placeat', 0, 'Sapiente qui fuga aut molestiae sunt dolores. Molestiae quae quia magnam. Consequatur autem repellat officiis aut. Voluptatibus ut est minima vel sed.', 9, 'sapiente', 'id'),
	(10, 157, 40, 'eligendi', 0, 'Nam aut perspiciatis et voluptas vitae. Accusamus sit amet dicta in. Quidem in sunt impedit earum consequatur asperiores doloremque. Magnam in molestias possimus facilis facere quod.', 10, 'sed', 'itaque'),
	(11, 33, 296, 'deserunt', 0, 'Et ex excepturi dolorem voluptate soluta eos. Vel quaerat sed fugiat nemo veniam beatae aut. Enim esse aliquid provident non dolore provident ea omnis. Et voluptatem animi et est earum vitae sapiente.', 11, 'amet', 'magni'),
	(12, 113, 28, 'magnam', 0, 'Minus impedit expedita corrupti beatae in. Et voluptatum ut ea reprehenderit perspiciatis quisquam voluptas.', 12, 'aut', 'molestiae'),
	(13, 206, 25, 'sapiente', 0, 'Sunt voluptatem voluptatem dolore porro. Quia commodi et inventore et eum. Accusamus commodi dignissimos dignissimos soluta eos. Placeat voluptatem est voluptas omnis.', 13, 'et', 'nulla'),
	(14, 120, 61, 'sed', 1, 'Non exercitationem voluptates consequuntur. Enim qui qui qui quia corrupti ratione fuga. Dolor reiciendis et cum numquam non et. Quia expedita voluptates eos consequuntur eos omnis. Laborum provident ut amet labore eveniet eaque.', 14, 'nemo', 'quaerat'),
	(15, 274, 189, 'praesentium', 0, 'Harum et molestias eius vel odio similique. Est aperiam sapiente et in perspiciatis iusto voluptatem sit. Totam ullam omnis doloremque repellat sit debitis aliquid. Nam rerum numquam odit sed est omnis. Et quia pariatur cumque provident unde.', 15, 'nihil', 'quis'),
	(16, 296, 172, 'magnam', 1, 'Quod nihil amet reiciendis id et amet atque. Eius suscipit voluptatibus doloribus quasi saepe similique. Doloremque veniam laborum odit ipsa dolorem fugiat sit.', 16, 'quibusdam', 'quod'),
	(17, 292, 296, 'vero', 0, 'Sit magnam consequuntur vero temporibus aliquid. Quisquam eligendi possimus aperiam mollitia ut. Quas non enim suscipit facilis quaerat itaque quas. Ipsa consectetur quisquam excepturi veritatis veritatis.', 17, 'reprehenderit', 'sint'),
	(18, 142, 247, 'alias', 0, 'Tenetur totam error eaque ea velit. Dicta enim dolore eum provident quo et deserunt. Id inventore quo itaque est reiciendis.', 18, 'repudiandae', 'tenetur'),
	(19, 17, 190, 'et', 0, 'Suscipit alias non et animi. Nihil omnis eum dolorem corrupti. Et dolorum aut error vel nesciunt nihil voluptatem. Autem omnis ut ipsa non earum. Minima dicta facilis sed.', 19, 'sapiente', 'velit'),
	(20, 240, 234, 'nam', 0, 'Expedita provident perspiciatis molestiae sit atque. Fugit perferendis officia fuga repellendus et eaque.', 20, 'sed', 'voluptatem'),
	(21, 239, 101, 'expedita', 0, 'Mollitia ut alias et consequatur praesentium. Et molestiae veniam amet minus sed facere. Quas quia rerum cum omnis quo consequatur.', 21, 'amet', 'aperiam'),
	(22, 181, 43, 'asperiores', 0, 'Qui ullam est vitae sed quia tenetur sunt. Veniam dolor itaque id error laborum cum. Qui aut aut veritatis id exercitationem hic ipsa sit.', 22, 'aut', 'architecto'),
	(23, 90, 169, 'ratione', 1, 'Itaque dolorem pariatur consequatur beatae accusantium. Distinctio est veniam illum laudantium tenetur. Quas aliquam ut nulla omnis voluptatem.', 23, 'et', 'delectus'),
	(24, 210, 113, 'similique', 0, 'Voluptates dolorum et delectus quam magni est eveniet. Nihil et maxime et rerum voluptas.', 24, 'nemo', 'deserunt'),
	(25, 287, 291, 'beatae', 0, 'Velit cumque tempore et temporibus. Alias maxime odit ea consequatur est quos. Repellendus aut et recusandae explicabo perferendis sequi quo soluta.', 25, 'nihil', 'dolor'),
	(26, 96, 18, 'sunt', 0, 'A enim magni nihil cum cum sed. Magnam accusantium quibusdam ipsum reprehenderit et sapiente voluptatibus aut. Animi laboriosam dolorum blanditiis dolor est adipisci reiciendis tenetur. Voluptate sed itaque inventore repudiandae.', 26, 'quibusdam', 'enim'),
	(27, 283, 289, 'dolorum', 1, 'Omnis recusandae non expedita voluptatem natus accusantium amet est. Numquam sunt numquam maiores. Facere nesciunt quos quos et. Et accusamus deserunt dolorem ea vero fugiat.', 27, 'reprehenderit', 'eum'),
	(28, 25, 265, 'harum', 0, 'Inventore aliquid voluptatem optio similique. Delectus cumque laborum placeat nihil. Sed doloremque voluptatibus accusamus. Culpa qui et harum. Et amet dolor est dolor sint quis voluptas.', 28, 'repudiandae', 'fugiat'),
	(29, 227, 16, 'rerum', 1, 'Beatae necessitatibus voluptas corporis. Vero qui consequuntur neque qui soluta quasi voluptates. Omnis ut necessitatibus sunt nostrum et. Architecto quisquam voluptatum quia fuga rem.', 29, 'sapiente', 'id'),
	(30, 212, 69, 'sint', 0, 'Eum iste atque voluptatem ex. Praesentium molestias aut odit repellat dolore officia nesciunt. Enim quia porro repellendus consequuntur non ipsa ex. Saepe dolorem doloribus similique modi porro quia.', 30, 'sed', 'itaque'),
	(31, 293, 41, 'necessitatibus', 0, 'Eos est beatae nulla id reprehenderit libero adipisci. Molestias voluptas quis aliquid sit. Autem dignissimos eum facere veritatis alias saepe autem. Excepturi odit autem magnam occaecati laboriosam.', 31, 'amet', 'magni'),
	(32, 132, 57, 'harum', 0, 'Repellendus id cumque nihil consequatur alias voluptate. Eveniet quo ut illo sed magni vel. Officia libero rerum impedit nihil voluptatem vel. Possimus ex et impedit repellendus sint inventore.', 32, 'aut', 'molestiae'),
	(33, 66, 24, 'impedit', 0, 'Doloremque sed ut qui autem ex. Libero dolor sint omnis repudiandae. Soluta ut assumenda cum culpa animi et. Dolor impedit et et voluptatem veniam. Sunt laboriosam rerum omnis vitae animi error voluptatum aut.', 33, 'et', 'nulla'),
	(34, 269, 223, 'animi', 0, 'Unde perferendis eaque similique eos aut. Dolorem consequatur quod facilis. Deserunt et alias accusantium ut quia recusandae aut veniam. Et rerum ullam excepturi fugit aut voluptatem.', 34, 'nemo', 'quaerat'),
	(35, 125, 147, 'id', 0, 'Temporibus ut repellat voluptas ea impedit in rerum quia. Et optio voluptas rem ut. Est perspiciatis blanditiis delectus id. Ut est sed veniam.', 35, 'nihil', 'quis'),
	(36, 13, 173, 'vero', 0, 'Doloribus in aut magnam totam vel. Aliquid sint qui minima reprehenderit. Qui mollitia enim et et. Voluptates voluptatem quos aliquam.', 36, 'quibusdam', 'quod'),
	(37, 41, 57, 'excepturi', 0, 'Similique aliquam omnis eos laudantium. Et qui voluptate earum saepe ratione sed. Voluptas omnis quia earum id aliquid voluptatibus minus omnis.', 37, 'reprehenderit', 'sint'),
	(38, 118, 151, 'repudiandae', 0, 'Quia amet beatae ex consequatur saepe quisquam. Dolor repellat vel ullam id. Aliquid vel accusamus et repellat omnis.', 38, 'repudiandae', 'tenetur'),
	(39, 268, 94, 'aut', 0, 'Voluptatem non omnis dolores quibusdam culpa sunt inventore. Ut sint modi in necessitatibus ullam optio ullam earum. Ducimus dolor voluptatum voluptatem odio eius. In pariatur nihil et blanditiis.', 39, 'sapiente', 'velit'),
	(40, 247, 167, 'iusto', 0, 'Sunt incidunt facere sint est soluta quaerat iusto omnis. Accusantium illum itaque dolorem magnam aut. Delectus autem cumque voluptatem consequatur.', 40, 'sed', 'voluptatem'),
	(41, 88, 159, 'nihil', 0, 'Nisi quibusdam a nemo consequatur atque maxime. Optio dolorem et quisquam qui eius est sit. Et aliquam voluptatem accusamus consequuntur recusandae. Assumenda at praesentium fuga quod. Non cum occaecati quos et doloribus magni.', 41, 'amet', 'aperiam'),
	(42, 78, 156, 'dignissimos', 1, 'Voluptatem et ut cupiditate ut nesciunt fuga rerum. Laboriosam fugit in adipisci aspernatur vero eligendi consequatur. Omnis numquam nam soluta. Suscipit inventore illum cum.', 42, 'aut', 'architecto'),
	(43, 277, 244, 'et', 0, 'Et quasi nihil inventore sapiente. Occaecati rem pariatur ratione cumque. Consequuntur commodi dolorem excepturi et earum eum ipsa. Mollitia quos sunt et ut autem soluta est. Hic autem recusandae quia et omnis temporibus et rerum.', 43, 'et', 'delectus'),
	(44, 15, 52, 'quod', 0, 'Qui est ratione eligendi dolore odio aspernatur. Ipsum sunt alias eum facere. Eligendi ut asperiores tempore consequatur quidem. Debitis excepturi aspernatur soluta in accusamus.', 44, 'nemo', 'deserunt'),
	(45, 240, 297, 'dolores', 1, 'Numquam ab quaerat veniam voluptatem accusamus aut occaecati. Necessitatibus molestiae iusto quia ullam incidunt laborum.', 45, 'nihil', 'dolor'),
	(46, 286, 194, 'omnis', 1, 'Consequatur fugiat minima qui sequi adipisci ipsum. Recusandae aliquam neque id dolores illum odio. Ut autem et enim illum. Quasi sit in minus magnam repellat quod occaecati.', 46, 'quibusdam', 'enim'),
	(47, 173, 61, 'qui', 0, 'Sed omnis dolore ea sunt laborum. Est esse et laborum commodi rerum ipsam quia. Doloremque excepturi illum totam beatae.', 47, 'reprehenderit', 'eum'),
	(48, 55, 10, 'porro', 0, 'Deleniti dolores sunt sit nulla et minima. At qui voluptas et sit voluptatem sunt. Nisi atque nam necessitatibus similique optio neque velit.', 48, 'repudiandae', 'fugiat'),
	(49, 192, 241, 'expedita', 0, 'Voluptatem aut eveniet ipsam eveniet ipsa. Consequatur possimus ad deserunt ullam vel repudiandae est. Doloremque in voluptas maxime.', 49, 'sapiente', 'id'),
	(50, 236, 224, 'sed', 1, 'Id voluptatem quia sint alias eos et ipsum. Recusandae distinctio rerum voluptas consequatur. A nihil possimus consequatur iure et. Quis dolores explicabo iste est accusamus.', 50, 'sed', 'itaque'),
	(51, 45, 37, 'omnis', 1, 'Accusantium voluptas blanditiis expedita architecto dolorum et illo doloribus. Quis vitae ad qui omnis numquam. Rerum veniam qui numquam non. Fuga sit cupiditate aspernatur laborum.', 51, 'amet', 'magni'),
	(52, 201, 186, 'hic', 0, 'Id cupiditate soluta iure corporis ducimus ipsa. Quam at saepe voluptatibus error cumque aliquam. Qui et officiis reiciendis.', 52, 'aut', 'molestiae'),
	(53, 196, 186, 'autem', 1, 'Quidem assumenda natus amet. Ea fugit maxime labore esse non dolor. Quas laboriosam libero veritatis consectetur excepturi vitae ab. Repudiandae eos dolores adipisci rerum ut impedit voluptatem odio.', 53, 'et', 'nulla'),
	(54, 194, 55, 'aliquid', 0, 'Odio rem ea odit quia beatae reiciendis. Et et explicabo aliquid totam dolorem tempore.', 54, 'nemo', 'quaerat'),
	(55, 100, 255, 'id', 1, 'Quis qui et harum asperiores provident quis neque alias. Ut at aliquid tempora qui. Blanditiis qui qui vel minus.', 55, 'nihil', 'quis'),
	(56, 93, 248, 'officiis', 0, 'Impedit dolores recusandae aliquam accusamus consequuntur voluptatem id. Dolorum aspernatur quae ut omnis quos quam. Sunt eum placeat officia tenetur voluptatem enim recusandae.', 56, 'quibusdam', 'quod'),
	(57, 32, 89, 'quos', 1, 'Cum est dicta consequuntur veniam soluta porro explicabo. Laudantium libero illum aspernatur perferendis. Reiciendis delectus ut voluptatibus recusandae commodi reiciendis cum quod. Aperiam animi quis sed et aliquam.', 57, 'reprehenderit', 'sint'),
	(58, 152, 25, 'dicta', 0, 'Corporis officiis tempora adipisci assumenda eos blanditiis. At maiores aut excepturi ut eum. Est et quaerat totam assumenda.', 58, 'repudiandae', 'tenetur'),
	(59, 95, 167, 'sunt', 0, 'Sunt veritatis doloribus et nulla voluptatem ratione totam vitae. Fuga molestiae sapiente omnis quaerat numquam ea totam nostrum. Rerum et officiis laudantium provident est. Laudantium similique adipisci voluptate atque in. Occaecati quis accusamus magnam voluptatem aliquid.', 59, 'sapiente', 'velit'),
	(60, 46, 43, 'quia', 1, 'Ipsam veniam culpa et. Omnis animi quod aut modi facilis. Distinctio veritatis ut non laudantium est exercitationem rerum. Dolores autem praesentium dolorem.', 60, 'sed', 'voluptatem'),
	(61, 166, 258, 'excepturi', 0, 'Excepturi odit quis nemo quis blanditiis ipsum labore. Quo repellendus quidem voluptatibus vero non facere. Nemo et eius nihil non aperiam reprehenderit reiciendis perspiciatis.', 61, 'amet', 'aperiam'),
	(62, 130, 189, 'et', 0, 'Vero dignissimos odio et atque accusamus exercitationem. Molestiae cumque excepturi sed ut. Assumenda ut vero beatae ad distinctio. Quod cupiditate hic quia enim fugit quia ea eos. Sed velit consectetur harum qui excepturi iste recusandae.', 62, 'aut', 'architecto'),
	(63, 243, 110, 'aspernatur', 0, 'Nihil quia cumque aliquam illum iure corrupti aliquam. Repudiandae adipisci fugiat molestias blanditiis temporibus autem. Ut ut eaque quia consequatur placeat repellendus in.', 63, 'et', 'delectus'),
	(64, 114, 221, 'nihil', 0, 'Illo ut excepturi cum similique qui. Ipsa veniam occaecati nesciunt consequuntur quo dolores. Omnis ut molestias ratione odio. Qui a a quaerat sit.', 64, 'nemo', 'deserunt'),
	(65, 273, 154, 'dolores', 1, 'Totam facere alias eum labore necessitatibus rerum ut. Fugit in cupiditate est est. Corporis ut vitae odio esse quam qui.', 65, 'nihil', 'dolor'),
	(66, 93, 76, 'et', 0, 'Laborum debitis dolor voluptas illum suscipit quia quia. Cumque dolores ullam dolorum voluptatem quod ratione molestiae.', 66, 'quibusdam', 'enim'),
	(67, 245, 220, 'suscipit', 0, 'Et commodi rerum corporis beatae earum error quam. Facilis ullam totam sunt error reprehenderit.', 67, 'reprehenderit', 'eum'),
	(68, 250, 164, 'blanditiis', 0, 'Eligendi nostrum nesciunt unde repudiandae sed. Aut hic eum aperiam ut. Sed delectus nihil deleniti tempora nobis eveniet numquam. Quia atque voluptas similique fugit.', 68, 'repudiandae', 'fugiat'),
	(69, 230, 168, 'aut', 0, 'Consequatur quia molestiae ut eligendi magni. Itaque illum soluta odit aut inventore. Eum debitis a quia in cumque est. Vero odit alias quibusdam maiores. Voluptatem accusantium dolorum hic omnis quis quaerat magni.', 69, 'sapiente', 'id'),
	(70, 64, 137, 'eveniet', 1, 'Beatae ipsum nemo qui quo eaque quisquam ex. Nihil reprehenderit reprehenderit sed non dicta accusantium. Voluptas perferendis et deleniti quasi laudantium id cum.', 70, 'sed', 'itaque'),
	(71, 75, 287, 'perferendis', 0, 'Omnis tempore corrupti quia et qui. Distinctio dignissimos illo est eligendi.', 71, 'amet', 'magni'),
	(72, 235, 22, 'qui', 0, 'Quia temporibus facere et officia perspiciatis. Quam aut maxime adipisci totam molestiae. Soluta sint quia cum et laboriosam. Aut quas voluptas recusandae accusamus provident rerum.', 72, 'aut', 'molestiae'),
	(73, 7, 207, 'eos', 0, 'Modi rem consequuntur quo perspiciatis. Corporis autem aliquid inventore tempore. Et voluptatem similique et provident. Rem architecto aut fugit reprehenderit. Dignissimos aut dolore ut exercitationem.', 73, 'et', 'nulla'),
	(74, 115, 162, 'aut', 0, 'Aut aspernatur debitis dolorem praesentium. Est ut voluptatibus nihil exercitationem qui ad. Libero aliquid velit ut sunt. Sed ut minima perferendis voluptatem vero voluptate.', 74, 'nemo', 'quaerat'),
	(75, 272, 99, 'cupiditate', 0, 'Dolores molestiae pariatur corrupti quam tempora. Est voluptas explicabo explicabo occaecati ad. Quasi animi odio quaerat vero vitae eligendi veniam.', 75, 'nihil', 'quis'),
	(76, 213, 241, 'fugiat', 0, 'Rerum et aliquam quas enim. Aliquam quae nisi ea ducimus fugit quasi sequi. Officia officiis est dolore mollitia inventore molestiae.', 76, 'quibusdam', 'quod'),
	(77, 15, 293, 'repellendus', 0, 'Voluptatum doloremque pariatur illo eius quaerat dolore eos optio. Fugit et minima voluptates dolorem vel laudantium quis. Quisquam dolorem rerum voluptatum quia et libero. Assumenda vitae ipsam corrupti quia consequatur et.', 77, 'reprehenderit', 'sint'),
	(78, 76, 91, 'nemo', 0, 'Tempore harum dolorum iste. Odit quam autem quaerat. Consequatur eos et alias ipsa. Et vel porro dolores.', 78, 'repudiandae', 'tenetur'),
	(79, 293, 296, 'ratione', 0, 'Et non recusandae eaque explicabo qui voluptate dolorum. Aut sapiente ut velit. At recusandae rerum accusantium nulla voluptatem architecto. Et voluptatem harum fugit officiis velit sed.', 79, 'sapiente', 'velit'),
	(80, 81, 212, 'ea', 0, 'Qui esse voluptatem vel illum nisi perferendis. Aut voluptatem saepe in praesentium iusto dolorum. Odio quo cupiditate sed qui voluptatem dolor. Cupiditate dolorem ea non tempore.', 80, 'sed', 'voluptatem'),
	(81, 34, 5, 'incidunt', 0, 'Ipsum unde voluptatem odit aut. Sunt modi quibusdam mollitia aliquam similique. Fugit eos ab blanditiis voluptatum et.', 81, 'amet', 'aperiam'),
	(82, 193, 106, 'animi', 0, 'Dolorem mollitia ut iusto tempora minus ex esse consequuntur. In ipsa eius voluptatem iure deleniti dolore. Et ut officia vero labore reprehenderit facilis. Qui aspernatur officiis qui.', 82, 'aut', 'architecto'),
	(83, 171, 46, 'occaecati', 0, 'Cum sed maiores nihil laudantium ullam. Et commodi ab culpa quis neque. Est delectus enim incidunt vero.', 83, 'et', 'delectus'),
	(84, 239, 221, 'qui', 0, 'Expedita quod officiis voluptas porro aut perspiciatis placeat. Reiciendis ut et dolore omnis.', 84, 'nemo', 'deserunt'),
	(85, 187, 205, 'illum', 1, 'Et officia quisquam doloribus sit officiis consequatur. Repellat est distinctio corporis nemo placeat.', 85, 'nihil', 'dolor'),
	(86, 15, 278, 'animi', 0, 'Quaerat alias illum vel quidem autem modi. Veniam cumque minima quas magni voluptas labore est et. Perferendis et minima dolores sint facilis aut voluptatibus.', 86, 'quibusdam', 'enim'),
	(87, 276, 244, 'et', 0, 'Eos rerum blanditiis qui iste sequi necessitatibus sequi. In tempore molestiae exercitationem qui dolorem. Qui similique repellendus voluptatum ut quia quo. Sit magni ipsam dolor doloribus minus itaque. Autem necessitatibus qui non voluptatem hic rem.', 87, 'reprehenderit', 'eum'),
	(88, 244, 109, 'qui', 0, 'Eaque quia doloribus est rerum culpa sunt dolores. Voluptas consequatur sapiente velit rerum nemo iure cupiditate. Sed amet totam ut veritatis.', 88, 'repudiandae', 'fugiat'),
	(89, 80, 83, 'autem', 0, 'Et voluptas perspiciatis quos soluta. Perspiciatis praesentium distinctio officia omnis. Ut ex dolore minus soluta ea maxime vitae. Quidem sit doloribus qui nostrum mollitia. Voluptatem ipsum eos sed quis et blanditiis ipsum.', 89, 'sapiente', 'id'),
	(90, 201, 214, 'omnis', 0, 'Veniam et blanditiis rerum incidunt eaque. Iusto autem sed porro dolore dicta. Tempore reprehenderit aut explicabo.', 90, 'sed', 'itaque'),
	(91, 204, 266, 'accusamus', 0, 'Quisquam doloribus molestias recusandae esse. Fugit minima omnis eius optio ut. Labore voluptatem quod rem qui ut ullam modi. Dolore voluptates autem omnis velit.', 91, 'amet', 'magni'),
	(92, 218, 278, 'dolorem', 0, 'Et nobis quisquam autem labore. Quia vel pariatur totam rerum molestiae aut veritatis impedit.', 92, 'aut', 'molestiae'),
	(93, 224, 244, 'impedit', 0, 'Alias non eos blanditiis in asperiores. A delectus aut aut temporibus facere. Aut voluptatem nostrum eius ab sed unde quia rerum. Ullam ut excepturi temporibus quia ea dolores.', 93, 'et', 'nulla'),
	(94, 74, 27, 'distinctio', 0, 'Est est ex rem aut dolor. Et aliquam sunt consectetur et. Tenetur veniam nostrum ut voluptas facere placeat quis.', 94, 'nemo', 'quaerat'),
	(95, 108, 54, 'at', 0, 'Quis molestiae aut fugiat sunt maxime sed. Voluptas quod unde eos deserunt eius. Quos culpa vitae magnam consectetur dolores error. Dolores nesciunt cupiditate placeat est et.', 95, 'nihil', 'quis'),
	(96, 246, 33, 'praesentium', 1, 'Fugiat eum at sed animi quas provident et. Ullam iste voluptatem est provident est delectus. Eius itaque incidunt mollitia enim nemo iste aut. Impedit aut et ut non sed veritatis omnis. Eligendi nisi numquam quos vitae aliquam est unde.', 96, 'quibusdam', 'quod'),
	(97, 93, 80, 'illo', 0, 'Pariatur aut dolorum sapiente et. Aut exercitationem et fugit vel. Delectus sunt eveniet non expedita perferendis aut esse. Et saepe maiores possimus rerum.', 97, 'reprehenderit', 'sint'),
	(98, 164, 265, 'exercitationem', 1, 'Rem mollitia harum doloribus dicta nulla perspiciatis. Est et quis rerum iste eligendi nobis. Quas aspernatur soluta nulla aut perspiciatis. Ipsum sunt alias natus cum culpa enim et.', 98, 'repudiandae', 'tenetur'),
	(99, 13, 99, 'consectetur', 0, 'Dolorem esse aut sed nisi. Fugit amet repellendus et consectetur. Aliquam aut iusto aut vitae cumque magni. Excepturi assumenda sint consequuntur soluta animi qui dolore voluptas.', 99, 'sapiente', 'velit'),
	(100, 157, 195, 'est', 0, 'Et molestiae qui minima ratione tenetur. Quidem provident nam et voluptas. Saepe ea exercitationem sint et esse id ipsam. Necessitatibus vitae aut fugit facilis accusantium in.', 100, 'sed', 'voluptatem'),
	(101, 19, 191, 'illum', 0, 'Voluptate officia eum repellendus consequuntur provident quos in. Maiores provident animi a. Molestiae nisi maxime aut ipsam ea. Consequatur cum mollitia perferendis quisquam eum voluptatem atque.', 1, 'amet', 'aperiam'),
	(102, 130, 101, 'inventore', 0, 'Iure ut voluptatem consectetur beatae impedit voluptatibus aut nam. Blanditiis ea occaecati mollitia sequi consequatur. Doloremque aut fuga nobis quis sequi aspernatur inventore optio. Qui qui distinctio magni vel quisquam nihil.', 2, 'aut', 'architecto'),
	(103, 213, 195, 'enim', 1, 'Non est est velit provident enim. Aliquam iure quia omnis ut doloremque. Excepturi voluptate aut officiis porro nam in voluptatem. Qui tempore quaerat unde dicta dolore provident quos.', 3, 'et', 'delectus'),
	(104, 20, 81, 'a', 1, 'Velit et necessitatibus sit nulla odit aut aperiam. Harum reprehenderit et eos in adipisci. Atque hic doloribus dolor impedit qui.', 4, 'nemo', 'deserunt'),
	(105, 177, 220, 'eum', 0, 'Deserunt quasi tempora nihil eos in dolore dolorem quaerat. Repudiandae ut dolorem et et nisi quibusdam doloremque.', 5, 'nihil', 'dolor'),
	(106, 152, 7, 'itaque', 0, 'Porro eveniet impedit dolores aut doloremque veniam. Eveniet deserunt tempore fuga aspernatur dolores molestiae perspiciatis. Possimus atque numquam amet mollitia unde omnis impedit.', 6, 'quibusdam', 'enim'),
	(107, 138, 234, 'quis', 1, 'Quidem aliquam tempora magni earum provident. Sit et molestias porro sit. Magni in accusamus rerum ut non dolorem ullam. Nihil unde non est eligendi velit aut.', 7, 'reprehenderit', 'eum'),
	(108, 42, 221, 'est', 0, 'Officiis sed voluptate et quia. Omnis vitae cupiditate voluptatem minima nemo aut aut. Consectetur quaerat deleniti est corporis quisquam ut.', 8, 'repudiandae', 'fugiat'),
	(109, 154, 103, 'quibusdam', 1, 'Perferendis sint amet eius. Aut exercitationem adipisci maiores sit repellat. Officiis nihil temporibus enim assumenda. Dolorem et voluptatibus suscipit cumque accusantium consequatur.', 9, 'sapiente', 'id'),
	(110, 269, 219, 'ipsam', 0, 'Itaque corporis et ad excepturi. Et qui dolores sequi ipsa. Quaerat adipisci velit nemo quod corrupti quis eveniet. Alias sunt et quibusdam aliquam et molestiae maiores.', 10, 'sed', 'itaque'),
	(111, 79, 151, 'enim', 0, 'Accusantium qui quod voluptatem. Deserunt quia nisi et alias eaque. Sed a doloribus nemo quaerat dicta consequuntur sint accusantium. Corporis consectetur hic laborum sit iusto.', 11, 'amet', 'magni'),
	(112, 36, 83, 'et', 0, 'Nostrum a aut maxime. Et non quia blanditiis incidunt fugit quia distinctio asperiores. Et aut quo fugiat aut quo veritatis. Rem dolores ea natus soluta. Et rerum consequatur molestiae accusantium.', 12, 'aut', 'molestiae'),
	(113, 11, 215, 'labore', 0, 'Saepe error quibusdam dignissimos temporibus vitae. Et aliquam quia mollitia provident aut libero distinctio dolorum. Earum ut autem est quia rerum aut.', 13, 'et', 'nulla'),
	(114, 55, 129, 'atque', 1, 'Magnam vel neque rerum aliquid. At ducimus eum facere corporis ut sed est. Dolores voluptas ipsum sunt rerum repellendus impedit. Quia sit a voluptatem eum quisquam.', 14, 'nemo', 'quaerat'),
	(115, 288, 138, 'voluptas', 0, 'Quis voluptatum libero nam qui. Voluptas corporis omnis mollitia voluptatum delectus quia. Quod sunt voluptatem deleniti consequatur. Suscipit quibusdam ex enim voluptates ea.', 15, 'nihil', 'quis'),
	(116, 222, 115, 'quam', 0, 'Accusamus sint sint repellat quis porro. Sunt rem corporis quia enim culpa. Explicabo magni eaque ut expedita. Placeat est vel aliquam.', 16, 'quibusdam', 'quod'),
	(117, 206, 141, 'rerum', 0, 'Deleniti repudiandae fuga et explicabo. Voluptatum deleniti aperiam rerum placeat dolore deserunt ut.', 17, 'reprehenderit', 'sint'),
	(118, 27, 196, 'quam', 0, 'Iusto id et quas nemo cum ut. Praesentium neque sunt cumque eos ut repellat. Ut minima exercitationem sint animi dolorem.', 18, 'repudiandae', 'tenetur'),
	(119, 204, 117, 'optio', 0, 'Dolorem dolorum perferendis fuga nihil vel harum ut. Voluptas molestiae voluptates debitis sunt blanditiis qui soluta. Quia voluptates est facere laudantium ad et.', 19, 'sapiente', 'velit'),
	(120, 72, 217, 'sunt', 0, 'Commodi in provident quo aliquam. Cum est sint nihil odit itaque quos placeat. Id autem ratione qui.', 20, 'sed', 'voluptatem'),
	(121, 220, 233, 'porro', 0, 'Id omnis ut debitis. Esse aut esse cumque. Recusandae doloribus fugiat voluptas eum et nam.', 21, 'amet', 'aperiam'),
	(122, 264, 185, 'error', 0, 'Repellendus nulla omnis dolor occaecati. Dolorem quis quia optio asperiores. Corrupti quia neque doloribus alias rem aliquid.', 22, 'aut', 'architecto'),
	(123, 120, 194, 'voluptatum', 1, 'Maiores ea dolores dolores nesciunt sit architecto. Id excepturi consequatur dignissimos culpa minima dolorem nisi. Assumenda iusto voluptas et et ullam aspernatur. Rerum esse aut adipisci laboriosam vel est odit molestiae.', 23, 'et', 'delectus'),
	(124, 178, 6, 'eligendi', 0, 'Tempora eos deserunt vitae omnis. Quo sed omnis dolores sed praesentium sunt aut. Impedit corporis accusamus natus et delectus ullam. Inventore aliquam corrupti vel.', 24, 'nemo', 'deserunt'),
	(125, 214, 188, 'minima', 0, 'Impedit et consequatur sint laborum autem facilis temporibus. Repellat praesentium repellat corrupti est non qui. Harum doloribus amet ea amet. Necessitatibus eum et fugit amet aliquam consequuntur.', 25, 'nihil', 'dolor'),
	(126, 86, 253, 'nobis', 1, 'Voluptatem reprehenderit quibusdam itaque minus dicta et id. Est eligendi impedit cum sed cupiditate qui qui. Minus in laborum id repellat architecto reiciendis. Aperiam officiis fugit maxime eligendi quis autem.', 26, 'quibusdam', 'enim'),
	(127, 224, 209, 'ipsum', 0, 'Eos ut quia magni et et. Officia velit omnis ex laboriosam dolores libero. Suscipit rerum voluptatem numquam illum esse impedit aut.', 27, 'reprehenderit', 'eum'),
	(128, 122, 158, 'mollitia', 0, 'Optio consequatur dolores qui molestiae id et. Eius nemo eius ut enim earum dolores quod aut.', 28, 'repudiandae', 'fugiat'),
	(129, 99, 236, 'nam', 1, 'Non voluptatibus aliquam eos voluptatum. Aut doloribus perferendis maxime aspernatur fugit magni voluptatibus. Exercitationem saepe tenetur asperiores. Suscipit illo reiciendis praesentium.', 29, 'sapiente', 'id'),
	(130, 284, 92, 'rerum', 0, 'Qui quas itaque sapiente eveniet aut corporis. Fugiat qui est eos repellat sit eos.', 30, 'sed', 'itaque'),
	(131, 23, 56, 'est', 0, 'Similique illum deleniti modi et. Reprehenderit ex tempora modi voluptatibus rerum tenetur. Quas sit tempore magnam blanditiis quas eos.', 31, 'amet', 'magni'),
	(132, 101, 1, 'est', 1, 'Et porro earum amet magni dolorem. Consequatur maxime vero veritatis sunt culpa. Esse voluptatibus officia omnis eius vel facere aut. Porro ea et tempore quis quia in.', 32, 'aut', 'molestiae'),
	(133, 226, 157, 'ea', 0, 'Voluptatibus quia et impedit corporis omnis fugit aut. Enim magni aliquid quae iure mollitia. Sed quam corporis rerum perspiciatis officiis dolores. Excepturi ullam animi rerum repellendus exercitationem animi. Consequatur non commodi aut sit sit eaque.', 33, 'et', 'nulla'),
	(134, 105, 288, 'quia', 0, 'Quo ea et rem rem dolor blanditiis ut. Sequi nostrum dolor sed rerum laboriosam.', 34, 'nemo', 'quaerat'),
	(135, 85, 12, 'odio', 0, 'Nam laborum non quibusdam praesentium. Porro illo et rerum facilis itaque quis. Recusandae ipsam modi animi sed non. Ipsum reprehenderit explicabo quia quia repellendus eum.', 35, 'nihil', 'quis'),
	(136, 145, 177, 'corrupti', 1, 'Assumenda perspiciatis delectus ipsa ab facilis aut. Sint ullam vero delectus est quod corrupti sapiente. Sed sit et ea ipsam necessitatibus.', 36, 'quibusdam', 'quod'),
	(137, 182, 30, 'deserunt', 0, 'Laboriosam sit velit at quasi. Voluptas occaecati quidem tempore alias illum architecto eum.', 37, 'reprehenderit', 'sint'),
	(138, 159, 69, 'nemo', 0, 'Est a enim expedita placeat. Accusamus voluptatem reprehenderit eligendi mollitia sit magnam rerum nihil.', 38, 'repudiandae', 'tenetur'),
	(139, 288, 22, 'omnis', 0, 'Debitis iure consequuntur ullam. Neque nihil ipsam ab molestiae accusamus doloribus. Distinctio veniam quisquam voluptatem aut quia maxime tempore.', 39, 'sapiente', 'velit'),
	(140, 115, 4, 'similique', 0, 'Laboriosam praesentium id mollitia saepe sed qui. Perferendis tempore quia maiores sint nobis quidem quos debitis. Ipsum in ipsum excepturi omnis et enim consequatur.', 40, 'sed', 'voluptatem'),
	(141, 23, 120, 'quis', 0, 'Architecto id perferendis praesentium animi consequuntur officia velit. Et blanditiis eum hic vel recusandae a. Quas vel voluptas aperiam voluptas itaque molestias incidunt. Sit in quaerat ut sunt ut. Quia quo itaque odit.', 41, 'amet', 'aperiam'),
	(142, 159, 282, 'tenetur', 1, 'Quae eos a quia nisi illo dolores sed maxime. In delectus cum et laudantium.', 42, 'aut', 'architecto'),
	(143, 264, 268, 'itaque', 0, 'Et reprehenderit aut ipsa veritatis quasi hic. Similique rerum harum esse et necessitatibus ut. Et repellat sit ratione ipsam nisi dignissimos id. Rerum illum consequatur pariatur et qui voluptas voluptatem. Et incidunt ipsam veniam impedit qui.', 43, 'et', 'delectus'),
	(144, 179, 143, 'iusto', 0, 'Qui et quidem illum eos quas adipisci. Et ad omnis esse ipsa voluptatibus dignissimos nobis. Vitae sequi perspiciatis nam id sint.', 44, 'nemo', 'deserunt'),
	(145, 278, 131, 'nobis', 0, 'Qui sunt quae tempora consequuntur. Est et odio cupiditate facilis et. Eos ducimus facere voluptatem praesentium molestias.', 45, 'nihil', 'dolor'),
	(146, 269, 106, 'hic', 0, 'Est necessitatibus molestiae esse vitae minus est. Qui dolores vel et incidunt ut. Et error in sit.', 46, 'quibusdam', 'enim'),
	(147, 71, 249, 'consectetur', 1, 'Fugit non alias quisquam quo. Magni non hic et incidunt. Alias ullam tempora omnis et quo qui non. Vel magni sequi dicta quisquam. Placeat id est iste rerum quia.', 47, 'reprehenderit', 'eum'),
	(148, 92, 248, 'doloremque', 0, 'Praesentium et magnam et reiciendis facilis. Error animi eos blanditiis rerum amet cumque. Nulla magnam sint saepe itaque aliquid sint. Esse veritatis aspernatur sunt magnam.', 48, 'repudiandae', 'fugiat'),
	(149, 69, 154, 'minima', 0, 'Rerum qui laborum qui quod qui veritatis perferendis rerum. Eum eum et dicta aut aliquid sit. Quia accusamus cupiditate quae et quia quibusdam.', 49, 'sapiente', 'id'),
	(150, 119, 3, 'magni', 1, 'Itaque vel ut expedita sed sit atque. Atque animi est odit aut eum et velit. Ipsum corrupti qui dolor enim quidem dolorem earum esse.', 50, 'sed', 'itaque'),
	(151, 137, 97, 'natus', 0, 'Illum tempore ratione facilis et. Enim quibusdam illo amet temporibus deleniti sed. Dolores libero qui quisquam consequuntur sapiente ducimus quia eum.', 51, 'amet', 'magni'),
	(152, 294, 220, 'et', 0, 'Voluptatibus laboriosam reprehenderit et iure in ut quaerat. Doloribus corporis modi occaecati totam. Nemo molestiae maiores nihil alias natus.', 52, 'aut', 'molestiae'),
	(153, 203, 297, 'qui', 1, 'Neque ut voluptas suscipit libero. Voluptas velit aperiam qui nostrum voluptates ut. Possimus cum voluptatem dolore debitis. Aut dignissimos sit eum odio ut.', 53, 'et', 'nulla'),
	(154, 200, 63, 'eius', 0, 'Et repudiandae est ducimus eum. Consequatur tempora ex at sunt recusandae ea. Quia nemo delectus explicabo dolor exercitationem adipisci omnis. Aut ducimus voluptas unde dolorum est eos maxime.', 54, 'nemo', 'quaerat'),
	(155, 6, 278, 'culpa', 0, 'Aspernatur eius autem illo ratione sit vitae. Rerum quam consequatur a maiores provident. Nostrum quasi rem sit et eveniet ipsa porro. Repellat rem in sint temporibus eveniet modi.', 55, 'nihil', 'quis'),
	(156, 190, 86, 'autem', 0, 'Sint molestiae accusantium aut sunt magnam provident debitis nobis. Perspiciatis veritatis ipsam porro velit quia possimus ut. Placeat deserunt distinctio sit ipsa eum.', 56, 'quibusdam', 'quod'),
	(157, 195, 45, 'culpa', 0, 'Consequatur quibusdam qui rem quis mollitia aut. Nobis corrupti fuga eos sit atque voluptates esse voluptate. Sint fugiat libero eum.', 57, 'reprehenderit', 'sint'),
	(158, 90, 126, 'voluptatum', 0, 'Ducimus aut sunt ab ut magnam. Impedit voluptatem qui velit corporis facere nisi. Illum error laborum ut rem cumque et dicta. Quos amet nihil quis nam quis quia.', 58, 'repudiandae', 'tenetur'),
	(159, 272, 226, 'repudiandae', 0, 'Aspernatur error et voluptatum. Unde nam quia quibusdam autem velit est eaque. Dolores perspiciatis sit optio soluta animi qui.', 59, 'sapiente', 'velit'),
	(160, 243, 106, 'id', 0, 'Exercitationem quas est odit ipsam quo sit est sit. Eligendi nihil tempore numquam molestias omnis veritatis. Odit dolorum enim aliquid temporibus.', 60, 'sed', 'voluptatem'),
	(161, 280, 275, 'et', 1, 'In non ea aut vel id. Asperiores provident ex est delectus odit quos doloremque. Ut culpa fugiat est eveniet adipisci inventore.', 61, 'amet', 'aperiam'),
	(162, 295, 31, 'vitae', 0, 'Aut ab provident necessitatibus qui vitae ullam. Doloremque iure autem voluptatem voluptate culpa et. Et voluptatem voluptas officia omnis doloribus id.', 62, 'aut', 'architecto'),
	(163, 100, 120, 'repellendus', 0, 'Hic nobis sint fugit maiores non. Nemo modi delectus beatae facere. Est aut eaque mollitia culpa qui. Repellat non excepturi eum laboriosam numquam voluptatem.', 63, 'et', 'delectus'),
	(164, 266, 195, 'praesentium', 0, 'Quidem optio consequuntur soluta ad omnis doloribus. Nulla tenetur ipsum rerum maiores amet necessitatibus. Eum laborum harum rem minima quod autem necessitatibus.', 64, 'nemo', 'deserunt'),
	(165, 116, 107, 'illum', 0, 'Aut nihil ab non consequuntur neque fuga. Vel repudiandae cum atque vel harum qui veniam. Odio blanditiis sint inventore consequatur neque. Cupiditate aliquid aut et cumque impedit qui.', 65, 'nihil', 'dolor'),
	(166, 199, 295, 'officiis', 1, 'Ea laboriosam quaerat possimus et magnam. Quia aliquam et fugiat dolorum. Voluptas dolore aut id vitae atque eaque qui. Numquam omnis distinctio ad et ut. Nobis laudantium doloremque ea porro nobis nisi quasi.', 66, 'quibusdam', 'enim'),
	(167, 250, 258, 'enim', 0, 'Atque ex inventore cumque omnis. Soluta dolorem sed tenetur recusandae illo. Quia iste natus accusamus ex omnis.', 67, 'reprehenderit', 'eum'),
	(168, 294, 211, 'aut', 1, 'Illum quia corrupti veritatis nihil molestiae sit. Aut explicabo enim nostrum. Hic eos eos velit vel. Dolor officiis quis doloremque sint.', 68, 'repudiandae', 'fugiat'),
	(169, 186, 60, 'sed', 0, 'Hic occaecati quia aliquam autem harum dolor aperiam. Debitis ut et alias placeat ducimus rerum. Inventore eum aperiam sunt molestiae placeat mollitia delectus laboriosam. Ab necessitatibus accusamus veniam placeat.', 69, 'sapiente', 'id'),
	(170, 64, 81, 'similique', 0, 'Assumenda consectetur quasi iure id quos. Ut assumenda quo eum doloremque id. Placeat minus enim est. Culpa enim ipsa iste quo rerum accusamus qui.', 70, 'sed', 'itaque'),
	(171, 47, 6, 'enim', 0, 'Et dolore labore cupiditate dolores. Officia reiciendis assumenda autem sunt ab dolores dolorem. Nulla id enim fugiat tenetur ullam. Suscipit voluptatum architecto possimus quas.', 71, 'amet', 'magni'),
	(172, 46, 5, 'odio', 0, 'Eaque harum perspiciatis itaque repellat consequatur. Facilis dolores unde sit neque. Natus rerum exercitationem quis est consequatur dignissimos ea. Excepturi dignissimos nihil sit animi ut delectus iusto quo.', 72, 'aut', 'molestiae'),
	(173, 296, 55, 'omnis', 0, 'Libero et nobis quasi amet quidem. Alias nihil voluptas consectetur enim eligendi eveniet. Atque nulla amet non mollitia consectetur et illo dolore. Ad delectus sit magnam quam facere voluptatem.', 73, 'et', 'nulla'),
	(174, 50, 112, 'dolorem', 1, 'Deserunt repellat totam et voluptatem ullam at vel. Sit aut molestiae beatae consequuntur necessitatibus voluptatem placeat.', 74, 'nemo', 'quaerat'),
	(175, 297, 271, 'natus', 0, 'Facilis excepturi deleniti at iusto expedita non quisquam. Quo praesentium omnis ipsum commodi ullam. Fugit repudiandae enim cupiditate in nobis quod ratione. Asperiores enim cumque doloribus iste alias qui facere.', 75, 'nihil', 'quis'),
	(176, 0, 44, 'et', 0, 'Iusto et consectetur modi autem dolorem quis ab esse. Nihil sed incidunt enim possimus enim ad occaecati. Modi eos a saepe saepe voluptatem in.', 76, 'quibusdam', 'quod'),
	(177, 183, 285, 'dolor', 0, 'Vitae sunt non harum quos voluptatibus consequatur omnis expedita. Autem quisquam laborum nisi ut voluptas explicabo beatae. Ut magni eius quam doloremque.', 77, 'reprehenderit', 'sint'),
	(178, 96, 159, 'error', 0, 'Et minus dolorum dolorem ea laborum corporis. Voluptas est eos non culpa doloremque. Assumenda fugiat qui et est aspernatur voluptas. Non excepturi quos accusamus minima.', 78, 'repudiandae', 'tenetur'),
	(179, 82, 73, 'et', 1, 'Perferendis hic quidem cum autem. Amet iure nobis ad reiciendis saepe illum quia. Nesciunt similique in vel sunt. Et autem est voluptas ad. Cupiditate necessitatibus maiores ut quae est.', 79, 'sapiente', 'velit'),
	(180, 231, 42, 'qui', 0, 'Sequi quam eligendi officia similique assumenda praesentium. Explicabo nostrum temporibus cumque facere quam quibusdam nam accusantium. Suscipit perferendis dolorem perspiciatis ipsa qui. Numquam et necessitatibus esse eaque animi voluptatum. Fugiat laboriosam cum molestias aut et.', 80, 'sed', 'voluptatem'),
	(181, 284, 272, 'fugiat', 0, 'Laboriosam ipsum soluta quo architecto dicta. Vero natus commodi voluptate dolores consequatur. Occaecati consequatur et aliquid qui blanditiis et.', 81, 'amet', 'aperiam'),
	(182, 182, 36, 'unde', 0, 'Sint exercitationem aperiam fugit quia nihil saepe voluptate quam. Numquam officia sunt et voluptatibus non et dicta qui. Perferendis repudiandae magnam libero voluptatem nostrum omnis. Expedita ratione aut architecto recusandae consequuntur odio quo.', 82, 'aut', 'architecto'),
	(183, 159, 111, 'cumque', 0, 'Exercitationem sunt velit impedit. Eos quis repellendus rem et natus. Quia autem qui aspernatur.', 83, 'et', 'delectus'),
	(184, 220, 184, 'quasi', 0, 'Nemo aliquam pariatur atque reprehenderit omnis. Assumenda et et aut quo ratione nemo ea. Ipsam reprehenderit quo fuga eos illum. Aliquam et blanditiis corrupti exercitationem ut necessitatibus. Dolores quia inventore numquam sequi.', 84, 'nemo', 'deserunt'),
	(185, 161, 163, 'veritatis', 1, 'Veritatis facere aut iure aperiam ut. Voluptas perspiciatis quidem voluptas consectetur dicta asperiores. Sint magnam accusantium commodi voluptates distinctio voluptatem et amet. Vel inventore aut commodi quia reprehenderit ut.', 85, 'nihil', 'dolor'),
	(186, 48, 262, 'corporis', 1, 'Iure natus voluptas voluptas necessitatibus. Officia et sed eum placeat rerum alias deleniti. Velit quasi nihil et. Quia id et at optio minus autem.', 86, 'quibusdam', 'enim'),
	(187, 9, 130, 'hic', 0, 'Quae sequi non eius fuga corporis illo. Fugit tempora reiciendis nam ea id qui officiis. Sit impedit sed aut ipsum. Nulla voluptatem error mollitia nobis fugiat aut ea voluptatum.', 87, 'reprehenderit', 'eum'),
	(188, 250, 300, 'et', 1, 'Enim minima incidunt quasi aut error dolor dolor rerum. Laboriosam aspernatur id iure illo laborum natus. Repellendus libero sunt officia harum perferendis. Non et atque ea quo excepturi similique dolore.', 88, 'repudiandae', 'fugiat'),
	(189, 266, 155, 'dolores', 1, 'Vitae doloremque laboriosam ex aliquam omnis. A qui similique qui aut temporibus ratione. Adipisci molestias est ipsum aut quo totam. Unde velit aut voluptatem autem at dicta vitae.', 89, 'sapiente', 'id'),
	(190, 280, 258, 'voluptatibus', 0, 'Mollitia quas quia illo aut. Voluptas adipisci harum et facere quibusdam. Inventore optio voluptates reiciendis perspiciatis eos minima. Atque natus in sint molestiae et id sint. Alias consequatur ipsam optio.', 90, 'sed', 'itaque'),
	(191, 66, 134, 'est', 0, 'Itaque id blanditiis eveniet ex ut quis. Quisquam quia quas impedit rerum nesciunt. Voluptates incidunt quia et eos. Facere ab sit non.', 91, 'amet', 'magni'),
	(192, 57, 90, 'similique', 0, 'Autem similique corrupti et id. Repellendus dolorem eaque error nam. Quisquam et qui voluptates et.', 92, 'aut', 'molestiae'),
	(193, 117, 35, 'autem', 0, 'Cumque expedita minima aut sint rerum non. Repellat commodi est sint molestiae voluptatem non.', 93, 'et', 'nulla'),
	(194, 76, 123, 'aut', 0, 'Sint dolore delectus quo veniam voluptas magni. Est temporibus saepe sed. Velit autem et ipsum rerum autem perspiciatis consequatur.', 94, 'nemo', 'quaerat'),
	(195, 280, 233, 'nisi', 0, 'Fuga sit fuga deserunt amet. Enim ea sunt voluptas voluptas qui in fugit tenetur. Vero doloremque voluptas perspiciatis repellendus est animi. Cupiditate eos ex atque aliquam animi molestiae reiciendis.', 95, 'nihil', 'quis'),
	(196, 281, 272, 'qui', 1, 'Mollitia earum quae reprehenderit quos aliquid sequi. Quia autem et quisquam. Sunt vel et vitae consectetur quae. Corrupti dolorem totam sunt quisquam magnam eum tenetur. Reprehenderit expedita et quae temporibus voluptatibus dolor.', 96, 'quibusdam', 'quod'),
	(197, 294, 129, 'maiores', 1, 'Deserunt est voluptatem expedita eius voluptatem expedita. Est fuga ab voluptatem sed ut et sit ut. Et quis et accusamus est non dolor sit mollitia. Ratione tempore aut repellat et officia quod.', 97, 'reprehenderit', 'sint'),
	(198, 287, 101, 'quidem', 0, 'Repudiandae sit rerum et ipsa eligendi. Laboriosam excepturi officiis labore eum voluptatem rerum maiores molestias. Quasi ex deserunt in itaque nobis est in sit.', 98, 'repudiandae', 'tenetur'),
	(199, 83, 13, 'temporibus', 0, 'Impedit aut dolores laboriosam. Commodi aliquam modi autem adipisci corrupti commodi. Incidunt doloribus dolores deleniti et rerum laudantium voluptate. Illo omnis id enim ut dolor corporis.', 99, 'sapiente', 'velit'),
	(200, 112, 163, 'fugit', 0, 'Cumque aspernatur velit sint reiciendis atque est tempore. Sit repellendus laborum ullam et.', 100, 'sed', 'voluptatem');

-- Dumping structure for table dbp.recipe_has_label
DROP TABLE IF EXISTS `recipe_has_label`;
CREATE TABLE IF NOT EXISTS `recipe_has_label` (
  `recipe_id` int(11) NOT NULL,
  `label_id` varchar(255) NOT NULL,
  PRIMARY KEY (`recipe_id`,`label_id`),
  KEY `label_id` (`label_id`),
  CONSTRAINT `recipe_has_label_ibfk_1` FOREIGN KEY (`recipe_id`) REFERENCES `recipes` (`id`) ON DELETE NO ACTION ON UPDATE NO ACTION,
  CONSTRAINT `recipe_has_label_ibfk_2` FOREIGN KEY (`label_id`) REFERENCES `labels` (`name`) ON DELETE NO ACTION ON UPDATE NO ACTION
) ENGINE=InnoDB DEFAULT CHARSET=utf8mb4 COLLATE=utf8mb4_general_ci;

-- Dumping data for table dbp.recipe_has_label: ~300 rows (approximately)
INSERT INTO `recipe_has_label` (`recipe_id`, `label_id`) VALUES
	(1, 'voluptatem'),
	(2, 'aperiam'),
	(2, 'aut'),
	(3, 'ea'),
	(4, 'qui'),
	(5, 'deleniti'),
	(5, 'odio'),
	(6, 'magnam'),
	(6, 'necessitatibus'),
	(6, 'voluptatem'),
	(7, 'consectetur'),
	(8, 'ea'),
	(9, 'asperiores'),
	(9, 'ea'),
	(9, 'est'),
	(9, 'pariatur'),
	(9, 'quis'),
	(12, 'dolorem'),
	(12, 'hic'),
	(15, 'consequuntur'),
	(15, 'pariatur'),
	(16, 'sequi'),
	(17, 'qui'),
	(18, 'deleniti'),
	(18, 'saepe'),
	(19, 'perspiciatis'),
	(20, 'culpa'),
	(22, 'necessitatibus'),
	(23, 'sequi'),
	(24, 'minus'),
	(25, 'odio'),
	(26, 'deleniti'),
	(27, 'inventore'),
	(27, 'saepe'),
	(28, 'dolorem'),
	(28, 'pariatur'),
	(29, 'asperiores'),
	(29, 'saepe'),
	(30, 'consectetur'),
	(30, 'dicta'),
	(30, 'voluptatem'),
	(31, 'minus'),
	(32, 'asperiores'),
	(32, 'inventore'),
	(34, 'aperiam'),
	(35, 'aperiam'),
	(35, 'aut'),
	(35, 'quia'),
	(36, 'hic'),
	(37, 'consequuntur'),
	(39, 'dolorem'),
	(42, 'asperiores'),
	(43, 'minus'),
	(43, 'sequi'),
	(44, 'consequuntur'),
	(44, 'est'),
	(44, 'quia'),
	(45, 'a'),
	(45, 'magnam'),
	(46, 'culpa'),
	(46, 'ea'),
	(47, 'quis'),
	(47, 'voluptatem'),
	(48, 'deleniti'),
	(49, 'minus'),
	(50, 'perspiciatis'),
	(51, 'voluptatem'),
	(52, 'consectetur'),
	(53, 'asperiores'),
	(53, 'hic'),
	(53, 'magnam'),
	(55, 'deleniti'),
	(55, 'hic'),
	(55, 'necessitatibus'),
	(55, 'quis'),
	(56, 'dolorem'),
	(57, 'aperiam'),
	(57, 'asperiores'),
	(57, 'odio'),
	(57, 'qui'),
	(57, 'sequi'),
	(58, 'non'),
	(58, 'saepe'),
	(59, 'dicta'),
	(60, 'ea'),
	(60, 'non'),
	(60, 'saepe'),
	(61, 'pariatur'),
	(61, 'saepe'),
	(63, 'alias'),
	(64, 'aut'),
	(64, 'hic'),
	(65, 'aperiam'),
	(66, 'a'),
	(66, 'deleniti'),
	(66, 'dicta'),
	(66, 'necessitatibus'),
	(67, 'pariatur'),
	(69, 'aut'),
	(69, 'deleniti'),
	(72, 'deleniti'),
	(73, 'dolorem'),
	(73, 'sint'),
	(75, 'culpa'),
	(75, 'necessitatibus'),
	(76, 'minus'),
	(77, 'culpa'),
	(77, 'quis'),
	(79, 'alias'),
	(79, 'inventore'),
	(79, 'non'),
	(79, 'totam'),
	(80, 'deleniti'),
	(81, 'inventore'),
	(84, 'quia'),
	(84, 'voluptatem'),
	(85, 'asperiores'),
	(85, 'aut'),
	(85, 'pariatur'),
	(85, 'voluptatem'),
	(86, 'consequuntur'),
	(86, 'deleniti'),
	(86, 'odio'),
	(86, 'voluptatem'),
	(87, 'a'),
	(87, 'quia'),
	(88, 'hic'),
	(88, 'sequi'),
	(89, 'saepe'),
	(90, 'ea'),
	(92, 'consequuntur'),
	(93, 'a'),
	(94, 'est'),
	(95, 'odio'),
	(96, 'a'),
	(96, 'aperiam'),
	(96, 'qui'),
	(96, 'sint'),
	(98, 'consequuntur'),
	(98, 'culpa'),
	(98, 'dolorem'),
	(98, 'hic'),
	(98, 'sint'),
	(100, 'magnam'),
	(100, 'minus'),
	(100, 'voluptatem'),
	(101, 'hic'),
	(101, 'sequi'),
	(102, 'alias'),
	(102, 'est'),
	(102, 'minus'),
	(102, 'odio'),
	(102, 'totam'),
	(103, 'consectetur'),
	(105, 'minus'),
	(105, 'quia'),
	(105, 'quis'),
	(107, 'odio'),
	(107, 'quis'),
	(108, 'necessitatibus'),
	(108, 'quia'),
	(109, 'alias'),
	(110, 'inventore'),
	(110, 'qui'),
	(112, 'totam'),
	(113, 'sequi'),
	(115, 'hic'),
	(117, 'quis'),
	(118, 'alias'),
	(118, 'odio'),
	(119, 'inventore'),
	(120, 'dolorem'),
	(122, 'dicta'),
	(123, 'minus'),
	(125, 'asperiores'),
	(125, 'aut'),
	(125, 'dicta'),
	(125, 'est'),
	(125, 'odio'),
	(125, 'totam'),
	(126, 'saepe'),
	(127, 'consectetur'),
	(127, 'est'),
	(128, 'ea'),
	(128, 'qui'),
	(128, 'sequi'),
	(129, 'ea'),
	(130, 'sint'),
	(131, 'alias'),
	(131, 'asperiores'),
	(131, 'quis'),
	(132, 'asperiores'),
	(132, 'consectetur'),
	(132, 'ea'),
	(132, 'sint'),
	(133, 'quia'),
	(134, 'dicta'),
	(135, 'dolorem'),
	(136, 'odio'),
	(136, 'voluptatem'),
	(137, 'consequuntur'),
	(138, 'est'),
	(138, 'inventore'),
	(139, 'aut'),
	(140, 'quia'),
	(141, 'aut'),
	(142, 'consequuntur'),
	(142, 'sequi'),
	(145, 'hic'),
	(146, 'aperiam'),
	(146, 'odio'),
	(147, 'asperiores'),
	(148, 'asperiores'),
	(148, 'hic'),
	(149, 'saepe'),
	(150, 'alias'),
	(150, 'deleniti'),
	(150, 'dicta'),
	(150, 'qui'),
	(150, 'totam'),
	(152, 'aperiam'),
	(152, 'hic'),
	(152, 'inventore'),
	(152, 'pariatur'),
	(153, 'consequuntur'),
	(154, 'alias'),
	(154, 'deleniti'),
	(154, 'sequi'),
	(155, 'odio'),
	(156, 'aperiam'),
	(156, 'asperiores'),
	(156, 'sint'),
	(158, 'aperiam'),
	(159, 'consequuntur'),
	(160, 'a'),
	(160, 'est'),
	(160, 'saepe'),
	(161, 'aut'),
	(161, 'consequuntur'),
	(161, 'magnam'),
	(162, 'dolorem'),
	(162, 'saepe'),
	(163, 'inventore'),
	(163, 'pariatur'),
	(164, 'inventore'),
	(165, 'magnam'),
	(166, 'aut'),
	(167, 'dolorem'),
	(168, 'consequuntur'),
	(169, 'pariatur'),
	(170, 'consequuntur'),
	(170, 'pariatur'),
	(170, 'voluptatem'),
	(172, 'odio'),
	(172, 'quis'),
	(173, 'hic'),
	(175, 'ea'),
	(175, 'magnam'),
	(178, 'culpa'),
	(178, 'deleniti'),
	(179, 'asperiores'),
	(179, 'magnam'),
	(180, 'ea'),
	(181, 'asperiores'),
	(181, 'dolorem'),
	(181, 'est'),
	(181, 'hic'),
	(182, 'dicta'),
	(182, 'est'),
	(182, 'pariatur'),
	(183, 'odio'),
	(183, 'totam'),
	(184, 'ea'),
	(184, 'odio'),
	(185, 'quis'),
	(186, 'ea'),
	(187, 'alias'),
	(187, 'qui'),
	(187, 'saepe'),
	(188, 'consectetur'),
	(189, 'aut'),
	(189, 'dicta'),
	(190, 'a'),
	(190, 'aperiam'),
	(190, 'non'),
	(191, 'perspiciatis'),
	(192, 'a'),
	(192, 'ea'),
	(192, 'non'),
	(193, 'deleniti'),
	(193, 'odio'),
	(193, 'quia'),
	(195, 'sequi'),
	(197, 'aut'),
	(197, 'hic'),
	(197, 'voluptatem'),
	(198, 'aperiam'),
	(198, 'est'),
	(198, 'hic'),
	(200, 'dicta');

-- Dumping structure for table dbp.recipe_theme_link
DROP TABLE IF EXISTS `recipe_theme_link`;
CREATE TABLE IF NOT EXISTS `recipe_theme_link` (
  `recipe_id` int(11) NOT NULL,
  `theme_id` int(11) NOT NULL,
  PRIMARY KEY (`recipe_id`,`theme_id`),
  KEY `theme_id` (`theme_id`),
  CONSTRAINT `recipe_theme_link_ibfk_1` FOREIGN KEY (`recipe_id`) REFERENCES `recipes` (`id`) ON DELETE NO ACTION ON UPDATE NO ACTION,
  CONSTRAINT `recipe_theme_link_ibfk_2` FOREIGN KEY (`theme_id`) REFERENCES `themes` (`id`) ON DELETE NO ACTION ON UPDATE NO ACTION
) ENGINE=InnoDB DEFAULT CHARSET=utf8mb4 COLLATE=utf8mb4_general_ci;

-- Dumping data for table dbp.recipe_theme_link: ~200 rows (approximately)
INSERT INTO `recipe_theme_link` (`recipe_id`, `theme_id`) VALUES
	(1, 1),
	(2, 2),
	(3, 3),
	(4, 4),
	(5, 5),
	(6, 6),
	(7, 7),
	(8, 8),
	(9, 9),
	(10, 10),
	(11, 11),
	(12, 12),
	(13, 13),
	(14, 14),
	(15, 15),
	(16, 16),
	(17, 17),
	(18, 18),
	(19, 19),
	(20, 20),
	(21, 21),
	(22, 22),
	(23, 23),
	(24, 24),
	(25, 25),
	(26, 26),
	(27, 27),
	(28, 28),
	(29, 29),
	(30, 30),
	(31, 1),
	(32, 2),
	(33, 3),
	(34, 4),
	(35, 5),
	(36, 6),
	(37, 7),
	(38, 8),
	(39, 9),
	(40, 10),
	(41, 11),
	(42, 12),
	(43, 13),
	(44, 14),
	(45, 15),
	(46, 16),
	(47, 17),
	(48, 18),
	(49, 19),
	(50, 20),
	(51, 21),
	(52, 22),
	(53, 23),
	(54, 24),
	(55, 25),
	(56, 26),
	(57, 27),
	(58, 28),
	(59, 29),
	(60, 30),
	(61, 1),
	(62, 2),
	(63, 3),
	(64, 4),
	(65, 5),
	(66, 6),
	(67, 7),
	(68, 8),
	(69, 9),
	(70, 10),
	(71, 11),
	(72, 12),
	(73, 13),
	(74, 14),
	(75, 15),
	(76, 16),
	(77, 17),
	(78, 18),
	(79, 19),
	(80, 20),
	(81, 21),
	(82, 22),
	(83, 23),
	(84, 24),
	(85, 25),
	(86, 26),
	(87, 27),
	(88, 28),
	(89, 29),
	(90, 30),
	(91, 1),
	(92, 2),
	(93, 3),
	(94, 4),
	(95, 5),
	(96, 6),
	(97, 7),
	(98, 8),
	(99, 9),
	(100, 10),
	(101, 11),
	(102, 12),
	(103, 13),
	(104, 14),
	(105, 15),
	(106, 16),
	(107, 17),
	(108, 18),
	(109, 19),
	(110, 20),
	(111, 21),
	(112, 22),
	(113, 23),
	(114, 24),
	(115, 25),
	(116, 26),
	(117, 27),
	(118, 28),
	(119, 29),
	(120, 30),
	(121, 1),
	(122, 2),
	(123, 3),
	(124, 4),
	(125, 5),
	(126, 6),
	(127, 7),
	(128, 8),
	(129, 9),
	(130, 10),
	(131, 11),
	(132, 12),
	(133, 13),
	(134, 14),
	(135, 15),
	(136, 16),
	(137, 17),
	(138, 18),
	(139, 19),
	(140, 20),
	(141, 21),
	(142, 22),
	(143, 23),
	(144, 24),
	(145, 25),
	(146, 26),
	(147, 27),
	(148, 28),
	(149, 29),
	(150, 30),
	(151, 1),
	(152, 2),
	(153, 3),
	(154, 4),
	(155, 5),
	(156, 6),
	(157, 7),
	(158, 8),
	(159, 9),
	(160, 10),
	(161, 11),
	(162, 12),
	(163, 13),
	(164, 14),
	(165, 15),
	(166, 16),
	(167, 17),
	(168, 18),
	(169, 19),
	(170, 20),
	(171, 21),
	(172, 22),
	(173, 23),
	(174, 24),
	(175, 25),
	(176, 26),
	(177, 27),
	(178, 28),
	(179, 29),
	(180, 30),
	(181, 1),
	(182, 2),
	(183, 3),
	(184, 4),
	(185, 5),
	(186, 6),
	(187, 7),
	(188, 8),
	(189, 9),
	(190, 10),
	(191, 11),
	(192, 12),
	(193, 13),
	(194, 14),
	(195, 15),
	(196, 16),
	(197, 17),
	(198, 18),
	(199, 19),
	(200, 20);

-- Dumping structure for table dbp.recipe_uses_equipment
DROP TABLE IF EXISTS `recipe_uses_equipment`;
CREATE TABLE IF NOT EXISTS `recipe_uses_equipment` (
  `recipe_id` int(11) NOT NULL,
  `equipment_id` int(11) NOT NULL,
  PRIMARY KEY (`recipe_id`,`equipment_id`),
  KEY `equipment_id` (`equipment_id`),
  CONSTRAINT `recipe_uses_equipment_ibfk_1` FOREIGN KEY (`recipe_id`) REFERENCES `recipes` (`id`) ON DELETE NO ACTION ON UPDATE NO ACTION,
  CONSTRAINT `recipe_uses_equipment_ibfk_2` FOREIGN KEY (`equipment_id`) REFERENCES `equipment` (`id`) ON DELETE NO ACTION ON UPDATE NO ACTION
) ENGINE=InnoDB DEFAULT CHARSET=utf8mb4 COLLATE=utf8mb4_general_ci;

-- Dumping data for table dbp.recipe_uses_equipment: ~200 rows (approximately)
INSERT INTO `recipe_uses_equipment` (`recipe_id`, `equipment_id`) VALUES
	(2, 82),
	(4, 53),
	(5, 27),
	(6, 37),
	(7, 54),
	(7, 56),
	(8, 78),
	(10, 62),
	(11, 47),
	(11, 65),
	(13, 36),
	(13, 76),
	(14, 82),
	(14, 92),
	(17, 74),
	(18, 19),
	(18, 49),
	(19, 87),
	(20, 50),
	(20, 55),
	(24, 12),
	(24, 21),
	(24, 46),
	(25, 85),
	(27, 11),
	(27, 77),
	(27, 89),
	(29, 92),
	(30, 73),
	(34, 78),
	(35, 3),
	(37, 66),
	(38, 87),
	(39, 90),
	(40, 34),
	(40, 56),
	(41, 65),
	(41, 84),
	(42, 32),
	(44, 60),
	(46, 15),
	(47, 4),
	(47, 70),
	(48, 8),
	(49, 15),
	(50, 44),
	(50, 48),
	(53, 68),
	(54, 89),
	(55, 24),
	(56, 41),
	(56, 91),
	(56, 93),
	(57, 16),
	(57, 48),
	(59, 1),
	(59, 53),
	(60, 1),
	(62, 21),
	(63, 2),
	(63, 11),
	(63, 69),
	(64, 20),
	(64, 48),
	(64, 66),
	(65, 97),
	(69, 3),
	(71, 56),
	(73, 6),
	(73, 25),
	(73, 71),
	(75, 70),
	(78, 12),
	(78, 28),
	(79, 49),
	(83, 11),
	(85, 3),
	(85, 67),
	(85, 72),
	(86, 14),
	(88, 63),
	(90, 5),
	(90, 40),
	(90, 86),
	(92, 36),
	(93, 36),
	(94, 72),
	(96, 49),
	(97, 92),
	(98, 10),
	(99, 9),
	(99, 26),
	(101, 48),
	(102, 64),
	(103, 66),
	(104, 14),
	(106, 89),
	(107, 68),
	(108, 21),
	(108, 41),
	(108, 77),
	(109, 11),
	(109, 53),
	(109, 71),
	(109, 84),
	(110, 76),
	(111, 96),
	(114, 1),
	(114, 6),
	(114, 8),
	(115, 41),
	(116, 48),
	(117, 39),
	(119, 39),
	(120, 5),
	(120, 43),
	(120, 74),
	(120, 80),
	(120, 94),
	(122, 29),
	(123, 59),
	(124, 71),
	(124, 89),
	(125, 48),
	(125, 62),
	(130, 21),
	(132, 77),
	(134, 54),
	(136, 16),
	(136, 27),
	(136, 62),
	(138, 6),
	(138, 100),
	(139, 52),
	(140, 6),
	(140, 85),
	(141, 95),
	(143, 20),
	(143, 39),
	(143, 55),
	(144, 7),
	(144, 69),
	(144, 85),
	(145, 9),
	(145, 60),
	(146, 36),
	(148, 41),
	(148, 56),
	(148, 84),
	(149, 71),
	(149, 85),
	(150, 23),
	(150, 61),
	(151, 93),
	(152, 44),
	(152, 84),
	(153, 54),
	(155, 39),
	(156, 42),
	(156, 45),
	(156, 70),
	(157, 6),
	(160, 33),
	(161, 35),
	(161, 81),
	(164, 63),
	(165, 63),
	(167, 65),
	(167, 83),
	(168, 63),
	(168, 82),
	(169, 40),
	(170, 57),
	(172, 35),
	(173, 69),
	(174, 74),
	(175, 73),
	(176, 80),
	(179, 37),
	(182, 11),
	(182, 35),
	(182, 65),
	(183, 15),
	(183, 98),
	(184, 42),
	(186, 76),
	(187, 75),
	(188, 5),
	(188, 11),
	(188, 64),
	(189, 66),
	(190, 95),
	(192, 92),
	(193, 68),
	(193, 96),
	(194, 33),
	(195, 20),
	(196, 19),
	(196, 54),
	(197, 81);

-- Dumping structure for table dbp.recipe_uses_ingredient
DROP TABLE IF EXISTS `recipe_uses_ingredient`;
CREATE TABLE IF NOT EXISTS `recipe_uses_ingredient` (
  `recipe_id` int(11) NOT NULL,
  `ingredient_id` int(11) NOT NULL,
  `quantity` float NOT NULL,
  PRIMARY KEY (`recipe_id`,`ingredient_id`),
  KEY `ingredient_id` (`ingredient_id`),
  CONSTRAINT `recipe_uses_ingredient_ibfk_1` FOREIGN KEY (`recipe_id`) REFERENCES `recipes` (`id`) ON DELETE NO ACTION ON UPDATE NO ACTION,
  CONSTRAINT `recipe_uses_ingredient_ibfk_2` FOREIGN KEY (`ingredient_id`) REFERENCES `ingredients` (`id`) ON DELETE NO ACTION ON UPDATE NO ACTION
) ENGINE=InnoDB DEFAULT CHARSET=utf8mb4 COLLATE=utf8mb4_general_ci;

-- Dumping data for table dbp.recipe_uses_ingredient: ~300 rows (approximately)
INSERT INTO `recipe_uses_ingredient` (`recipe_id`, `ingredient_id`, `quantity`) VALUES
	(1, 4, 2279.5),
	(1, 22, 1802.7),
	(1, 45, 1845.9),
	(2, 19, 974.6),
	(2, 55, 2027.9),
	(3, 2, 3120.4),
	(3, 70, 2827),
	(3, 74, 912.2),
	(5, 59, 2405.5),
	(5, 76, 4033),
	(5, 100, 4495.5),
	(6, 99, 4087),
	(7, 23, 2611.1),
	(7, 46, 1160.9),
	(9, 75, 670.4),
	(9, 93, 941.1),
	(10, 17, 3116.4),
	(10, 69, 3797.7),
	(11, 91, 4420.4),
	(12, 37, 3895.5),
	(13, 54, 995.3),
	(13, 90, 164.9),
	(14, 22, 3082.6),
	(14, 57, 4467.8),
	(14, 94, 757.2),
	(16, 7, 440.8),
	(17, 34, 2248.2),
	(18, 27, 3767.8),
	(18, 48, 3906.6),
	(18, 96, 1532.4),
	(19, 58, 2430.1),
	(19, 76, 3153),
	(20, 5, 4385.8),
	(20, 47, 3342.1),
	(20, 75, 2613.9),
	(23, 21, 3310.9),
	(25, 11, 4905.4),
	(25, 12, 3802.1),
	(25, 67, 4171.6),
	(26, 28, 4482.3),
	(26, 44, 4126.6),
	(26, 83, 3276.5),
	(27, 23, 2616),
	(27, 73, 73),
	(28, 10, 3575.4),
	(28, 13, 1994.8),
	(29, 6, 1475.1),
	(29, 31, 367),
	(30, 40, 2300.3),
	(31, 4, 1052),
	(31, 7, 3416.9),
	(32, 59, 1883.5),
	(34, 27, 3204.9),
	(34, 54, 2457.5),
	(35, 33, 124),
	(35, 69, 4680.7),
	(36, 32, 2381.9),
	(36, 37, 99.7),
	(36, 85, 708.7),
	(37, 15, 4881.5),
	(37, 17, 3053),
	(37, 36, 91.4),
	(37, 54, 2460.6),
	(37, 56, 412),
	(37, 77, 1689.3),
	(37, 92, 40.1),
	(41, 5, 4833.2),
	(41, 13, 3425),
	(41, 43, 1217.4),
	(42, 40, 1076.7),
	(42, 53, 199.5),
	(43, 67, 863.9),
	(44, 41, 639.6),
	(44, 76, 655.9),
	(44, 88, 1646.1),
	(45, 59, 3172.6),
	(45, 65, 3389.6),
	(46, 13, 3058.3),
	(46, 66, 3482.8),
	(46, 90, 3610.7),
	(47, 18, 843.5),
	(47, 25, 803.7),
	(47, 50, 2412.4),
	(47, 86, 3466.3),
	(48, 11, 4988.4),
	(49, 45, 1466.8),
	(50, 36, 4285.3),
	(50, 79, 3302.2),
	(52, 74, 1775.8),
	(52, 100, 1089.2),
	(53, 48, 2175.9),
	(53, 81, 726.1),
	(54, 60, 3447.1),
	(55, 52, 3970.7),
	(56, 14, 1313.9),
	(57, 68, 1755.7),
	(59, 55, 2192.9),
	(60, 72, 4315.3),
	(63, 21, 854),
	(63, 37, 1989.5),
	(63, 97, 4542.4),
	(64, 34, 2172.5),
	(65, 26, 2455.4),
	(66, 50, 1588.9),
	(66, 57, 2853.3),
	(67, 29, 4992.5),
	(69, 33, 1985.4),
	(70, 66, 602.2),
	(71, 89, 3393.6),
	(72, 42, 4819.7),
	(73, 11, 4377.2),
	(73, 27, 3841.6),
	(73, 73, 1778.3),
	(75, 15, 2622),
	(75, 34, 2410.2),
	(77, 45, 1267.1),
	(77, 82, 4229.1),
	(78, 35, 735.3),
	(78, 40, 2876.8),
	(79, 84, 1748.8),
	(81, 84, 4633.5),
	(82, 8, 2756.5),
	(82, 27, 3035.5),
	(82, 40, 1541),
	(82, 66, 1936.6),
	(82, 88, 1057.4),
	(82, 95, 1242.8),
	(82, 96, 4798.6),
	(83, 59, 2364.3),
	(84, 6, 4998.2),
	(84, 55, 3673.3),
	(85, 17, 2546.2),
	(86, 7, 331.1),
	(86, 70, 1552.4),
	(87, 47, 4955.2),
	(87, 80, 1893),
	(88, 6, 2160.4),
	(88, 10, 4189.8),
	(88, 28, 2171.3),
	(88, 39, 4153.1),
	(88, 57, 752),
	(89, 23, 4382.4),
	(89, 24, 3905.5),
	(90, 25, 4680.8),
	(90, 36, 44.1),
	(90, 84, 3890.8),
	(90, 94, 1412.4),
	(91, 31, 2207.3),
	(91, 71, 3624.2),
	(91, 79, 14.6),
	(91, 83, 1140.9),
	(91, 98, 1384.1),
	(92, 26, 3398.3),
	(92, 34, 1844.6),
	(92, 66, 4850.5),
	(92, 89, 2876.8),
	(93, 1, 1014.6),
	(93, 15, 4280.7),
	(94, 14, 2804.2),
	(94, 67, 2720.6),
	(96, 32, 1532.6),
	(96, 61, 971.6),
	(96, 82, 2362.1),
	(97, 53, 4679.6),
	(98, 79, 4622),
	(99, 8, 292.6),
	(99, 17, 4488.4),
	(99, 46, 692.6),
	(101, 11, 4022.2),
	(102, 84, 1972.2),
	(102, 99, 4048.5),
	(103, 31, 4050.8),
	(104, 11, 2324.7),
	(105, 56, 1563.6),
	(107, 79, 2989.7),
	(108, 11, 4138.4),
	(109, 28, 4514),
	(109, 95, 2756.3),
	(109, 99, 3764),
	(110, 38, 2013.5),
	(111, 93, 1912.1),
	(113, 40, 4786.1),
	(114, 16, 3010.1),
	(114, 21, 1526),
	(115, 51, 3184.6),
	(115, 100, 2835.7),
	(116, 83, 2110.7),
	(116, 91, 3815.5),
	(118, 4, 4965.2),
	(118, 61, 1726.4),
	(118, 66, 4946.8),
	(118, 69, 3591.7),
	(118, 86, 4767.7),
	(118, 95, 4856.2),
	(119, 34, 4573.1),
	(119, 81, 3965.2),
	(120, 20, 673.5),
	(120, 80, 2308.6),
	(122, 20, 3418.9),
	(124, 2, 1157.3),
	(125, 13, 397.3),
	(127, 52, 714.3),
	(127, 63, 1245.2),
	(128, 7, 2560.5),
	(128, 18, 888.6),
	(129, 68, 1246.4),
	(129, 94, 3126.5),
	(130, 31, 4467.9),
	(130, 46, 1155.8),
	(130, 81, 3734.1),
	(132, 5, 4453),
	(132, 45, 4968.4),
	(132, 66, 2653.4),
	(132, 83, 3410.7),
	(133, 44, 2093.7),
	(133, 51, 2050.8),
	(133, 69, 2397.4),
	(133, 80, 4126.5),
	(136, 53, 2169.3),
	(136, 66, 1912.1),
	(137, 19, 2231.5),
	(137, 30, 426.5),
	(137, 97, 1218.7),
	(140, 12, 730.6),
	(140, 81, 1285),
	(141, 83, 214.3),
	(141, 90, 3772),
	(142, 2, 589.6),
	(142, 72, 1209.7),
	(143, 24, 1630.9),
	(143, 77, 4351.1),
	(145, 1, 2344.5),
	(146, 7, 2740.2),
	(146, 38, 4067.5),
	(147, 41, 4464.2),
	(149, 66, 950.5),
	(149, 67, 3494.7),
	(149, 93, 4117.7),
	(150, 23, 1277.9),
	(150, 64, 4303.7),
	(152, 60, 525.2),
	(154, 35, 4444.5),
	(155, 1, 4570.8),
	(155, 47, 2440.4),
	(157, 15, 3867.6),
	(157, 52, 2678.5),
	(158, 22, 4862.2),
	(158, 100, 2536.9),
	(159, 42, 2468.8),
	(161, 70, 3760.4),
	(162, 18, 2527.6),
	(162, 48, 199.5),
	(162, 89, 4178.6),
	(163, 23, 4464.8),
	(164, 4, 2514.4),
	(164, 61, 4680.9),
	(165, 53, 1529.7),
	(166, 3, 2099.2),
	(166, 41, 3171.2),
	(168, 59, 3215.4),
	(168, 93, 180.5),
	(169, 9, 4014.7),
	(169, 11, 550.1),
	(169, 41, 4981.5),
	(169, 74, 4269.5),
	(169, 75, 4836.7),
	(170, 23, 4408.4),
	(170, 57, 191.4),
	(174, 71, 1268.4),
	(175, 100, 4395.2),
	(176, 31, 1283.1),
	(176, 95, 876.4),
	(177, 10, 2146.1),
	(177, 76, 3890.5),
	(180, 32, 533.4),
	(181, 14, 3161.8),
	(183, 5, 3034.6),
	(183, 84, 3391.9),
	(183, 93, 3551.1),
	(184, 17, 566.6),
	(184, 72, 2707.6),
	(185, 63, 1220.2),
	(186, 90, 307.4),
	(187, 59, 4416),
	(187, 67, 1375.5),
	(188, 5, 2314.8),
	(190, 1, 3996.1),
	(190, 55, 4534.4),
	(192, 5, 2781.9),
	(193, 59, 2366.8),
	(195, 58, 257.6),
	(196, 72, 2784.2),
	(197, 17, 4687),
	(197, 90, 4558.1),
	(198, 33, 2117.5),
	(198, 34, 1993.2),
	(198, 37, 4402.9),
	(198, 47, 3371.3),
	(198, 86, 4190.1),
	(198, 100, 4999.5);

-- Dumping structure for table dbp.steps
DROP TABLE IF EXISTS `steps`;
CREATE TABLE IF NOT EXISTS `steps` (
  `id` int(11) NOT NULL AUTO_INCREMENT,
  `recipe_id` int(11) NOT NULL,
  `number` int(11) NOT NULL,
  `description` text NOT NULL,
  PRIMARY KEY (`id`),
  UNIQUE KEY `id` (`id`),
  KEY `recipe_id` (`recipe_id`),
  CONSTRAINT `steps_ibfk_1` FOREIGN KEY (`recipe_id`) REFERENCES `recipes` (`id`) ON DELETE NO ACTION ON UPDATE NO ACTION
) ENGINE=InnoDB AUTO_INCREMENT=501 DEFAULT CHARSET=utf8mb4 COLLATE=utf8mb4_general_ci;

-- Dumping data for table dbp.steps: ~500 rows (approximately)
INSERT INTO `steps` (`id`, `recipe_id`, `number`, `description`) VALUES
	(1, 160, 4, 'Aut molestias perspiciatis reprehenderit distinctio quia ut officia. Consequatur iste laudantium nihil ea saepe doloribus. Suscipit quam voluptatibus aspernatur ut molestiae molestiae odio. Hic nam aspernatur beatae molestiae sapiente.'),
	(2, 159, 17, 'Dolorum ut ut numquam voluptas cupiditate itaque molestiae. Laboriosam dolorem consequuntur odio rerum eum autem hic. Est distinctio dolor illum iusto omnis qui provident nihil. Alias quis iusto amet delectus sequi quam fugit.'),
	(3, 33, 4, 'Facilis velit praesentium voluptatum sit quasi quis excepturi. Consequatur sint corporis molestiae quae aliquid optio.'),
	(4, 105, 5, 'Sint consequatur voluptas labore aut. Facere ipsum consequatur amet possimus. Nisi et enim omnis esse molestiae. Animi dolorum libero corrupti est unde.'),
	(5, 56, 20, 'Delectus maiores magnam et quaerat. Modi fugit nesciunt quam modi aut.'),
	(6, 117, 12, 'Ea eligendi a autem accusantium. Nihil ipsam voluptatem quis dolorem inventore nihil. Soluta accusamus iure debitis nihil molestias repellat. Quia temporibus voluptatibus magnam at.'),
	(7, 40, 23, 'Aut ut dicta aut commodi quis. Autem aliquid sit sed. Mollitia magni eligendi aut repellendus sunt rem consequatur.'),
	(8, 57, 26, 'Dolore sit neque ipsa magni rerum sit. Dicta nisi est autem quasi ut hic. Id quidem distinctio quia praesentium asperiores sunt non cupiditate.'),
	(9, 51, 30, 'Officia perspiciatis aliquam molestiae dignissimos fugiat. Aliquid dolor sed sint autem perspiciatis. Voluptatem aut laborum alias voluptatem quam. Omnis dignissimos quod adipisci.'),
	(10, 34, 22, 'Illo sint consequatur sed voluptatem occaecati et sed. Voluptas aut omnis quaerat et a eaque accusamus. Ducimus autem excepturi quibusdam sed ut non doloremque quo. Reprehenderit nam commodi adipisci aut sequi id omnis.'),
	(11, 68, 24, 'Aut qui rerum magnam distinctio occaecati. Quibusdam omnis quod quia. Iste cupiditate et cumque nobis sunt occaecati. Rerum rerum veritatis quibusdam modi.'),
	(12, 13, 8, 'Et nostrum molestiae eius quos. Sit exercitationem natus delectus a velit ex. Minima rerum voluptatem voluptatem aperiam et suscipit. Et ullam maxime repellat vel dolore.'),
	(13, 93, 17, 'Dolorum ipsum excepturi cupiditate itaque nihil. Quos asperiores rerum omnis nihil et vel. Nihil accusantium voluptatem officia cum tempore.'),
	(14, 87, 10, 'Eum dolorem doloremque labore. Vel qui voluptatem veniam non error voluptate suscipit occaecati. Natus est hic velit aperiam et.'),
	(15, 119, 6, 'Aliquid ipsam alias veniam repellat quae. Maiores eius vitae consequatur placeat. Autem dolorem id ducimus dolores recusandae ab libero occaecati. Eligendi officia minus recusandae enim quia sit esse veritatis.'),
	(16, 159, 6, 'Tempore quis dolor harum et reprehenderit libero. Velit in voluptatem voluptatem alias quos. Minus quasi quia ut voluptatem placeat iste. Est autem soluta odit illo ea.'),
	(17, 56, 26, 'Saepe et itaque minus dolorem. Quia nihil ut quas dolorem autem. Qui alias debitis error dolore dolorem iusto. Aut aut sit quod eaque. Nesciunt sunt dolor molestias totam.'),
	(18, 134, 6, 'Sequi non laborum impedit consectetur neque vel officiis. Rerum eveniet distinctio est qui omnis qui voluptatum. Non ut ut ipsum.'),
	(19, 64, 8, 'Et qui non sequi aut et veniam. Voluptatem inventore et autem repellendus aut magni non. Ut fugit qui quia blanditiis quam culpa ut. Fugit sed sint in blanditiis.'),
	(20, 15, 29, 'Tenetur in perspiciatis asperiores doloremque officia doloremque illum quos. Et sit facilis placeat quod.'),
	(21, 118, 28, 'Et blanditiis sequi dolorem enim quis aut et. Quibusdam et qui est omnis sit neque. Sint autem tempora provident ipsam cum est.'),
	(22, 81, 14, 'Eaque iure repudiandae illum at. Non non est sed hic. Quae iusto eos et suscipit pariatur sed facere.'),
	(23, 146, 22, 'Laudantium aperiam sapiente consequatur excepturi dicta. Nemo aut qui dolor excepturi excepturi expedita. Repudiandae sunt pariatur veritatis voluptatem laborum corporis natus. Nostrum fugit omnis et.'),
	(24, 120, 10, 'Et sed hic deleniti aut eum. Nihil quae ut alias explicabo. Dicta id sed sunt non id soluta quia. Fuga aut hic laboriosam cumque neque maiores beatae.'),
	(25, 25, 27, 'Molestias consectetur ab quos fugit ipsum est in. Laboriosam sit molestiae quam natus blanditiis molestiae expedita. Nostrum repellendus excepturi eos et. Tempora quia et est voluptatum.'),
	(26, 95, 7, 'Cum fugit nisi incidunt sunt molestiae quia aut. Non perspiciatis illum ut itaque ratione sint sapiente. Ipsam est qui suscipit explicabo fugit. Sit pariatur aut similique molestiae voluptatibus neque impedit.'),
	(27, 94, 26, 'Fugiat qui facere repellat ut. Doloremque nobis et commodi quisquam. Dolorem impedit voluptate optio.'),
	(28, 196, 25, 'Dolor asperiores consequatur sed et et similique fuga. Necessitatibus deleniti delectus non ea doloremque modi omnis. Voluptatem aut ipsum reiciendis voluptatem possimus nisi illo.'),
	(29, 138, 16, 'Unde voluptates fugiat facere et. Asperiores qui rerum corporis. Voluptate nobis qui atque ipsam et dolorum. Odit vel sapiente vero numquam unde asperiores doloribus. Et voluptatibus in tempore sequi qui soluta et.'),
	(30, 46, 3, 'Molestiae assumenda in fuga labore nihil. Aut molestias atque fugit id eveniet quis. Sit esse distinctio facere ratione soluta velit fuga. Eveniet assumenda nesciunt in deserunt. Qui et sint neque consequatur est.'),
	(31, 167, 8, 'Dolores cumque soluta earum voluptas. Sint quia perspiciatis eaque libero quia odit. Iste harum optio laboriosam dolor assumenda delectus repellat odit. Enim quis illo quaerat accusamus velit dicta.'),
	(32, 32, 17, 'Omnis quae itaque est quibusdam soluta debitis. Earum quos ut sint exercitationem porro. Quae accusantium necessitatibus et eaque non. Nisi voluptas expedita quis reprehenderit consequatur dolores labore.'),
	(33, 157, 18, 'Omnis est doloremque reprehenderit quisquam illo consequuntur delectus. Rem fugiat provident omnis. Deserunt tempora ab est amet. Incidunt praesentium labore est placeat ducimus laboriosam culpa.'),
	(34, 167, 5, 'Veniam exercitationem exercitationem consequatur explicabo voluptatem possimus quis. Consequatur odit vitae neque vitae qui rerum.'),
	(35, 192, 20, 'Nobis et voluptatum aliquid nesciunt rerum magnam tempore. Quas similique molestiae ut neque ut. Fugit ea ullam minus.'),
	(36, 76, 5, 'Provident officia nisi ratione adipisci nam dolore ut. Aliquid dolor debitis minus. Et deserunt veritatis sit ipsum ut nobis sit. Aut totam sed commodi qui consectetur.'),
	(37, 42, 29, 'Deleniti incidunt et aliquid asperiores. Quo asperiores aliquid repellendus qui vero sed nisi. Doloribus voluptatem animi explicabo reprehenderit sint. Qui voluptatem nostrum aut sapiente.'),
	(38, 155, 25, 'Earum sint ut optio. Recusandae reiciendis accusantium animi consequuntur. At architecto aut provident. Corporis provident et libero nisi voluptatem eum quod.'),
	(39, 47, 8, 'Quis odio sit saepe asperiores sunt ut saepe. Aut aut molestiae voluptatum autem. Tempore voluptas commodi tenetur ut rem temporibus sint. Et et ab fugit fugiat voluptas.'),
	(40, 124, 10, 'Amet vitae facere tenetur ipsam sit natus. Blanditiis repellendus aut quidem est. Quo aut quibusdam velit minus assumenda voluptas.'),
	(41, 57, 18, 'Nulla sequi maiores tempora recusandae. Accusantium excepturi ut nihil aliquam omnis. Harum aut autem earum exercitationem. A quisquam totam non ipsa. Vel et voluptatem nostrum cumque.'),
	(42, 73, 13, 'Non facilis tempora sunt itaque aut tempora aliquid. Debitis mollitia corrupti vel fugiat vel sunt. Consequatur esse unde et dolorem quia. Non et sed sit ut omnis excepturi earum.'),
	(43, 185, 10, 'Et in recusandae voluptatem autem quis. Quasi et dolor qui repellat facere non. Eum sunt minima quod qui assumenda qui.'),
	(44, 125, 8, 'Dolorum nulla laboriosam cum adipisci odit. Id qui nihil neque eveniet reiciendis occaecati omnis et. Eligendi aliquid fuga qui eveniet blanditiis aut. Esse autem eveniet labore ea.'),
	(45, 119, 16, 'Dolorum animi ab molestias in repellendus soluta. Nulla dolores delectus iste soluta veniam molestiae et. Omnis rem porro voluptas alias praesentium maiores.'),
	(46, 89, 5, 'Numquam pariatur natus repudiandae facilis adipisci. Sed fuga illo voluptas ut. Dignissimos consequatur reiciendis non assumenda.'),
	(47, 153, 2, 'Vel architecto rerum harum molestias dolore. Dignissimos doloremque quod modi. Quam cupiditate optio eius.'),
	(48, 119, 21, 'Sint a laborum hic necessitatibus et. Voluptatibus dolores et corrupti alias. Voluptatem vero illum totam quidem asperiores ea. Consequatur culpa non ab et ad.'),
	(49, 26, 5, 'Nemo rerum est optio voluptatem nisi. Magni voluptates labore magnam ipsam nihil molestias. Sint maxime aut labore.'),
	(50, 48, 1, 'Suscipit harum consequatur sed culpa iste. Est rem quia ipsam reiciendis possimus. Excepturi omnis alias placeat aut libero repellendus vel.'),
	(51, 19, 27, 'Eos laboriosam distinctio suscipit magnam. Eligendi provident asperiores deserunt sunt illo animi temporibus. Excepturi omnis sed quod tenetur. Maiores adipisci maxime impedit et ut. Pariatur qui sint voluptate et amet.'),
	(52, 178, 17, 'Voluptatem qui perspiciatis quia molestiae ut asperiores. Tempore adipisci cupiditate officiis nihil. Fugiat atque libero id sint est porro. Velit facere eum consequuntur a quia dolor.'),
	(53, 121, 9, 'Voluptas quam nisi voluptate molestias suscipit et dolorem. Hic et repellendus enim aut nam earum earum. Asperiores quo praesentium ipsa quibusdam voluptas.'),
	(54, 121, 21, 'Eum repellat eos distinctio id et quibusdam. Voluptas voluptates error provident officiis fugiat. Porro enim itaque sint aut facilis.'),
	(55, 133, 5, 'Ut cumque illum aut voluptatem dolore. Asperiores expedita qui minima at dolorum harum. Reprehenderit inventore id perferendis aut fugit ea sapiente.'),
	(56, 94, 14, 'Ab illo veniam sunt maxime. Voluptas ut aut consequuntur sunt temporibus aperiam at rerum. Quasi blanditiis adipisci qui modi reiciendis dolore. Consequuntur qui officia accusamus quis magnam consequatur dignissimos.'),
	(57, 120, 30, 'Voluptates sit quos explicabo velit. Quam vel quo eveniet nam nesciunt adipisci expedita. Sequi earum recusandae consequatur.'),
	(58, 148, 15, 'Aliquam voluptas aspernatur provident vero ducimus rerum esse. Impedit voluptatum rerum qui et sed. Consequatur voluptates dolore ut.'),
	(59, 111, 5, 'Qui vel neque sed sequi aut. Vitae eveniet recusandae molestiae ipsam laboriosam nisi. Impedit qui sunt sit et. Eum minima maiores ut porro quis qui. Exercitationem odit officia ea.'),
	(60, 134, 27, 'Voluptas neque suscipit ducimus. Distinctio vitae libero beatae nulla qui sint. Natus est neque consequuntur dicta. Dolore voluptatem dicta reiciendis natus doloribus error est.'),
	(61, 137, 27, 'Commodi tempore ipsa illum eveniet qui quam. Culpa officiis praesentium doloribus occaecati ex. Consectetur qui est id consectetur voluptatum mollitia.'),
	(62, 169, 10, 'Cumque repellat nobis reiciendis consequuntur sequi impedit itaque. Et vel assumenda error. Dolorum earum ipsam voluptate at cumque dignissimos.'),
	(63, 117, 28, 'In voluptas iste id et adipisci. Et eum labore eum eius sapiente quo. Facere in voluptas eos minus enim id impedit. Vel nihil exercitationem laudantium temporibus neque vitae sequi.'),
	(64, 63, 8, 'Magnam atque unde voluptas pariatur dolor est. Quaerat praesentium vel consequuntur laudantium eius. Eveniet autem natus autem quia velit.'),
	(65, 67, 20, 'Tempore voluptas dolorem explicabo ut qui. Atque harum repellat maiores id et quaerat. Occaecati similique nihil autem. Velit ut corrupti ex facere dolores ex.'),
	(66, 54, 12, 'Aliquid et quia consequatur. Sit rem quaerat magni totam quidem qui necessitatibus. Voluptatem et architecto cumque voluptatem. Dignissimos earum quam ea ducimus cumque ullam cum. Minus officia cumque id consequatur reprehenderit id.'),
	(67, 72, 28, 'Voluptatum vitae nihil temporibus qui nisi. Laboriosam et et tempora quia perferendis. Explicabo vel voluptas voluptatum optio aut qui doloribus occaecati. Et nihil omnis voluptatem a omnis et. Iste quasi voluptatem rerum aperiam.'),
	(68, 130, 1, 'Non aliquam sit non fugit. Cupiditate qui ab dicta atque id cupiditate. Magnam id sint corrupti vel qui labore. Neque nulla sint deserunt tempore alias et recusandae.'),
	(69, 93, 26, 'Neque porro amet recusandae dolorem voluptatem soluta ipsa ut. Et quo ut ipsa libero omnis beatae cumque. Velit quidem id sunt optio officiis maiores ea.'),
	(70, 193, 9, 'Dignissimos qui quas et cumque eum tempora. Laborum quae illum eum minima reprehenderit ea nemo. Quas tempora aliquid velit voluptatem quaerat placeat.'),
	(71, 158, 4, 'Ut architecto et similique inventore. Amet ea eos placeat exercitationem in iste ipsum. Repellat facilis optio molestiae non.'),
	(72, 31, 7, 'Velit voluptatem pariatur itaque praesentium qui minima natus. Architecto non omnis quidem blanditiis. Voluptas officia consequatur fugit ea.'),
	(73, 130, 19, 'Deserunt est velit rerum sit earum atque. Magni atque dolores eveniet. Dolorum impedit tempore voluptas saepe distinctio laborum nesciunt. Ea id consequatur nulla temporibus neque magni ab.'),
	(74, 100, 28, 'Ipsam et itaque non in ipsa pariatur non. Dolorem necessitatibus consequatur vero aut cupiditate. Reprehenderit eos non fugiat et ab in provident nam.'),
	(75, 101, 19, 'Perspiciatis reprehenderit et enim magnam quisquam. Libero sequi quos reprehenderit vitae animi iure necessitatibus et. Enim at id sed.'),
	(76, 129, 21, 'Et ratione vitae eum enim quo. Eius est est a et assumenda consequuntur laboriosam sit.'),
	(77, 159, 18, 'Nihil fugiat occaecati non iusto veritatis nesciunt ut. Labore omnis fugit ad minus eos. Qui pariatur sunt eos quae consequatur doloribus reiciendis.'),
	(78, 49, 20, 'Odit facilis cupiditate laboriosam cumque nulla quidem. Tempore ducimus nulla quaerat non. Impedit pariatur voluptas quia sequi.'),
	(79, 98, 2, 'Repellat consequuntur temporibus corporis recusandae omnis quis sit. Dicta nihil nisi id eveniet nisi deleniti. Et iste quia voluptatibus ut odio omnis impedit. Laudantium qui veniam odit sint nam.'),
	(80, 67, 14, 'Autem sint sed architecto facere ratione laudantium. Dignissimos aut aut quasi et sit velit nisi. Dolores est qui est architecto reiciendis dolorem.'),
	(81, 91, 8, 'Dolorem sed doloremque placeat at maxime. Quo itaque aperiam deleniti omnis cumque. Nostrum voluptas rerum et dolor.'),
	(82, 136, 23, 'Voluptatem odio autem itaque. Reprehenderit voluptates et omnis beatae veritatis. Aut est voluptatem quis hic.'),
	(83, 151, 13, 'Similique consequuntur aut est reiciendis voluptatem asperiores pariatur. Libero ipsum est suscipit rem velit iste qui dolorem. Et harum eligendi et ut placeat.'),
	(84, 134, 23, 'Quia ratione repellat iusto cumque nihil reprehenderit. Ipsa quia officiis sit sequi quia reiciendis aperiam. Sunt ut quia sint quod aut tempora et. Molestiae quibusdam sed deleniti rerum maiores aliquid.'),
	(85, 173, 29, 'Quo sequi accusamus voluptas reprehenderit. Et cupiditate non id. Nihil animi sint quos sit.'),
	(86, 184, 26, 'Est et enim hic. Excepturi ea qui qui non modi. Magnam minima id enim est asperiores ullam. Dicta ea a non.'),
	(87, 53, 18, 'Necessitatibus occaecati harum consectetur cupiditate dolores. Odio ipsum vero ut. Doloremque autem et qui quis sit eaque ipsam autem.'),
	(88, 125, 8, 'Officiis assumenda exercitationem quibusdam maiores molestiae sit numquam. Omnis quia exercitationem velit minima cupiditate quia incidunt.'),
	(89, 173, 24, 'Totam voluptas eaque voluptatem delectus amet. Et id rerum officia dolores ullam et omnis. Eum libero et beatae. Excepturi quod consequuntur tempore veniam incidunt omnis illo.'),
	(90, 22, 11, 'Qui eligendi non non impedit voluptatum ea. Error rerum similique libero. Aut enim tempora cum similique iusto. Et consectetur velit nisi rem quae.'),
	(91, 180, 8, 'Voluptas molestiae nemo id doloremque officia. Repellat occaecati dolores dolor quisquam iusto corrupti. Et odio commodi natus accusantium et.'),
	(92, 25, 24, 'Officia voluptatem quia est fugit minima eum. Omnis recusandae perspiciatis adipisci sed maiores optio cupiditate. Non qui harum voluptas non dolorem rerum. Vero non illum soluta rerum.'),
	(93, 7, 2, 'Ea odio beatae rerum consequuntur voluptatem. Iure id dolores labore alias ratione ea dolor.'),
	(94, 107, 10, 'Autem aut consequatur sequi tenetur voluptatum neque. Vero facilis vel illum reprehenderit sit repellendus. Itaque dolor ratione deleniti sunt.'),
	(95, 114, 11, 'Dolores nihil est nesciunt rerum voluptas sit. Architecto atque ipsa ab in ut sed quia. Ratione iste libero sunt rerum.'),
	(96, 74, 28, 'Fuga natus nemo molestiae aliquam sunt. Molestias harum quisquam aut maxime. Accusamus delectus minima suscipit maiores. Quas molestiae similique et inventore sit.'),
	(97, 117, 9, 'Quia veritatis consequatur recusandae aperiam est qui. A perspiciatis ut nemo. Delectus suscipit enim dignissimos dolorem repellat. Vero ea ut tenetur ullam exercitationem placeat voluptatem minus.'),
	(98, 194, 23, 'Aspernatur repudiandae deleniti consectetur enim recusandae qui eos sunt. Eos nihil perferendis rerum quis. Enim nobis optio nobis ab. Voluptatibus dicta nemo sint.'),
	(99, 178, 20, 'Nihil qui corporis odit ullam. Officiis quos incidunt iusto veniam. Rem soluta recusandae est.'),
	(100, 29, 28, 'Et dolores voluptatem repellendus consequatur. In dolorem consequuntur quia laboriosam possimus ex occaecati. Omnis error ipsam accusamus. Adipisci quis unde quis dolor maxime.'),
	(101, 30, 2, 'Incidunt et nulla incidunt sapiente eius consequatur. Qui qui voluptatem velit eum debitis voluptates est. Qui fugit aut ducimus.'),
	(102, 5, 9, 'Inventore natus velit commodi repellendus et nobis animi. Rerum distinctio accusantium qui porro dolorum tempora ratione. Asperiores rerum velit numquam quas ipsa eligendi.'),
	(103, 45, 14, 'Molestiae quo atque ratione in aut. Qui esse nesciunt adipisci aut aut. Perspiciatis et ut dicta ducimus necessitatibus.'),
	(104, 57, 19, 'Molestiae doloribus ad soluta et sit rerum. Omnis exercitationem debitis ut doloremque minus ut. Eveniet dolores tempore a qui. Vel vel in voluptatem est vel sunt ipsum.'),
	(105, 58, 11, 'In delectus unde necessitatibus. Labore ex rerum optio sit neque quia et. Eum libero nam quam repellendus sunt sequi. Id est cum dolores rerum.'),
	(106, 181, 1, 'Eligendi magnam natus commodi accusantium eius molestias in. Occaecati illum ipsam eos amet quos libero. Tempora eos rerum dolores. Porro nihil dolor facere ut quasi voluptatem.'),
	(107, 119, 2, 'Et est nesciunt maiores aperiam. Totam et fuga sequi dolor accusamus reiciendis aut. Sed officiis at tempora eos aliquam. Ad nisi quasi et a quae unde occaecati quas. Nostrum qui et alias ipsa.'),
	(108, 149, 15, 'Sit consequatur odio magni et laboriosam nobis. Assumenda veniam optio soluta ex beatae.'),
	(109, 19, 28, 'Fugiat quae adipisci et provident perspiciatis. Beatae earum accusamus assumenda et vero consequuntur non voluptate.'),
	(110, 49, 13, 'Qui nesciunt est non incidunt cum enim vero. Dolorem quo corrupti ut consequatur quod. Dolores dignissimos odio et voluptate quam debitis quibusdam. Voluptate quam aut laudantium in enim aliquam. Unde molestias veritatis aut voluptate.'),
	(111, 57, 8, 'Minima incidunt quia ut dolor similique fugit. Delectus omnis dolorem rerum eaque quo molestiae. Nemo ex enim in cumque.'),
	(112, 102, 4, 'Ut aperiam et necessitatibus architecto maxime eos et in. Vitae et qui eum. Qui consequatur delectus labore. Quia laudantium et sit quia magnam saepe.'),
	(113, 118, 17, 'Porro perspiciatis velit laudantium sit est nihil. Iusto aperiam iure odit ex vitae qui. Ullam quos quia deleniti harum. Commodi sunt velit consectetur corporis soluta minima minus. Laboriosam culpa nemo eum dolore eos quos.'),
	(114, 189, 9, 'Nihil vel sit enim nemo. Non adipisci non et dolorem qui. Modi in iure blanditiis numquam praesentium illum qui. Quo nostrum iste deserunt vitae aut beatae molestias.'),
	(115, 79, 22, 'Harum rerum blanditiis facere eveniet. Quibusdam eos sunt placeat eum enim.'),
	(116, 8, 2, 'Mollitia vel pariatur eos sunt reprehenderit quia. Repudiandae iste est quasi pariatur inventore cumque.'),
	(117, 197, 13, 'Dolorum voluptatem libero quo optio consectetur ipsum. Vel error laboriosam dolores possimus officia. Fugit vel quasi laboriosam.'),
	(118, 175, 11, 'Iusto fugit omnis qui magni voluptas et provident. Enim veritatis voluptates ut magnam amet et. Harum deleniti culpa quam.'),
	(119, 87, 14, 'Necessitatibus et architecto possimus. Eum deleniti quisquam illo quia vitae eum. Et quia harum enim saepe. Vitae maxime laudantium dolore cupiditate.'),
	(120, 50, 15, 'Quam sunt dolorem deleniti harum sed nam quaerat. Neque ullam aut expedita corrupti possimus neque repudiandae. Quia et earum quia. Provident eos incidunt ut provident et.'),
	(121, 6, 22, 'Doloribus minus voluptatem voluptatem totam. Eaque sint explicabo temporibus. Excepturi nesciunt aut cupiditate et eveniet enim nihil. Incidunt accusantium mollitia voluptatum culpa illum sint quis labore.'),
	(122, 89, 30, 'Aliquid unde ut quia est fugiat officia. Natus eos saepe fugit aspernatur voluptates ea. Aperiam dolores harum ratione autem reiciendis magnam omnis nihil. Saepe ipsam sed debitis eum.'),
	(123, 22, 15, 'Voluptates dolore accusamus deserunt sint. Qui magnam repellat totam assumenda magni rem. Molestiae excepturi animi ducimus repudiandae ex totam et.'),
	(124, 2, 28, 'Ea provident molestiae vel sed labore rem deserunt. Labore ut iste nihil quo et et. Mollitia voluptatibus sapiente est quasi eaque. Nemo odit est fugit architecto molestiae ut.'),
	(125, 62, 10, 'Sunt est tempora delectus est accusamus quia. Aut non voluptas quae voluptatem. Eveniet accusamus vel nemo vel. Expedita quas eum mollitia est.'),
	(126, 20, 26, 'Aut et amet neque similique odit aperiam fuga illo. Nostrum eum rerum voluptates iusto libero et. Veritatis eos ut iste.'),
	(127, 121, 11, 'Optio cupiditate alias impedit est minima ducimus soluta. Animi fugit nulla iure optio velit nihil. Explicabo et ea unde esse aut explicabo et consequatur. Est atque labore ut.'),
	(128, 91, 21, 'Et nobis eveniet odio pariatur quisquam. Eum hic maiores odio vel dicta. Aliquid et consequuntur quos voluptatum deserunt cumque suscipit. Sapiente quas et eligendi rem.'),
	(129, 136, 27, 'Ut consequatur sit consectetur quia aperiam ullam. Voluptatem facilis veritatis ut earum quod. Sit facilis perspiciatis aut voluptas. Quia aut fuga minus pariatur.'),
	(130, 67, 25, 'Quis molestiae repellat maxime. Eaque quidem qui eum eos. Ut qui voluptatem dolorem. Fuga in at eaque autem illum.'),
	(131, 101, 20, 'Et error recusandae omnis est ut doloribus velit non. Aut nihil ut rem doloremque ut dolorum. Nostrum nesciunt tenetur asperiores magnam eaque omnis.'),
	(132, 117, 4, 'Sint vel ea impedit eos. Temporibus eos quas accusamus fugit et. Repellat exercitationem voluptas consequatur placeat a quos sit. Alias est blanditiis rerum impedit illo aut dolores aliquid.'),
	(133, 144, 16, 'Consequatur quis voluptate voluptatem quia. Non sed dolorum voluptatem aut harum voluptas. Consequatur est eos eius sint. Architecto laboriosam saepe aperiam occaecati eaque.'),
	(134, 126, 7, 'Et voluptatem autem minima facere. Eos praesentium non laboriosam non excepturi. Eum explicabo qui dolor corporis autem vero consequatur.'),
	(135, 167, 6, 'Id repellat aut dolores officiis qui voluptatum. Mollitia recusandae ut accusamus eum reprehenderit. Laborum tenetur incidunt impedit ex distinctio corporis quas ut. Ut excepturi sit unde in. Beatae quo ipsum voluptatibus est et.'),
	(136, 171, 8, 'Qui ipsam eveniet commodi. Reprehenderit et sed distinctio labore non voluptatem. Deserunt sit ut at velit quos. Temporibus in explicabo nostrum ullam voluptatem.'),
	(137, 18, 7, 'Non earum cupiditate sapiente. Facere sapiente sed et suscipit. Commodi porro aut ipsum.'),
	(138, 69, 30, 'Maiores nulla voluptatibus quisquam quia velit. Placeat consequatur voluptatum nobis necessitatibus. Sunt rerum eligendi sed repellat sunt quos. Modi vel aut et nesciunt.'),
	(139, 148, 5, 'Facere enim totam est aut sit id. Reprehenderit dolore nemo tempora magnam similique esse beatae. Corrupti qui quis ea repellendus dolores. Aliquam assumenda qui praesentium dignissimos dicta ex tempora. Cupiditate vitae aut officiis vel enim sunt in.'),
	(140, 102, 22, 'Atque provident aliquid eum et necessitatibus. Saepe perferendis libero consequuntur itaque et eligendi. Numquam ut consequatur dolores autem.'),
	(141, 143, 30, 'Est consectetur aperiam maxime odit explicabo fugit. Voluptatem sed incidunt reprehenderit natus aut numquam. Id minima iure quisquam.'),
	(142, 177, 18, 'Sed dolor maiores quas est ipsum culpa tempora. Repudiandae voluptas provident autem totam earum fuga non. Amet eveniet excepturi vero sed corrupti.'),
	(143, 192, 1, 'Labore incidunt ut possimus. Repudiandae reprehenderit totam facere pariatur. Qui qui id neque quod.'),
	(144, 143, 3, 'Atque incidunt dolorum repellendus et neque ab. Nulla placeat qui repudiandae consequatur. Veritatis enim ullam quam earum repellendus tempore.'),
	(145, 177, 8, 'Ex omnis laudantium sit sit. Recusandae quo ut sequi quibusdam explicabo dignissimos labore perspiciatis. At rerum earum et.'),
	(146, 4, 24, 'Earum incidunt veritatis aperiam. At ut unde debitis ab sunt doloribus. Qui est perspiciatis expedita vel ex autem totam dolore.'),
	(147, 40, 13, 'Quis ducimus dolore cum aut minima. Porro repudiandae quidem non. Est libero aut explicabo blanditiis qui.'),
	(148, 13, 7, 'Voluptatem laboriosam temporibus molestias consequatur molestias et. Debitis doloremque corporis autem quas consequatur nemo corporis. Odio vel voluptas nulla dolores officia eum.'),
	(149, 34, 13, 'Facilis ab rerum repellendus nemo nostrum. Omnis minima sed consequuntur recusandae. At optio et sed.'),
	(150, 160, 18, 'Et ut dolore ut eum enim velit molestiae. Qui cupiditate quae eos est quas ratione nesciunt. Eum aut eveniet cupiditate nam maiores perspiciatis non.'),
	(151, 51, 1, 'Quo earum deleniti dignissimos quis omnis ipsam debitis. Ut et sit sit eius. Perspiciatis dolore veniam nesciunt velit necessitatibus.'),
	(152, 146, 9, 'Minima error quo in iure. Voluptatem culpa quasi qui qui ex.'),
	(153, 182, 5, 'Sed aut placeat et non amet atque. Blanditiis pariatur perspiciatis sunt provident consectetur officia facilis sit. Eum non aperiam eos voluptatem.'),
	(154, 5, 22, 'Sed et esse fugiat cupiditate. Voluptatem dolor sint optio et aliquam. Deserunt possimus deserunt labore eligendi. Et illo et debitis nostrum voluptas velit.'),
	(155, 190, 28, 'Placeat quasi doloremque voluptatibus rerum vel id soluta. Culpa voluptatem hic eaque. Voluptas dolorem ipsa et suscipit facere repellendus vel.'),
	(156, 154, 4, 'Adipisci voluptatibus quidem nisi et quas sint tempora. Et rem consequuntur cupiditate ut dolorem veniam. Sunt itaque quibusdam dignissimos assumenda similique.'),
	(157, 71, 30, 'Alias nihil ratione beatae ut ut iste voluptatum. Soluta eaque aut quos itaque.'),
	(158, 22, 25, 'Hic dolore facilis inventore doloremque nesciunt possimus et. Labore vel eligendi at aut perspiciatis. Sint nihil eum nemo est autem corporis.'),
	(159, 138, 1, 'Magnam et molestiae rerum sunt eveniet. Deserunt asperiores velit sint sed est eius voluptatem. Magnam rem porro quas vitae laudantium a autem. Autem ipsa facere explicabo enim.'),
	(160, 55, 25, 'Consequatur corrupti eius qui minus suscipit est. Quasi ab dolores qui enim aut exercitationem voluptatem. Vero praesentium doloremque odit aut incidunt dolores nihil. Vero incidunt aperiam aut quae modi illum atque.'),
	(161, 151, 8, 'Non cupiditate vel et omnis iusto maxime est. Placeat magnam rerum velit possimus aut exercitationem distinctio illum. Aperiam quia nobis qui eligendi. Reprehenderit excepturi dolor voluptas error.'),
	(162, 181, 26, 'Et occaecati et recusandae quae sint quae velit. Alias sunt animi quia quas reiciendis quis id. Eos reprehenderit reprehenderit tempore vel ab similique. Ut et consectetur enim omnis.'),
	(163, 199, 30, 'Hic quia hic quo et corrupti quam dolorem. Illo aliquid non laborum. Et nemo soluta vel.'),
	(164, 158, 26, 'Iure voluptatem ad voluptas iure. Laborum ratione dolorem ut. Beatae cumque eveniet eos id.'),
	(165, 87, 13, 'Qui ea necessitatibus accusantium. Consectetur voluptatem dolor nisi qui nihil aspernatur. Qui vero saepe magnam et molestiae.'),
	(166, 177, 29, 'Dignissimos voluptas nulla rerum. Eos aut pariatur labore enim sapiente. Occaecati eaque non sit. Ad qui in et est corporis veniam voluptatem.'),
	(167, 118, 18, 'Iusto assumenda et beatae nihil maiores. Non consequuntur placeat magnam officiis. Suscipit voluptas corrupti nihil enim. Consequatur quidem hic quia.'),
	(168, 84, 2, 'Voluptatem vitae rerum corrupti error quam iste ab similique. Aut quia nesciunt eos tempora quis qui. Quis voluptas debitis in nostrum voluptas alias aut. Quos error voluptatem beatae aliquam dolores.'),
	(169, 138, 23, 'Illo numquam quidem id cupiditate maiores. Et id optio eligendi possimus non. Excepturi et praesentium eos autem dolor nulla corrupti dolorum.'),
	(170, 177, 19, 'Quaerat laboriosam consectetur voluptatum architecto minima repudiandae. Ullam perspiciatis aut ipsam deserunt vel voluptas et. Aut ab et nobis suscipit. Aspernatur qui illo nihil dolores est.'),
	(171, 85, 2, 'Omnis et ea ullam quis quaerat suscipit quos aperiam. Est illo mollitia sequi assumenda magnam voluptatem ad nemo. Reiciendis assumenda sit consectetur incidunt ut et. Blanditiis veritatis reiciendis et.'),
	(172, 174, 22, 'Dolore qui et et delectus reprehenderit non quidem. Sunt ducimus accusantium quam et enim. Officiis iure sint explicabo dolore.'),
	(173, 121, 8, 'Culpa et suscipit minima sed autem omnis eaque. Rem sunt consequatur consequatur laboriosam sint qui et. Aliquid qui maxime vitae molestiae vel eos animi.'),
	(174, 190, 23, 'Repudiandae distinctio voluptatem accusamus dignissimos et recusandae. Accusamus iste temporibus eum optio. Porro ipsum eum ut eius velit. Quis deserunt ut eaque.'),
	(175, 9, 10, 'Qui harum aliquid similique. Exercitationem ipsam nemo sequi veniam ea quibusdam. Omnis sed ea vel et ut beatae ea. Ut illum provident sed quia.'),
	(176, 154, 5, 'Eligendi voluptas sint eaque autem. Inventore illo adipisci consequatur. Repellendus et quos veritatis quis id. Odio aut architecto officiis. Doloremque sint sint tempora hic ad voluptatem.'),
	(177, 174, 22, 'Magnam reiciendis perferendis nobis dolorem voluptatem. Quo architecto non quis quas quis cupiditate et. Qui rerum odio fuga aut delectus dolores vel delectus.'),
	(178, 114, 28, 'Fuga et aut similique vero sed. Aspernatur quibusdam iste blanditiis. Labore amet sed quia et ut dolor corrupti natus.'),
	(179, 107, 16, 'Tempore atque recusandae in sapiente voluptate. Quos omnis sapiente adipisci. Non maiores reiciendis et provident.'),
	(180, 53, 25, 'Qui officiis fugit cumque perspiciatis. Aliquam non quo quam qui non. Nemo voluptatem amet eius similique aut molestiae sit.'),
	(181, 190, 25, 'Quis et voluptatibus magnam id qui reprehenderit. Maxime ullam dolorum nisi est. Quis dolorem magnam laboriosam suscipit quo deleniti nulla.'),
	(182, 13, 22, 'Quod quia nostrum voluptatibus veritatis delectus enim beatae minus. Sed et sed molestias unde. Aut corrupti enim reprehenderit ex corrupti. Architecto iure mollitia fugit officia autem.'),
	(183, 171, 1, 'Ad tempora ipsam fuga qui. Voluptatem repellendus quam animi optio aliquam porro occaecati eaque. Libero sed dicta eos ut numquam.'),
	(184, 176, 10, 'Doloribus laborum qui quis magnam id harum blanditiis debitis. Sint eum libero quia nulla ut. Et et et sit recusandae. Iste dolore qui reiciendis veritatis dolore aut.'),
	(185, 47, 12, 'Nam nam minima illo iure. Eligendi nisi dolorem inventore in maiores. Iste minus mollitia dolor repellat.'),
	(186, 193, 19, 'Consequatur itaque et quasi ipsam pariatur architecto. Corrupti provident velit sunt quo ut beatae quisquam. Ipsam nihil consectetur vel illo blanditiis omnis sequi omnis. Mollitia qui consequatur quam et similique.'),
	(187, 82, 10, 'Quaerat rerum nemo odit accusantium explicabo porro nihil. Inventore atque praesentium quos sit corrupti. Esse incidunt dolor voluptatibus quam et consequatur. In at quam inventore dolorum.'),
	(188, 160, 1, 'Soluta adipisci est est quo labore fugiat. Dicta architecto dolores facilis nam. Quam ratione animi alias nihil. Sit soluta sint omnis ipsa.'),
	(189, 54, 6, 'Aut vitae aliquid et reiciendis deleniti consectetur voluptate vero. Laudantium labore quibusdam similique blanditiis quia necessitatibus officia. Beatae similique qui aut adipisci. Eius iure eos aut sunt.'),
	(190, 64, 4, 'Repellendus officiis dolor qui et suscipit eos cumque nam. Rerum esse consequatur quia molestiae. Voluptas harum expedita sed ipsa et optio id error. Nobis explicabo saepe corporis quia sint incidunt veniam accusamus.'),
	(191, 134, 3, 'Praesentium vero ut a exercitationem ex atque. Suscipit aut libero adipisci velit qui impedit. Asperiores sed ratione enim reiciendis ut temporibus.'),
	(192, 132, 16, 'Blanditiis omnis odit ipsa nihil voluptate. Id aut natus animi consectetur nesciunt. Vitae maiores temporibus maxime consequatur fuga omnis sit.'),
	(193, 27, 26, 'Quas cum necessitatibus facilis assumenda dolorem magnam. Et dolore quasi asperiores quaerat rerum. Deserunt dolore dolores ullam amet numquam quia vel itaque.'),
	(194, 46, 29, 'Tenetur explicabo enim illo iusto qui vero cupiditate. Laborum enim est non possimus ipsam est. Architecto maiores eveniet atque quae et recusandae.'),
	(195, 97, 26, 'Quibusdam et est rerum beatae. Provident qui illum dolores repellat praesentium. Provident cupiditate temporibus similique voluptatem asperiores est impedit.'),
	(196, 170, 23, 'Voluptate similique est qui. Tempora at consequatur aut qui ullam veritatis. Tenetur consequatur necessitatibus amet laborum voluptates unde. Totam vero quia itaque aut est reiciendis dolor.'),
	(197, 191, 9, 'Consectetur aliquam non neque aut rerum. Sint voluptatem nostrum in possimus voluptatum. Aspernatur sit dolor qui qui unde. Totam officiis eum iure sequi ipsum aut. Ab eaque reprehenderit dolorum fugit.'),
	(198, 71, 21, 'Rerum aut voluptatem quae rerum in. Ab non nihil consectetur earum sit rerum reiciendis laboriosam. Ea sit at eaque quod qui rerum aperiam dolorem. Voluptatem laboriosam molestiae nobis ex dolores nihil voluptas voluptatem.'),
	(199, 87, 6, 'Sint dolore fugiat facilis debitis quis. Eius laudantium libero similique repellendus autem nam. In vitae dicta molestiae aspernatur laudantium corporis. Dicta sit aliquam corrupti.'),
	(200, 128, 13, 'Error itaque ut et voluptatem incidunt. Expedita autem blanditiis odit ex suscipit distinctio tenetur. Dolores cum possimus nemo consequatur facilis consequatur officia doloremque.'),
	(201, 138, 10, 'Illum mollitia sed tempora nobis placeat voluptatum. Eaque error illo autem dolor consequatur odio et. Et quis non nihil ipsum.'),
	(202, 136, 3, 'Provident ipsa magni debitis omnis dolores porro laboriosam. Eveniet nihil repellat maxime quos non qui. Laborum sint totam officiis molestiae nam. Quisquam autem consequatur voluptas ut dolor esse.'),
	(203, 133, 22, 'Accusamus soluta laudantium placeat expedita et accusantium. Animi sit id ex qui quis officiis. Deserunt minus et quia labore sapiente ut consequatur voluptatibus.'),
	(204, 148, 7, 'Et debitis est pariatur amet sint officia eligendi. Occaecati ut dolorem molestiae et. Provident modi eum ab est eos et aut. Repellendus impedit eum odio quia iste.'),
	(205, 48, 6, 'Sit quis eveniet nihil asperiores consequatur vero. Rem repellat sit omnis distinctio aut voluptatem. Quibusdam ut inventore assumenda ex. Voluptatum omnis dolorum exercitationem vel exercitationem. Qui iusto numquam alias minus tempora.'),
	(206, 191, 12, 'Quia nihil est sed veritatis. Laborum sint a id reprehenderit eaque soluta ut. Sint voluptatem aut laborum quasi in. Rerum sapiente adipisci est odit.'),
	(207, 153, 5, 'Ea voluptas doloremque enim quam. In ut ut eos praesentium dolores. Non necessitatibus consequuntur quis commodi. Ipsam rem qui ut id minus distinctio maxime. Rerum praesentium id distinctio ut voluptas voluptas.'),
	(208, 154, 14, 'Odio et suscipit voluptas nesciunt. Ea similique iusto qui ea cum iure. Quod optio sequi rem ratione.'),
	(209, 200, 2, 'Ea dolorem est quae dolores quis. Distinctio sit reiciendis nam.'),
	(210, 188, 14, 'Sint similique facere rerum aperiam consequatur placeat deserunt. Voluptate voluptatibus ratione qui. Voluptates quam quaerat qui perferendis.'),
	(211, 112, 21, 'Totam in voluptatibus molestiae ullam aperiam. Aliquid illo beatae modi ut laborum. Est quibusdam fuga minima totam ad eum. Qui fugit quis facere et natus laudantium.'),
	(212, 154, 19, 'Sapiente id velit quas facere. Quaerat quod labore ea rerum quaerat eveniet placeat. Unde delectus reiciendis rerum eligendi cum id culpa.'),
	(213, 156, 5, 'Eligendi quis eum consequatur ipsa id asperiores nulla. Distinctio deleniti aut consequuntur nesciunt inventore quo aut. Modi corrupti quibusdam dolor perspiciatis molestias voluptatem voluptas. Est voluptatem numquam quae ex ut.'),
	(214, 152, 6, 'Sint atque voluptate earum qui animi. Et dolore officia placeat quia consequatur expedita vel. Ut placeat aliquid explicabo voluptatem aut quia. Eos voluptatem velit quam eum.'),
	(215, 90, 25, 'Earum ipsa et corrupti molestias. Iusto magni quis dolores aut ad. Voluptatum assumenda odit consequatur ut blanditiis necessitatibus. Ut nemo doloribus est et.'),
	(216, 3, 11, 'Quas nam similique nihil. Et est est adipisci aut consequuntur hic eos. Aperiam maiores facilis exercitationem aut esse. Culpa aliquid accusantium ea qui. Cupiditate nemo delectus assumenda iusto.'),
	(217, 143, 29, 'Explicabo cumque omnis eveniet eligendi. Nihil dolorum dolores alias qui et natus dolores. Sunt sint ut velit amet explicabo hic voluptatem.'),
	(218, 195, 15, 'Deserunt repellendus nemo et occaecati sint. Molestiae eaque vitae ea. Harum omnis nesciunt voluptatem dolorem quisquam. A veniam quo voluptas asperiores pariatur quaerat. Facilis adipisci assumenda nesciunt enim.'),
	(219, 90, 28, 'Qui ducimus eos itaque et. Animi sit itaque facilis qui. Repudiandae fugit eius sunt omnis. Eius quisquam rem ipsa sed.'),
	(220, 76, 11, 'Veritatis sapiente iusto et soluta occaecati consequatur aut. Ratione rerum facere vel saepe inventore id corporis. Porro tempora nam saepe id fugit deserunt. Repellendus rem saepe ducimus delectus sit autem.'),
	(221, 159, 4, 'Provident et voluptatem ipsa cupiditate. Qui velit sequi laboriosam et et et vel. Sed pariatur facere in nam recusandae optio ducimus. Nihil ut sapiente eum non odio quisquam.'),
	(222, 52, 30, 'Aspernatur nam cumque ipsa voluptatibus itaque voluptatem. Illum occaecati harum nulla sint quae reiciendis alias. Commodi et aspernatur aut eum.'),
	(223, 25, 17, 'Officiis maxime et architecto dicta exercitationem esse. Quo neque quia ut doloremque aut quia quia voluptatem.'),
	(224, 20, 28, 'Reprehenderit quis vel non quibusdam cupiditate enim. Quo dolores commodi nulla deserunt quam. Repudiandae recusandae necessitatibus soluta atque.'),
	(225, 168, 5, 'Nisi repellendus blanditiis animi id ut aut. Quia quidem inventore est laudantium amet temporibus dicta aut. Placeat tenetur est nihil quia. Hic debitis repellendus aperiam magni aperiam qui.'),
	(226, 150, 14, 'Labore reiciendis sapiente odit dicta iste quia. Porro numquam incidunt eum ut aut et. Officia nemo quia explicabo laborum animi fuga maxime. Quasi praesentium ratione vel cum. Consequatur et molestiae consequatur eveniet eaque unde.'),
	(227, 147, 28, 'Cum qui illo sit cupiditate ullam. Quod nisi veritatis blanditiis. Aut voluptatum incidunt incidunt sit mollitia voluptatum qui.'),
	(228, 132, 18, 'Corrupti maiores numquam eius distinctio animi occaecati. Architecto illo ipsa voluptatibus eligendi. Ipsa debitis qui aspernatur et.'),
	(229, 104, 14, 'Atque illum rem veritatis autem sed mollitia eos. Et odio consequuntur optio ea odio et. Ratione ut ex ea magni voluptas reiciendis impedit. Incidunt et magnam perferendis possimus natus.'),
	(230, 177, 6, 'Numquam quia minima aut. Voluptatem nemo sit commodi. Culpa quae sint eveniet ratione qui sit. Cum ipsam quibusdam dolores est atque.'),
	(231, 16, 4, 'Consequatur quo nam et tenetur modi. Harum accusamus qui quia pariatur. Harum illum iure in ut quos deleniti.'),
	(232, 56, 20, 'Qui dolorem eum illo impedit tenetur porro nemo quia. Non non consequatur nobis est hic omnis accusamus. Ipsum vel est explicabo. Modi maxime voluptas sequi placeat sit molestias accusamus.'),
	(233, 178, 11, 'Ea labore repudiandae quo rerum animi repellendus quia. Suscipit atque exercitationem non cumque in tenetur libero consequatur. Et dolore veritatis voluptatum mollitia.'),
	(234, 189, 7, 'In rerum aperiam quibusdam ullam est eligendi dolor. Aut est qui tempora maxime iste totam. Quibusdam ut quia quaerat aut. Ratione voluptates itaque dolorem ducimus.'),
	(235, 129, 23, 'Ea deleniti suscipit rerum dignissimos. Sed ut autem fugit accusamus rerum rerum temporibus facilis. Ut ducimus ipsa expedita corrupti veniam ut.'),
	(236, 59, 13, 'Aut dolorem eius est et laudantium sapiente. Non quasi molestiae dolorem vero eligendi quisquam. Autem pariatur aspernatur optio ut sint. Quisquam veritatis est voluptatem quo ea velit.'),
	(237, 128, 10, 'Cumque nihil quidem est sed omnis perferendis culpa repellendus. Numquam adipisci aut praesentium praesentium autem quaerat. Ratione blanditiis error ad et saepe dolor quis unde.'),
	(238, 103, 14, 'Reiciendis sed asperiores aut. Sed modi nostrum est est et sed. Maiores qui quia culpa ea. Ut quam quos est doloremque aut aut.'),
	(239, 190, 10, 'Repellat dolores illum rerum eum modi. Harum eveniet molestias dolores. Ratione eaque voluptate iusto debitis nam a sed.'),
	(240, 16, 11, 'Nisi a ipsa aut nihil nostrum est. Laboriosam nobis dignissimos natus placeat. Est et mollitia quibusdam et.'),
	(241, 184, 13, 'Ab alias nesciunt in rem adipisci. Sunt libero possimus accusamus aut accusantium molestiae.'),
	(242, 123, 8, 'Quisquam ipsum illo dolor aut quam. Dolores molestias iusto aspernatur laboriosam. Quo veritatis neque non.'),
	(243, 1, 20, 'Distinctio ex totam sed vitae veritatis eos optio. Delectus ut alias quam voluptas vel dicta architecto. Sunt nisi aut quia. Dicta repellendus omnis quas nesciunt ea corrupti.'),
	(244, 47, 8, 'Vel quisquam porro cupiditate ad. Nisi unde consequatur aspernatur minima laboriosam. Et dolor aut ipsa vel.'),
	(245, 8, 28, 'Harum deserunt sint sint. Et recusandae enim dolores alias suscipit reiciendis eligendi. Magnam ut corrupti dolor cupiditate delectus reprehenderit eaque aliquid.'),
	(246, 124, 13, 'Est quidem in voluptas fugit. Voluptatem perspiciatis esse soluta qui eos officiis. Veritatis voluptates soluta fugit ratione autem tempore similique.'),
	(247, 22, 14, 'At ut laudantium ut facere ea suscipit sunt. Qui voluptatem fuga aspernatur. Voluptatem aspernatur corporis nostrum harum possimus.'),
	(248, 64, 29, 'Veritatis non qui suscipit dolorem aspernatur soluta. Quas excepturi in neque sunt numquam excepturi. Quas quia dolorem voluptas dolorem omnis.'),
	(249, 39, 24, 'Ipsum incidunt quibusdam eos sed placeat quaerat. Occaecati blanditiis quasi nobis corporis consequatur itaque. Sapiente mollitia eveniet aliquam consequatur sed animi.'),
	(250, 95, 6, 'Omnis qui velit eum quis quas et consequatur. Nostrum non iure omnis et qui aut. Nostrum nesciunt aliquam adipisci accusantium. Nisi expedita nulla delectus.'),
	(251, 3, 13, 'Quis officiis culpa sapiente omnis delectus aut. Et nobis mollitia quia adipisci exercitationem. Dolor facere fugit iusto porro et molestias. Expedita harum reprehenderit eaque libero minima.'),
	(252, 19, 23, 'Ipsum repudiandae et distinctio ut et. Et ratione fuga voluptas nobis. Doloribus neque earum quod.'),
	(253, 85, 16, 'Quae aut expedita similique sit autem voluptatem tenetur. Qui autem soluta quas illum. Unde quod voluptates laboriosam asperiores ut quia nisi. Qui excepturi odio et.'),
	(254, 138, 10, 'Repellendus iste soluta iure sed quas amet officia. Laborum iusto sed voluptatem cumque est et delectus. Saepe quia ducimus iste eos aliquam incidunt vel dolorum.'),
	(255, 187, 12, 'Officiis ut in et non perferendis. Dolor vero rerum odio. Ipsa incidunt aut pariatur repellat. Autem ut repellat adipisci odio dolore totam vel beatae.'),
	(256, 2, 12, 'Consequatur suscipit at et fugiat. Rerum in quia nesciunt in quo odio placeat. Id maiores in voluptatum dolore molestiae. Est et enim suscipit repudiandae.'),
	(257, 73, 13, 'Cum dolore est omnis ut rerum ut aperiam. Repudiandae et expedita ratione vero aut perferendis molestias. In et aut eum aspernatur ratione. Dicta natus sunt quae ratione.'),
	(258, 102, 12, 'Facilis tempore ut adipisci magnam atque. Fugit numquam excepturi qui autem voluptatum ratione ratione. Qui itaque ipsum sint in nobis velit omnis. Enim nulla pariatur est dolor aliquam.'),
	(259, 149, 2, 'Consequatur eligendi sunt vel et omnis. Nam fugit aut amet tempora. Autem atque dolorum ullam vel qui natus fugit dolores. Laborum mollitia et sed. Fugit at ipsa impedit quo nostrum nesciunt consequatur.'),
	(260, 24, 20, 'Debitis aliquid iste voluptas maxime et ad blanditiis. Quos nam alias distinctio fugiat. Magnam unde eligendi nam autem aut aliquid quas. Explicabo quia rerum laboriosam impedit.'),
	(261, 8, 10, 'Dolorem expedita quia distinctio fugiat dolores reiciendis exercitationem nostrum. Non molestiae dolorum distinctio aut in rem. Explicabo rerum rerum placeat accusantium nemo accusamus quis.'),
	(262, 27, 10, 'Quam ut quae culpa qui. Sunt facilis vel dignissimos repellat. Adipisci illum earum eveniet. Modi at ea voluptas architecto velit libero excepturi.'),
	(263, 57, 26, 'Harum maiores unde alias facilis voluptatibus. Odio occaecati aut eum omnis minus et aut. Totam quasi nobis ullam quibusdam harum voluptates. Quasi harum possimus quaerat rem.'),
	(264, 161, 29, 'Sed officiis minima sed blanditiis sit autem. Alias reiciendis animi ut. Nostrum et reiciendis soluta et ea. Autem aut vel impedit eaque est perspiciatis.'),
	(265, 18, 12, 'Aut sunt molestias ducimus perferendis. Omnis enim fuga aperiam voluptatem velit quia animi. Vel sint earum iure laboriosam aut. Architecto expedita error incidunt atque. Sapiente consequuntur quisquam est atque quo a magnam.'),
	(266, 100, 11, 'Expedita occaecati aut unde consectetur corrupti architecto. Consectetur aut tenetur placeat est quo.'),
	(267, 171, 11, 'Dicta dolorum consequatur earum assumenda et qui. Nisi et exercitationem adipisci veritatis nam dolores. Sed rerum placeat in tenetur consequuntur. Porro sint eum quis similique recusandae.'),
	(268, 8, 24, 'Vel deserunt est vitae ad ut vel. Non provident ut illum distinctio. Iste non quis dolores rem delectus nobis quaerat reprehenderit.'),
	(269, 33, 14, 'Enim voluptatem voluptates iusto corporis at vel voluptate. Nobis est pariatur doloremque expedita necessitatibus ut. Sequi dignissimos sit rerum enim et magni.'),
	(270, 121, 2, 'Dicta quis sint sed qui et. A alias consequatur debitis atque velit quae. Voluptas et molestiae quo debitis. Ut voluptas dicta perferendis autem ullam inventore. Et nam provident voluptate est qui ea.'),
	(271, 178, 16, 'Occaecati porro et consequatur hic. Fugiat voluptatibus nihil quis quasi sint fuga maiores. Aspernatur aspernatur et consequuntur qui optio et qui.'),
	(272, 36, 4, 'Ratione consequatur et quia aliquid adipisci adipisci nam. Delectus distinctio voluptatem rerum provident. Est impedit cum nulla. Asperiores modi commodi aliquid in incidunt laudantium.'),
	(273, 158, 1, 'Error qui culpa dolorem qui doloribus vel officia. Non magni sit eum molestiae deserunt ut. Ab aut nulla quia expedita rerum et.'),
	(274, 45, 21, 'Impedit aut soluta impedit doloribus. Nulla eaque pariatur praesentium nisi dolores aut repellat. Ut adipisci qui voluptatem quod. Libero odit commodi eius omnis aperiam praesentium.'),
	(275, 179, 25, 'Doloremque alias veritatis id. Corrupti labore minus repudiandae perferendis. Aut dolorem itaque amet ex ut in rerum.'),
	(276, 140, 16, 'Odit veniam similique quod repudiandae sit. Iure commodi eligendi ea dolore natus tempore soluta. Et laudantium optio quod expedita amet. Rerum repellendus corrupti sit et itaque voluptatem.'),
	(277, 14, 22, 'Eaque id cumque tempora. Vel qui consequatur impedit dolorum eum iure sint. Tempore qui sed eum enim sed laboriosam.'),
	(278, 192, 6, 'Architecto eos sed consequatur occaecati sed. Provident delectus at laboriosam ut excepturi est unde. Nobis placeat nobis fugiat tenetur.'),
	(279, 53, 18, 'Qui sapiente suscipit asperiores incidunt. Odit a autem tenetur id magni. Autem nam quibusdam quos. Rerum quis saepe saepe ratione blanditiis quaerat.'),
	(280, 108, 8, 'Qui dolorem minus quia veniam sit atque a. Aut unde reprehenderit laboriosam. Id perferendis ullam qui hic.'),
	(281, 163, 19, 'Numquam voluptatem quibusdam repellat cupiditate mollitia fuga ut. Esse in facere harum qui. Non rerum necessitatibus earum ad quos facilis et repellendus. Fugiat voluptates quo nostrum minima.'),
	(282, 68, 10, 'At ut aut fugit sequi qui consequatur rem. Qui et occaecati in quam accusantium facilis et. Ipsum fugit vel non incidunt enim eos laboriosam nesciunt. Ipsa incidunt aliquid ut ut quasi voluptatem.'),
	(283, 18, 30, 'Fugiat eos repellat qui voluptas in dolor. Praesentium adipisci doloribus praesentium sed. Dolores et officiis accusamus dolores vel possimus suscipit.'),
	(284, 128, 17, 'Quia id debitis est rerum et. Illum atque ipsam eum quisquam voluptas ut. Enim iusto iure ad. Non iste consequatur maiores reprehenderit minus natus minima.'),
	(285, 137, 24, 'Asperiores rerum sunt quaerat quam dolore. Sit aut provident nemo reprehenderit incidunt quo. Excepturi corporis quidem eaque hic est dolorum.'),
	(286, 74, 28, 'Numquam qui laboriosam culpa minima non. Aliquam id omnis tempora facere explicabo maiores quae. Pariatur mollitia eius pariatur distinctio. Enim voluptates fugit in ut provident.'),
	(287, 171, 29, 'Odit perspiciatis ullam molestias nemo sit sint autem qui. Voluptas deleniti quam molestias velit.'),
	(288, 22, 6, 'Inventore voluptatem harum et dignissimos officiis quae. Vero blanditiis est facere itaque deserunt. Saepe et qui fugiat reprehenderit.'),
	(289, 117, 2, 'Voluptas labore modi hic ut aspernatur dolor. Corporis aliquam quis vitae iste sit voluptas dolor. Sint odit reiciendis impedit aut odio ducimus.'),
	(290, 29, 9, 'Nihil optio quia accusamus molestias molestiae. Iste repellat voluptate omnis. Atque illum ea pariatur.'),
	(291, 83, 15, 'Quisquam commodi et ex aperiam amet rerum. Maxime temporibus et ullam cum quisquam sunt esse dolorem. Enim ea veritatis ad minus deserunt laudantium voluptatum.'),
	(292, 48, 20, 'Tempore et iure odio eos blanditiis dicta. Et sed sed sapiente vero repellat explicabo consequatur. Architecto aut ad ratione eligendi ad et quaerat.'),
	(293, 44, 21, 'Culpa laboriosam dolorum odio deleniti. Eos distinctio architecto sequi nesciunt quas culpa quisquam. Fugit beatae maxime quia repudiandae doloribus. Enim quisquam enim aut tempore laudantium ut numquam. Deserunt fugiat repudiandae enim eum eos vel accusamus.'),
	(294, 110, 30, 'Qui veritatis et ea similique natus incidunt. Quod quo sint nulla sint quibusdam quas numquam. Autem debitis provident ut quaerat voluptate.'),
	(295, 110, 9, 'Hic voluptatibus consequatur aut temporibus cum laudantium qui. Aperiam officia ea reiciendis dolores quis. A facilis sit exercitationem qui molestiae.'),
	(296, 32, 30, 'Odit modi quae fugiat voluptatem ipsam non nobis laboriosam. Non rerum est odit voluptates quo distinctio et sunt.'),
	(297, 27, 8, 'Id minima suscipit eaque voluptate. Aut est repellat debitis laborum aliquid aut accusamus et. Animi eius et repellat excepturi et sed accusantium.'),
	(298, 187, 2, 'Eos qui eius veniam autem dignissimos quibusdam. Dolorum aut voluptas quia sed saepe. Illo omnis aut necessitatibus non. Occaecati quo qui qui quibusdam provident.'),
	(299, 68, 6, 'Et eligendi dolor ea mollitia. Quis quis voluptatem aut ad in omnis. Sequi sed eveniet laboriosam in assumenda asperiores. Sit laboriosam quis vel est aut.'),
	(300, 179, 5, 'Facere sed est libero in autem. Minima asperiores eligendi qui sed voluptatem atque. Omnis excepturi autem molestias. In deleniti sint recusandae veritatis.'),
	(301, 162, 4, 'Quasi voluptatem voluptatem ducimus dolorum incidunt veritatis deserunt. Et in odit dignissimos ducimus alias. Dolore sit dolorem aperiam modi sapiente.'),
	(302, 74, 30, 'Accusantium repellat eos occaecati dolore aut voluptatum eveniet et. Et similique eos sequi nihil consectetur. Officiis asperiores aliquam magnam. Aliquid ab modi mollitia omnis enim. Et sint labore architecto fugit porro.'),
	(303, 64, 26, 'Voluptatum sit cum aut officia soluta itaque et. Aut voluptatem asperiores aspernatur fuga sunt voluptatem quia. Repellat vel veniam reiciendis neque.'),
	(304, 16, 19, 'Aut et et fugiat. Tempora qui modi voluptatem dicta sed vero enim. Quo ut aperiam in nihil iure. Voluptates qui voluptatem dolorum consequuntur voluptates.'),
	(305, 80, 25, 'Qui inventore sunt fugit aut quis ut eos veritatis. Minima laboriosam vero quaerat. Rem aliquid omnis eius quasi doloribus commodi consequatur reiciendis.'),
	(306, 111, 15, 'Rerum tempora corporis cum et magni atque ea eum. Voluptatem minima et enim error repellendus. Perferendis fugiat et doloribus consequatur quidem laudantium et incidunt. Ut et id saepe inventore aut.'),
	(307, 36, 11, 'Id itaque ad ut nostrum nihil nulla quae nostrum. Et nemo voluptatem eius possimus. Veritatis enim sunt voluptatem sit ullam excepturi.'),
	(308, 93, 16, 'Alias architecto omnis cum aut sequi sed. Atque eaque ducimus sunt esse.'),
	(309, 63, 18, 'Totam vero amet aut et nihil est veniam. Harum et dignissimos sunt optio qui. Hic dolor aut ullam voluptate inventore possimus.'),
	(310, 186, 25, 'Hic aut ut omnis soluta amet porro. Soluta facilis unde ut id dolorem autem. Rerum repudiandae incidunt perferendis aut.'),
	(311, 20, 22, 'Aut repellendus officia vero perferendis. Dolor ut qui nisi labore consectetur ut at. Cupiditate sint quis omnis et expedita.'),
	(312, 147, 16, 'Sunt nam eum omnis nulla. Doloremque velit sunt enim ad eos facilis ullam. Fugit debitis possimus minima facere et hic corrupti.'),
	(313, 194, 3, 'Quisquam doloremque quo a a quaerat nihil dolorem. Corrupti et quia hic blanditiis. Ducimus officiis et neque fugit iusto omnis atque. Natus consequatur molestias dolorem asperiores iusto quo fugiat.'),
	(314, 107, 29, 'Delectus repudiandae deserunt facere ab hic. Est exercitationem et quisquam nihil inventore quasi eveniet. Doloremque nobis eum dolorem eum minima autem veritatis.'),
	(315, 112, 28, 'Assumenda vero rem explicabo voluptas et maiores eius. Et est natus dolores voluptas et quo ut. Dolorem dicta molestiae fugit optio tenetur. Provident voluptatem assumenda id beatae enim quis consequatur.'),
	(316, 30, 6, 'Cumque sint nemo ratione et. Fugiat reprehenderit sunt sed et aspernatur.'),
	(317, 81, 11, 'Autem est fuga aliquid voluptate itaque rerum. Est qui quisquam atque culpa voluptatum assumenda consequuntur doloribus.'),
	(318, 94, 8, 'Aut et placeat sit ut. Qui rerum nihil fugit voluptatem voluptas aut. Id eveniet vel aut aut id. Consectetur laborum aut et ut voluptas. Quaerat et error sint.'),
	(319, 34, 17, 'Impedit suscipit qui distinctio excepturi repellendus. Et voluptatem est ut nihil ullam facilis ullam. Est consequatur assumenda beatae corporis. Deleniti quam veniam molestiae non fugit. Et labore in aut iste est.'),
	(320, 159, 28, 'Consectetur animi explicabo odit est voluptas. Et nihil eius distinctio et voluptatem. Sequi dolorem non a cumque aliquid quaerat dignissimos.'),
	(321, 89, 18, 'Officiis quis soluta similique et qui nesciunt. Est illum tempora aliquam veritatis ea rem amet repellat.'),
	(322, 101, 23, 'Placeat ut iure illo velit harum ipsum. Sunt expedita et soluta hic.'),
	(323, 32, 14, 'Consectetur nihil officiis dolore nam culpa neque est dolor. Corporis neque quia reprehenderit. Non eaque accusamus animi qui. Quae id voluptas tempore natus qui qui et. Aperiam consequatur pariatur rerum inventore explicabo expedita.'),
	(324, 112, 28, 'Voluptatem eligendi necessitatibus quo dolorem accusantium dicta in tenetur. Voluptatem nobis optio ducimus. Quam optio quam nam nisi ut sed.'),
	(325, 8, 19, 'Maiores rerum repellat nam qui aut molestiae. Ut et eveniet et quidem ut aliquid a et. Nesciunt quia ut ut occaecati sunt sed.'),
	(326, 200, 17, 'Minus quia quia blanditiis. Inventore esse exercitationem modi reprehenderit officia explicabo autem. Itaque tenetur sequi ut nihil hic rerum tempora. Ea ea voluptas rerum atque.'),
	(327, 81, 30, 'Ullam ipsum excepturi voluptate autem. Magni eaque explicabo occaecati esse pariatur et excepturi.'),
	(328, 147, 30, 'Placeat est et velit ea. Est molestiae vel est odio temporibus impedit ex eligendi. Eos harum et voluptas qui harum. Velit molestiae totam nesciunt pariatur cum.'),
	(329, 154, 29, 'Est possimus blanditiis a aut vero provident. Nihil deserunt quaerat praesentium provident eum nemo et. Porro alias ut laborum aut cupiditate.'),
	(330, 42, 30, 'Aliquam nobis commodi nihil recusandae perspiciatis. Illum nulla dolor soluta nobis aperiam. Tempore accusamus sint qui beatae quis impedit.'),
	(331, 120, 1, 'Nemo soluta est sit ad sunt odio. Omnis sit autem qui cupiditate. Quod ipsam sit facere sunt.'),
	(332, 198, 3, 'Numquam omnis autem neque tempore est ratione ipsam. Id optio minima ut a molestiae autem aliquid veritatis. Nihil praesentium et reiciendis animi. Eum corrupti corrupti consequatur occaecati vitae.'),
	(333, 2, 16, 'Est neque doloribus sit iste impedit quia. Voluptatem nihil aut fugit id. Aut et expedita quaerat porro deserunt provident nihil. Impedit quia corporis odit aut illo ipsum enim aliquam.'),
	(334, 107, 17, 'Eos iure aliquid porro quidem nulla. Quia ducimus atque non qui et. Qui ducimus voluptatum nostrum nulla error fugiat nihil.'),
	(335, 162, 26, 'Odio aut voluptatem sunt nisi laboriosam. Perferendis omnis alias aut nemo. Sequi aut necessitatibus consequatur.'),
	(336, 148, 24, 'Aut mollitia et praesentium ut voluptas et vel. Quia maiores est omnis. Enim voluptatem totam vero quia ea.'),
	(337, 121, 11, 'Eos repudiandae sed in consequatur earum. Ullam rem facere officia. Deleniti fuga quos est molestiae corporis ut delectus dolor.'),
	(338, 40, 3, 'Officia et minus dignissimos quod. Sed est quidem tenetur ea et. Quae quasi eaque rerum est dolor voluptas ipsum.'),
	(339, 76, 15, 'Aut repellendus quo odio consequatur vitae velit. Ut dolor facilis deleniti aut. Cum non aspernatur tenetur fugit animi perspiciatis consequatur. Deleniti qui veniam consequatur neque enim similique debitis.'),
	(340, 87, 30, 'Quia sed est non et delectus sit. Ea totam ab tenetur cum dolor. Possimus quis incidunt aut quia.'),
	(341, 103, 19, 'Possimus rerum quod qui repellendus aut. Sit architecto aliquam nostrum unde. Commodi aut sint qui deserunt.'),
	(342, 186, 20, 'Magni et quidem quisquam quia quas ut. Voluptatum libero quo ipsam sit nisi ducimus. Sed repellat architecto delectus eos et omnis beatae. Soluta adipisci hic explicabo ullam. Rem eos voluptate aut ullam quidem.'),
	(343, 78, 7, 'Voluptatem porro nisi cupiditate dignissimos sed. Deleniti consequuntur magnam sit deleniti cum delectus et ipsa. Et dolores cupiditate aut vero. Harum quibusdam soluta est sequi rerum.'),
	(344, 75, 3, 'Voluptas sunt tempore aliquam corrupti voluptatibus. Et ab corrupti nemo quaerat. Adipisci ad perferendis maiores tempora fuga expedita et qui.'),
	(345, 161, 10, 'Aut consequatur natus maxime et incidunt qui. Dolorem numquam iusto sint recusandae id culpa nesciunt. Est quis dolorem aut sit qui consequatur.'),
	(346, 187, 15, 'Esse dolor unde distinctio officia accusantium quia facere ut. Libero quod voluptatem consequatur sint quia possimus. Sed qui minima incidunt.'),
	(347, 164, 1, 'Autem vitae aut animi et earum reprehenderit. Cum est quasi id asperiores occaecati tenetur eum. Doloribus id dolor eligendi consequatur aut ipsam ea.'),
	(348, 99, 3, 'Ipsam quisquam repellat quod voluptatem. Cupiditate sint illum reiciendis amet. Enim voluptas similique numquam sit. Autem nihil blanditiis est et. Eum officiis nisi est est ex ut vel.'),
	(349, 158, 30, 'Veritatis soluta pariatur ut dignissimos illo. Sed voluptatem quibusdam quam voluptatum deleniti consequatur laborum. Exercitationem tempora facere ex nam natus. Ex vel est et mollitia.'),
	(350, 36, 4, 'Aut voluptas dignissimos ut nihil occaecati nihil quos. Earum voluptas animi dignissimos praesentium sint. Atque delectus id omnis fuga quia quidem autem in. Vitae dolorum dolores consectetur quia facilis excepturi autem dolorum.'),
	(351, 21, 6, 'Quam libero consequuntur adipisci illum. Iusto sit aut quo non iure quis et. Ea quam voluptatem qui eligendi repudiandae.'),
	(352, 52, 30, 'Nobis sunt quos eos nihil. A exercitationem voluptatem minus provident corporis eum in. Aut et rerum unde animi autem consequatur et. Aut impedit aliquid sequi sed.'),
	(353, 9, 15, 'Unde quidem dicta aspernatur accusantium expedita blanditiis enim voluptatum. Tenetur deleniti eligendi quisquam error quam. Aperiam aut optio eligendi et eum fuga rerum. Et tenetur fugiat quam aut.'),
	(354, 7, 1, 'Non nulla rem et nihil et delectus quis. Libero dolor quia est corporis. Odit voluptatem et ut sint.'),
	(355, 29, 29, 'Dolores laborum sunt tempora ullam. Distinctio fugiat voluptatem aliquid quaerat voluptatem eveniet ut. Nisi totam molestiae et pariatur.'),
	(356, 61, 5, 'Illo non non sit quia. Ea quidem dolorem saepe distinctio quibusdam nihil. Ut assumenda optio ullam rerum voluptatibus et explicabo.'),
	(357, 117, 9, 'Similique velit qui velit nostrum perspiciatis. Accusantium facilis blanditiis incidunt nam pariatur. Omnis voluptatem non cumque nobis. Voluptatem voluptas quia necessitatibus illum.'),
	(358, 151, 17, 'Id necessitatibus reiciendis harum alias. Quia aperiam rem amet. Autem odio eius sed minus nulla. Delectus ipsum quaerat quasi eaque nesciunt blanditiis.'),
	(359, 31, 26, 'Ex deserunt sunt debitis voluptas id dolor. Quo doloremque unde culpa est dolor. Consequatur eos ad cupiditate cum maxime. Asperiores fuga excepturi corrupti mollitia et repellendus qui. Voluptate vero illo id sed nostrum.'),
	(360, 61, 7, 'Alias aut porro perspiciatis nam ut quidem quam cupiditate. Aut ut quis nemo corrupti ut laboriosam ab. Unde neque et corporis sint.'),
	(361, 118, 4, 'Accusamus consequatur et iure et ab. Ex placeat fugiat debitis. Sunt voluptates totam iusto quia inventore.'),
	(362, 98, 20, 'Ut libero asperiores eveniet pariatur pariatur iusto. Quibusdam dolorem culpa quibusdam dignissimos sapiente est. Officia odio sequi commodi sunt.'),
	(363, 47, 29, 'Quam debitis asperiores animi quia. Quidem quia deleniti sequi recusandae qui enim. Quia nesciunt rerum corrupti quia dicta minus.'),
	(364, 136, 29, 'Deleniti et eum et totam libero nulla. Enim ut et earum repellendus minus pariatur odio. Eum labore ab cum cum consequuntur soluta fugiat. Commodi placeat perferendis illo quos optio eaque incidunt.'),
	(365, 134, 8, 'Eius at et fugit voluptas. Sint sint explicabo natus non aut. Repudiandae delectus ducimus adipisci rerum est sit exercitationem alias. Ex dolor enim necessitatibus excepturi nobis voluptatem culpa corporis.'),
	(366, 163, 26, 'Qui commodi et laborum aut quas ut odio ut. Esse eos ipsum eos neque recusandae. Necessitatibus non voluptates voluptatem nam et est eum nam. Totam ea optio quaerat.'),
	(367, 74, 23, 'Ex id ut distinctio ullam. Totam deleniti accusantium odit voluptatem sequi odio. Nobis dolor ut nihil explicabo. Animi sed eaque adipisci veniam nobis quisquam consequatur.'),
	(368, 127, 11, 'Quas commodi nostrum eum dolor. Laborum explicabo repudiandae qui praesentium mollitia officiis est. Est dolor libero cupiditate autem. Qui dolor quod inventore hic nihil asperiores libero.'),
	(369, 33, 2, 'Possimus quidem iure animi occaecati tempore quia dolores. Asperiores aliquid non et porro repellendus corrupti quod. Aliquid in excepturi est tenetur dolor cupiditate. Facere ea in illo incidunt eos consequatur.'),
	(370, 148, 22, 'Nihil nam nostrum dolorum quo fugiat ipsum. Excepturi velit a modi aut quos. Itaque sit fugiat ducimus. Aperiam ea saepe voluptatibus ea ut repudiandae.'),
	(371, 134, 5, 'Alias et voluptate modi totam autem dolor voluptate. Maiores alias enim fuga neque. Perspiciatis quibusdam officiis et sit dolorum provident. Qui vel veniam est.'),
	(372, 38, 9, 'Dolor aut laboriosam rerum quae illum. Laborum quia at dolore enim cupiditate perspiciatis.'),
	(373, 178, 10, 'Placeat nam in amet voluptatibus odio numquam. Deserunt architecto aliquid odio qui omnis voluptatum. Fugit explicabo reprehenderit vitae officia.'),
	(374, 184, 4, 'Aut voluptatum qui quasi ullam voluptatibus facere. Fuga blanditiis nihil explicabo officia dolores minima ipsam ad. Suscipit aut quisquam minima et accusamus aliquam cupiditate. Ipsum omnis eos et atque.'),
	(375, 151, 21, 'Incidunt voluptate hic cupiditate nam fuga aut adipisci. Voluptate recusandae ipsam est qui porro fugit enim. Aliquid non expedita quaerat autem exercitationem.'),
	(376, 51, 10, 'Quae assumenda reiciendis ut laudantium esse. Numquam natus totam illo eum. Ad rem nihil at magnam enim veritatis.'),
	(377, 3, 12, 'At explicabo vero amet ut. Aut labore dolorum atque numquam debitis voluptatem cupiditate. Ut exercitationem reprehenderit cum excepturi quo velit sit. Mollitia et praesentium quia ab.'),
	(378, 35, 1, 'Inventore possimus soluta at eum dolores quasi vel facilis. Aut corrupti minima eum qui sint. Velit adipisci recusandae sed atque. Libero iusto eligendi est nostrum. In qui ex ipsum officia quia.'),
	(379, 68, 17, 'Officia modi mollitia hic aut velit quas odio. Vero dolores et voluptatem nemo velit enim eligendi ut. Eum molestiae ipsa ipsum cupiditate quas qui ut. Autem natus cupiditate sunt et corrupti rem numquam.'),
	(380, 18, 30, 'Recusandae sed rem ullam occaecati officiis. Cupiditate qui laboriosam blanditiis aut. Tempore aut ex adipisci unde recusandae nostrum doloribus. Aspernatur ut labore saepe facilis voluptates mollitia. Magnam delectus illum totam ex incidunt.'),
	(381, 52, 4, 'Sapiente quibusdam quia quo rerum. Dolores modi ipsa numquam quo voluptas quia.'),
	(382, 15, 10, 'Qui ipsam omnis laborum qui. Perferendis ut rerum ea id. Et porro explicabo minus sed eum ut et eligendi. Quos ipsa quos quia aspernatur quod ratione.'),
	(383, 14, 4, 'Tenetur delectus et quidem. Explicabo id nemo mollitia explicabo ullam illum facilis. Tempora quis est asperiores iure aperiam. Placeat deserunt animi voluptas nesciunt necessitatibus. Aut aliquam aspernatur voluptatum.'),
	(384, 159, 6, 'Cumque illum accusantium consequuntur consequatur fuga quisquam. Dolores deserunt debitis eligendi magnam et harum necessitatibus. Porro est rerum quo quibusdam ut laboriosam quia. Et debitis vero error.'),
	(385, 141, 28, 'Non aut corporis itaque numquam alias. Rerum vero ut magnam id. Eos ipsa dolores odit incidunt. Rerum possimus totam tempora non voluptas aliquid.'),
	(386, 122, 15, 'Veniam totam at adipisci quas. Vitae sed sed illum occaecati aut. Mollitia officiis exercitationem fuga dolorem repellendus. Aut quam perferendis ea deleniti explicabo est.'),
	(387, 81, 16, 'Ipsum reprehenderit sed voluptatem non. Aliquid nihil et omnis distinctio sequi dolores. Animi sed quia deleniti exercitationem accusantium. Quidem impedit voluptatem ullam ratione laborum assumenda velit.'),
	(388, 20, 6, 'Enim velit ex et facere. Sint explicabo consequatur in ad ut enim. Beatae et facilis laudantium facere temporibus sint sunt.'),
	(389, 97, 30, 'Sed est similique deserunt qui iure repellendus et in. Et quia asperiores accusamus voluptas nesciunt id officia. Ut dolorem pariatur at aut sunt asperiores ut. Magnam quia cupiditate voluptatibus id. Architecto debitis qui et dolores.'),
	(390, 70, 19, 'Itaque quia illo qui nisi laudantium enim. Et reiciendis atque delectus tenetur ea impedit inventore. Excepturi nisi fugit in sint voluptatem. Soluta inventore non delectus voluptatem quibusdam et aperiam.'),
	(391, 136, 3, 'Iusto voluptatem in quis omnis et voluptatem. Totam est rerum sit blanditiis.'),
	(392, 89, 8, 'Voluptas distinctio et repellendus quo consequatur et et. Dolor deserunt vero ipsa veritatis. Nihil perferendis voluptates dignissimos earum nobis provident explicabo.'),
	(393, 31, 30, 'Voluptatum officia cumque cupiditate nobis. Incidunt expedita voluptatem porro error. Et suscipit suscipit quibusdam ut in perferendis et sint.'),
	(394, 82, 5, 'Nam voluptates optio non voluptatem repellat quisquam. Nam repellendus expedita qui necessitatibus dolor consequuntur explicabo. Omnis accusamus qui veniam ut architecto. Molestias voluptates eos inventore dolor nulla accusantium.'),
	(395, 140, 20, 'Minus quidem odio occaecati sunt maxime. Voluptatem ut eum quia. Magnam qui ipsum magnam dicta quia rerum fuga. Et et rerum aspernatur molestiae voluptas. Voluptatum illum molestiae aspernatur.'),
	(396, 27, 22, 'Est soluta fugit dolorem velit at ut. Enim libero enim ullam consequatur explicabo laborum. Distinctio molestias nesciunt commodi repellat cumque qui aut accusamus. Soluta ex qui voluptas animi et eum illo. Consectetur aut suscipit repellendus quia velit animi earum.'),
	(397, 53, 19, 'Est et et aut officia non quo nemo. Consequatur optio praesentium sit perferendis assumenda quo. Quia consectetur soluta itaque voluptas qui. Aut facilis molestias aut dicta nesciunt. Odit quia officia accusamus provident et nemo quia.'),
	(398, 79, 7, 'Molestias est qui officiis. Et voluptates ipsa possimus non nihil harum enim cum. Adipisci aut non placeat modi.'),
	(399, 79, 11, 'Praesentium iusto iste aperiam voluptatibus sapiente et veniam qui. Dolore qui amet quo optio excepturi. Accusamus sed saepe explicabo nesciunt tenetur.'),
	(400, 91, 25, 'Quam voluptatum sint qui placeat suscipit veniam. Exercitationem cum reprehenderit reprehenderit. Necessitatibus impedit pariatur id consequatur ut accusantium labore. Nihil ipsum modi labore.'),
	(401, 193, 22, 'Incidunt alias in minima dolor. Itaque eaque rerum quia et.'),
	(402, 94, 5, 'Quia adipisci sit repellat debitis sit natus. Ea neque sint ratione veritatis.'),
	(403, 195, 8, 'Velit occaecati qui cum et. Eos non est suscipit a quibusdam perspiciatis et. Quas temporibus enim veniam tempore voluptatem nulla. Nihil qui ratione at et deleniti.'),
	(404, 159, 7, 'Ut dolor qui sed debitis. Repudiandae architecto molestiae corporis voluptatibus iure id nobis.'),
	(405, 38, 12, 'Fugit quas quia doloremque adipisci aliquid cum et. Molestiae accusamus ducimus voluptate praesentium nesciunt asperiores consequatur laudantium. Eum voluptas labore ipsam hic natus.'),
	(406, 99, 17, 'Voluptatem et in ullam at saepe voluptatem. Voluptates id ipsam eligendi quibusdam. Eos fugit ad vel recusandae et dolores asperiores. Ratione sint culpa ea.'),
	(407, 157, 7, 'Enim incidunt ducimus quia odio possimus quia. Minima eveniet hic fugiat et fugit quam.'),
	(408, 69, 25, 'Minus numquam ullam repellat. Quas magnam et ea et. Quibusdam nihil quae quia et a illo vero.'),
	(409, 93, 8, 'Animi et eaque qui id et facere. Autem repellat eveniet reiciendis dignissimos. Deserunt adipisci ut ut dolores asperiores dolores.'),
	(410, 98, 1, 'In consectetur similique omnis nam nesciunt. Qui quia vel odit. Et dolores impedit debitis porro ut.'),
	(411, 140, 21, 'Dolore rerum est doloribus. Nulla animi aut tenetur esse officia aperiam quam sed.'),
	(412, 97, 9, 'Dolor perferendis voluptates dolor sit fugit id sunt. Error neque id veritatis saepe quaerat et. Aut corporis ipsam quam laudantium et dolorem reiciendis.'),
	(413, 147, 17, 'Iste est sit quaerat recusandae ut maiores. Distinctio cum iste ut accusantium. Repudiandae aspernatur quisquam assumenda fugiat officia cum. Iure ut fugiat neque.'),
	(414, 33, 27, 'Quam sed magni nulla ad aut commodi cum. Deleniti iure vero soluta maiores sunt. Veritatis eius exercitationem iusto soluta consequuntur.'),
	(415, 70, 28, 'Ut autem a nam minima delectus perferendis neque. Non enim consequatur beatae et voluptates.'),
	(416, 35, 5, 'Omnis dolore fuga quos consequuntur occaecati est sapiente. Saepe aliquid non qui saepe eaque molestias. Fuga omnis in voluptas ex aut optio deserunt. Modi est aliquid exercitationem eveniet recusandae vel dolore.'),
	(417, 148, 18, 'Repellat magnam sint quaerat sit. Alias maiores ea aperiam dolores atque est adipisci. Sapiente non earum sapiente magnam. Cumque suscipit a soluta non in id sunt. Ipsum architecto deleniti nihil eaque sit corporis sapiente.'),
	(418, 82, 23, 'Ex vel amet reiciendis cumque quasi consequuntur voluptatem. Possimus deserunt quas optio cupiditate. Eos aut non sint est omnis architecto repellendus.'),
	(419, 171, 10, 'Explicabo dolor nemo in aperiam iure sint a voluptatem. Nesciunt sit recusandae eius recusandae omnis laudantium voluptate harum. Eos culpa quo ullam in accusantium. Et porro numquam dolorum quidem totam.'),
	(420, 86, 25, 'Et vel sed similique quas placeat aut quam aut. Fugiat sit autem ut inventore libero facere. Quibusdam nihil aut ut temporibus consequatur commodi minus dolorum.'),
	(421, 181, 27, 'Eum est voluptatem iusto excepturi at deleniti cum accusantium. Aut omnis ut eum magni. Aliquid qui error ut quo natus sint.'),
	(422, 200, 25, 'Iste labore sequi suscipit ipsum sit necessitatibus. Aut aut aut velit ullam quis qui. Dolor sed et fugit eaque rerum natus. Veritatis eos unde dolor quia. Molestiae nulla voluptatum vitae odit enim iusto.'),
	(423, 120, 24, 'Aut voluptatibus possimus quod provident totam ratione magni. Repudiandae ut voluptatum neque error odit in quo ut. Sed quia et asperiores in rem. Vel voluptas iusto impedit asperiores est.'),
	(424, 118, 6, 'Et qui voluptates sed aperiam. Et iure qui architecto laborum possimus. Aut consequatur sit quia ut natus. Non voluptatum ratione numquam quas voluptatem.'),
	(425, 193, 21, 'Harum magni saepe necessitatibus quos nulla voluptatem dolorem necessitatibus. Possimus quas ipsum ad nobis saepe voluptas. Quidem officia nobis et odio.'),
	(426, 109, 1, 'Ex cumque sunt quasi. Voluptate vero aliquam et quasi dolorem consequatur.'),
	(427, 115, 19, 'Et mollitia placeat vero alias est pariatur id. Libero aut rerum recusandae aliquam. Pariatur sapiente qui praesentium vitae veritatis quam sunt. Nesciunt in ea est odit et.'),
	(428, 94, 22, 'Aliquid ullam nulla pariatur ducimus earum a quis. Rerum qui blanditiis beatae quod totam eligendi. Quis cumque eaque quo nesciunt.'),
	(429, 40, 9, 'Quae voluptas nulla praesentium officiis. Consequatur deleniti non incidunt suscipit doloribus odit sunt officia. Voluptate dolores et in nulla.'),
	(430, 116, 25, 'Et et dolorum minus quae. Ut sint qui vero eaque culpa numquam.'),
	(431, 35, 30, 'Error consectetur corporis deserunt eum possimus. Beatae dolorem qui nostrum totam voluptatum recusandae sed. Nostrum reprehenderit ex nostrum fugit amet dolor accusamus.'),
	(432, 68, 25, 'Ipsa quo magnam asperiores qui enim ipsam. Nemo minima dolores ratione sunt commodi possimus. Id quia dolorem sunt autem sunt placeat amet vitae.'),
	(433, 55, 14, 'Exercitationem consectetur voluptas debitis mollitia. Voluptatem itaque quia velit unde qui. Doloribus aut consectetur qui qui corporis facere ipsam deserunt. Minus voluptatibus enim quasi maxime.'),
	(434, 3, 17, 'Ratione maiores qui fuga rem sed architecto rerum. Delectus ratione necessitatibus minus facilis. Corrupti quasi voluptatem fugit voluptates.'),
	(435, 58, 23, 'Omnis ut et in porro et vitae. Tempore et vitae assumenda ullam sint fugiat. Nobis voluptatem impedit aut labore libero non.'),
	(436, 169, 27, 'Temporibus modi dolorem ea blanditiis odit. Eligendi aut quisquam quo delectus voluptas quod distinctio explicabo. Voluptas vel ipsam id.'),
	(437, 46, 14, 'Autem porro atque et odio voluptatum doloremque. Sequi aut officiis quod occaecati aperiam vel. Rerum molestiae voluptatem et qui iusto qui in.'),
	(438, 77, 11, 'Rem doloremque qui aut laboriosam eum pariatur. Voluptatum assumenda voluptas tenetur voluptate omnis porro dolorem. Quia corrupti fuga nihil optio et exercitationem qui.'),
	(439, 196, 17, 'Mollitia molestiae recusandae est assumenda reprehenderit. Nobis ex quia corrupti qui debitis. Deleniti eos quasi qui consectetur dolore. Exercitationem vitae numquam facere quaerat accusamus eligendi minus.'),
	(440, 56, 23, 'Placeat qui pariatur hic ut. Dolor qui quod quia rerum ullam dolorum. At voluptates eaque consequatur officiis.'),
	(441, 169, 30, 'Reprehenderit numquam officia voluptas dolor. Qui et et doloribus. Hic reprehenderit adipisci ut voluptatem quia. Rerum est iure distinctio ipsam enim. Harum dolorum autem cum ut a.'),
	(442, 129, 16, 'Nemo qui expedita qui possimus omnis similique. Exercitationem et quidem autem eveniet. Eligendi odio similique sed natus ad fugit. Dicta mollitia non dolor totam.'),
	(443, 150, 5, 'Necessitatibus voluptates rerum debitis temporibus similique molestias. Ut cumque quia quod quia. Ipsum eius delectus pariatur.'),
	(444, 141, 4, 'Quia velit est sed voluptatem quo soluta quo. Quisquam quia occaecati repudiandae nulla unde. Possimus adipisci debitis ullam vero odio officia et. Quo neque temporibus earum quia.'),
	(445, 53, 7, 'Vel ab qui totam labore. Harum magnam incidunt corrupti provident consequatur voluptas. Doloribus placeat maiores sapiente eveniet quia et.'),
	(446, 82, 15, 'Corrupti tempore consequuntur nisi incidunt. Cum soluta ut et sint repellendus. Vel id enim labore et. Dolores facere officia enim velit. Ipsa delectus et at nemo.'),
	(447, 99, 16, 'Earum praesentium laboriosam nemo quia et. Est et ipsa vero ut adipisci sed. Natus voluptatem iusto et illo aut quae eveniet eaque.'),
	(448, 198, 29, 'Nulla non nulla neque dolor. Nemo pariatur et voluptates facere perferendis. Asperiores deleniti ratione velit sed dolore.'),
	(449, 133, 23, 'Qui quidem qui debitis rerum ut et nostrum. Quia possimus est sed sed distinctio ipsum. Culpa nisi laboriosam enim perspiciatis repudiandae. Deserunt excepturi enim animi quia non. Ut nam dicta ex ut quasi maiores.'),
	(450, 17, 9, 'Laboriosam recusandae quis quidem quos impedit amet est. Consequuntur eum enim suscipit necessitatibus. Aut corrupti voluptate repudiandae commodi culpa cumque.'),
	(451, 168, 1, 'Placeat praesentium in praesentium possimus architecto minima voluptates ratione. Et non consequatur quasi ullam. Architecto pariatur tempore repudiandae sed sapiente et reprehenderit. Voluptate accusamus porro dolorem incidunt quas.'),
	(452, 70, 1, 'Est quae nihil dolorem. Officia non repellat soluta sed. Cum accusantium dolor amet voluptatibus quasi.'),
	(453, 76, 19, 'Cumque corrupti aliquam temporibus et eos rem nihil. Sed reiciendis facere et libero rerum rerum ab. Error beatae assumenda harum.'),
	(454, 196, 18, 'Quibusdam omnis tempore possimus velit exercitationem soluta quidem. Cum id et laudantium ullam. Iure est et exercitationem necessitatibus sapiente accusamus odit. Ab eos odit qui eligendi consequatur.'),
	(455, 9, 1, 'Sunt totam vero in nobis optio ut dolor possimus. Explicabo molestiae vel et aut voluptatem autem quisquam illum. Quo quibusdam quis eos molestiae quam animi velit. Ipsa debitis excepturi optio voluptas rerum impedit ea.'),
	(456, 157, 6, 'Eum voluptas ut et voluptate et. Unde minima numquam aliquam porro. Dicta aspernatur perspiciatis iste quod.'),
	(457, 43, 16, 'Et dolores voluptate dolorum deserunt quia a alias. Nam repudiandae sit voluptates eos aliquam. Blanditiis eos quia dolorum quas illum. Repellendus delectus quae quod debitis.'),
	(458, 161, 7, 'Iure quia eos veniam aspernatur sed accusamus nihil. Eos corporis ipsa consequatur quis modi et. Modi maiores sit fuga pariatur ut similique aut repellat.'),
	(459, 146, 13, 'Nihil blanditiis quam necessitatibus qui. Sunt minus officiis molestiae numquam. Voluptas sed pariatur illo qui sed. Excepturi sit aut et aut porro.'),
	(460, 122, 1, 'Molestiae atque suscipit qui aliquam voluptates aspernatur deserunt. Reiciendis recusandae quam libero cumque. Et dolorem fuga explicabo animi quae. Doloribus reiciendis magnam illum esse corrupti tenetur aut reiciendis.'),
	(461, 12, 25, 'Sit adipisci facere numquam cumque pariatur ut repellendus. Corporis occaecati et fuga ut est. Quia quis et eligendi recusandae.'),
	(462, 6, 18, 'Neque odio fugiat id molestiae in quod est delectus. At libero quia dolorem consequatur ducimus autem et. Est asperiores consequatur tempore assumenda dolor illo aperiam magnam. Id sint rerum voluptas nesciunt.'),
	(463, 150, 19, 'Incidunt et consequatur libero quasi rerum repellat reprehenderit quidem. Tenetur odio inventore quas iure. Eos reiciendis qui harum delectus autem eaque.'),
	(464, 197, 8, 'Sunt praesentium velit aut totam ut. Tenetur quaerat distinctio ratione ea unde inventore rerum. Facere nam autem accusamus ad. Nemo illum distinctio culpa consequuntur id ut.'),
	(465, 183, 5, 'Esse modi laborum distinctio enim. Laboriosam quibusdam eveniet molestiae voluptas blanditiis. Deleniti dolor aperiam ipsum facilis voluptate. Iste et qui cupiditate nulla soluta et nisi perspiciatis.'),
	(466, 41, 3, 'Illum quis odio fugiat accusamus amet maxime et. Provident modi aut vel consequatur hic. Necessitatibus est ratione occaecati aut.'),
	(467, 62, 26, 'Quas a qui aspernatur dolorem ut vitae omnis. Provident repudiandae consequatur in dolores numquam. Qui qui dolorum quos ut. Sit non enim natus minima.'),
	(468, 188, 3, 'Quia voluptatum sunt laudantium aut quis laboriosam. Saepe dicta veritatis libero optio et enim iure. Tenetur sunt hic excepturi expedita qui deserunt voluptatibus.'),
	(469, 78, 22, 'Enim temporibus accusantium excepturi excepturi dolorem sint occaecati. Accusamus est harum magnam et. Tempore consequuntur dolorem fugiat qui nihil rerum.'),
	(470, 35, 5, 'Labore quo et et sed. Perspiciatis fuga rerum ut a aliquam culpa. Ipsam velit cumque dolor aut. Sit qui deserunt sunt ipsum qui. Ipsam qui ut libero tempora distinctio reiciendis molestiae.'),
	(471, 172, 29, 'Fugiat ea voluptatem doloremque iure. Ea dolor dolores non tempora dolorum recusandae. Ratione earum et accusamus esse.'),
	(472, 136, 24, 'Tenetur excepturi recusandae veniam molestiae velit. Voluptas ut vero enim necessitatibus qui incidunt voluptatum. Vel doloremque velit et illo officiis. Pariatur eos praesentium molestiae eos deleniti in vitae.'),
	(473, 111, 12, 'Aut porro saepe sit perferendis molestiae et neque. Quisquam est ab non aut autem et autem. Ut amet nihil ipsum rerum reprehenderit facilis. Consectetur sed possimus quod. Sequi aut est quo consequatur qui magnam et.'),
	(474, 77, 24, 'Aliquid aut itaque rerum iure harum sit id consequatur. Ut vitae molestias qui. Repellendus qui ut et beatae veritatis enim facere et. Et accusamus aspernatur voluptas quas ut dolorem.'),
	(475, 53, 25, 'Nam dicta quaerat illum voluptatem alias. Dolores accusantium excepturi laborum explicabo magni odit. Et ab quia soluta qui officia ipsum consequuntur.'),
	(476, 36, 1, 'Eum excepturi harum porro voluptatem aut. Architecto temporibus blanditiis est quasi vitae amet. In tenetur qui voluptates fugit harum eos aut odit.'),
	(477, 46, 27, 'Est voluptas labore deserunt aliquid. Minima et quo est id. Nobis ut nesciunt sint accusamus.'),
	(478, 47, 13, 'Nesciunt ut et non eligendi. Molestiae est et veniam inventore atque. Dolorum enim itaque aut ullam.'),
	(479, 16, 3, 'Earum quas laudantium est. Error illum et sequi consequatur aspernatur molestias excepturi. Quo vero tempora quis dignissimos quo dolore.'),
	(480, 172, 5, 'Dolores et quam suscipit. In minima delectus ut. Ut ut dolorum non in autem.'),
	(481, 66, 6, 'Similique velit voluptatibus aliquam cum veritatis aliquam. Nam voluptatem quia vitae molestiae ducimus ipsa eligendi. Consequatur tempore aperiam a autem iste.'),
	(482, 50, 12, 'A facilis asperiores magni consequatur vel consequuntur. Suscipit velit doloribus explicabo aut suscipit.'),
	(483, 178, 12, 'Voluptas quas quibusdam nisi. Officiis voluptates consequatur voluptatem dignissimos facere. Perferendis ut nobis rerum mollitia vero inventore nostrum. Eveniet voluptatem maxime doloribus vitae perferendis.'),
	(484, 26, 23, 'Deleniti deleniti consequatur soluta voluptas. Voluptas quia sapiente voluptas harum quo quo. Blanditiis perferendis omnis tenetur. Necessitatibus sed dolore magni dolores sit quia molestiae.'),
	(485, 45, 24, 'Praesentium sed facilis est mollitia. Fuga alias aperiam inventore praesentium earum odit ut. Et molestiae qui eum.'),
	(486, 170, 15, 'Eius at deserunt vero animi harum provident et. Aut ea omnis qui quo. Qui minus facere maiores sint reiciendis et aspernatur quas.'),
	(487, 48, 26, 'Nulla beatae facere qui velit dolore voluptate. Itaque laborum natus accusamus et id sed. Sequi exercitationem illum quibusdam natus odio. Rem rerum laboriosam esse atque sit fugiat non. Voluptate quia vitae ducimus quo quibusdam excepturi consectetur.'),
	(488, 95, 19, 'Est eos dolor fugit. Similique molestiae asperiores quaerat sint rem et. Magnam nulla aliquid voluptas adipisci adipisci.'),
	(489, 27, 27, 'Magni quas est quidem id nostrum. Quod enim consequatur ad accusantium quae blanditiis. Quam aut minus ullam ex eaque. Atque eum aut labore rerum magnam.'),
	(490, 73, 26, 'Magnam sint sunt hic non nam non. Alias doloremque inventore sit et et earum et. Id ab sunt in itaque.'),
	(491, 179, 1, 'Itaque alias molestias tenetur repellat quos autem. Velit earum aliquid consequatur unde officiis. Vero sit voluptas ducimus velit dolorem sit. Sequi ipsam ipsa voluptatem doloremque.'),
	(492, 108, 18, 'Eum iste aut esse officia ut qui. Fugiat quas consectetur voluptatem eius. Modi iure consectetur at quisquam omnis voluptatibus tempora.'),
	(493, 17, 28, 'Doloribus excepturi ad non sequi. Sunt necessitatibus vel non eveniet ut qui.'),
	(494, 29, 11, 'Itaque hic labore corrupti sed porro. Esse ut minima et sint et sed vel aspernatur. Voluptatum reiciendis sequi ipsum sunt vel dolorum.'),
	(495, 168, 28, 'Ratione vel ea incidunt in quae. Vitae ex sint molestiae et alias omnis. Error ullam ducimus quis molestiae. Doloribus ipsum soluta ut reprehenderit. Aut sit non ex aliquid occaecati.'),
	(496, 22, 4, 'Mollitia unde nemo commodi quis fugiat hic. Ea magnam non voluptate voluptatem quas. Architecto dignissimos ut ducimus.'),
	(497, 34, 28, 'Nostrum velit ratione est laudantium facilis minima est. Quod assumenda non est sint quis. Omnis et et aut quia et ut quia aperiam. Laboriosam consectetur odit non consequatur id ut. Eos officiis nihil aut et.'),
	(498, 97, 15, 'Harum numquam amet tenetur aliquid quam. Et ipsam nisi sed numquam laudantium consequatur. Iure ea eos facilis omnis deleniti voluptatem alias.'),
	(499, 159, 6, 'Odit nesciunt sunt consequuntur. Soluta eius nostrum quis nulla fugiat et aut. Quia ex consequatur eveniet tempore ut sit quo. Voluptatem reprehenderit laudantium quod architecto dolores debitis.'),
	(500, 120, 3, 'Cumque non voluptatem magnam et eaque et nihil. Maxime asperiores perspiciatis qui occaecati aut. Debitis neque et aut consequatur earum. Velit est dolor velit deserunt numquam et.');

-- Dumping structure for table dbp.themes
DROP TABLE IF EXISTS `themes`;
CREATE TABLE IF NOT EXISTS `themes` (
  `id` int(11) NOT NULL AUTO_INCREMENT,
  `name` varchar(255) NOT NULL,
  `description` text DEFAULT NULL,
  PRIMARY KEY (`id`),
  UNIQUE KEY `id` (`id`),
  UNIQUE KEY `name` (`name`)
) ENGINE=InnoDB AUTO_INCREMENT=31 DEFAULT CHARSET=utf8mb4 COLLATE=utf8mb4_general_ci;

-- Dumping data for table dbp.themes: ~30 rows (approximately)
INSERT INTO `themes` (`id`, `name`, `description`) VALUES
	(1, 'et', 'Et sit et at illo. At odit praesentium sequi dolorem deserunt voluptate aliquid qui. Veniam aut quisquam cupiditate doloremque earum.'),
	(2, 'est', 'Officia modi ipsum est est impedit et. Quis perspiciatis hic eveniet saepe enim voluptatum. Excepturi non quae autem ipsam. Pariatur accusamus iusto maiores at.'),
	(3, 'deleniti', 'Quis vel vero voluptatem excepturi. Id alias quas quo id. Non at consequatur et explicabo aut itaque qui. Velit ipsum repudiandae alias.'),
	(4, 'iusto', 'Occaecati consequatur explicabo iure distinctio sint reiciendis voluptatibus. Illum earum quia recusandae iusto quidem. Repellendus voluptatem aut ut necessitatibus dolore non aut.'),
	(5, 'placeat', 'Ducimus voluptatibus exercitationem facilis nihil quia quas. Quo voluptatibus cum nisi in autem ut dolores dolorem. Quibusdam eum officiis eius facere numquam dolore. Quia quos sit expedita quidem in autem.'),
	(6, 'sint', 'Et dolorem illum ab maiores ut non eos. Qui cumque aliquam assumenda impedit vero error sit. Velit magni quisquam iste.'),
	(7, 'quia', 'Et omnis nihil ea dignissimos et autem ipsa. Rerum perferendis eum dolor voluptas ullam. Tempora consequuntur nesciunt id quis itaque numquam deserunt fugit. Est animi dicta in molestiae.'),
	(8, 'fugiat', 'Ratione qui aliquid mollitia. Eos minima saepe non sed sit voluptatem possimus unde. Ipsum necessitatibus numquam quibusdam aut debitis et debitis. Ad iste odio reiciendis ratione animi beatae molestiae.'),
	(9, 'sit', 'Aliquam repellendus accusantium sunt. Quae accusamus soluta sed ad eveniet hic est qui. Quo repudiandae ipsam voluptate eum. Alias aut enim eos sed recusandae nihil temporibus.'),
	(10, 'beatae', 'Facere reiciendis ipsam alias magnam quisquam perspiciatis fugit. Accusamus ab totam sit. Omnis iure eum sit laudantium sed.'),
	(11, 'labore', 'Aut sint qui non. Ad distinctio est dolore doloremque distinctio recusandae asperiores. Qui placeat laudantium id nobis porro adipisci eius quia.'),
	(12, 'ut', 'Repellat blanditiis blanditiis illum voluptatem id consectetur. A assumenda tempora expedita qui corporis iusto ducimus. Ullam iste ut aut atque laborum sit.'),
	(13, 'consequatur', 'Et doloribus et eos labore quis delectus est. Beatae porro debitis voluptatem explicabo iusto mollitia. Hic adipisci perspiciatis unde occaecati fugit. Sunt est provident quas enim.'),
	(14, 'cumque', 'Iusto eos earum asperiores quia necessitatibus. Aut velit itaque ut vero ipsam dolorem. Nemo voluptatem a voluptatem.'),
	(15, 'voluptatem', 'Hic dolorum aut ducimus voluptatem odio suscipit sed. Consequatur quas facere adipisci accusamus. Dolore eum odio dicta tenetur sunt porro optio. Ratione natus consequuntur voluptatem.'),
	(16, 'totam', 'Voluptas sed quod corporis voluptatum et suscipit officiis. Qui eius magnam nobis totam doloribus mollitia molestiae. Repellat est dolores porro voluptatum tempore sapiente dolores. Omnis expedita sed id voluptatibus.'),
	(17, 'dicta', 'Quis magnam at ullam tempora. Expedita eligendi quod qui ratione quidem. Sequi quod quibusdam vel consequuntur nihil sed ut. Voluptate ut et incidunt molestiae sit voluptates ratione.'),
	(18, 'aut', 'Dignissimos fugiat voluptatem est in labore fugit. Id temporibus suscipit ullam mollitia eos. Non sed illum tempore aut.'),
	(19, 'porro', 'In nihil quia maxime deleniti. Ex eos autem est sit iusto blanditiis autem voluptatem. Accusantium nemo eligendi accusamus aperiam. Quas fuga cum aut provident aut.'),
	(20, 'exercitationem', 'Quo sed voluptas voluptas et deleniti. Corrupti officiis illo quia ab ad. Architecto et eum sapiente ipsam id omnis magni vitae. Eum quia in possimus ab quis aut odio.'),
	(21, 'reprehenderit', 'Reiciendis quibusdam nihil molestiae est. Provident similique ea dignissimos. Odit excepturi eum sed et et ea architecto minus. Voluptatem reprehenderit quia expedita non deserunt ut. Et rerum unde placeat autem.'),
	(22, 'repellat', 'Eos tenetur assumenda est quia et corporis facere excepturi. In aut accusamus animi fugiat error facere vero. Fuga aut voluptatem ipsa neque consectetur.'),
	(23, 'soluta', 'Voluptatibus illo consequatur quis deleniti vero. Praesentium corporis nihil exercitationem possimus id. Nam omnis pariatur aut quaerat. Quod harum sed corrupti ratione voluptatibus minus.'),
	(24, 'cupiditate', 'Eveniet beatae inventore consequatur alias nisi nihil dolores et. Nihil voluptate cupiditate officiis quia atque. Est est voluptas ipsam quas dolorem non. Vitae libero exercitationem facere aut quaerat aperiam rem dolorem. Dolorem ea sed vel eum qui ad.'),
	(25, 'eum', 'In facere odio labore repellat. Et quod eius quaerat labore consequuntur natus. Velit ut ipsa ut sit necessitatibus voluptas sed. Amet sit veritatis deleniti totam.'),
	(26, 'ullam', 'Voluptatum ex id accusantium odit officiis ipsum. Ut modi nobis qui commodi. Quis eum rem blanditiis ut consequatur.'),
	(27, 'occaecati', 'Aut voluptate provident qui quia itaque distinctio. Quasi non quis aut porro nam adipisci repudiandae. Illo deleniti laudantium dicta.'),
	(28, 'pariatur', 'Aut quas iusto enim sunt qui aut aut soluta. Deleniti vel omnis amet ad sunt et beatae nobis.'),
	(29, 'dolor', 'Ipsum qui autem facere molestias voluptatum. Debitis delectus et dolores est. Et dignissimos ut ipsam voluptatem qui assumenda.'),
	(30, 'voluptas', 'Voluptatem et quod voluptatem nesciunt. Nihil repellendus optio ut quis itaque quo voluptatem. Dolorem sunt iste sunt rerum veritatis.');

/*!40103 SET TIME_ZONE=IFNULL(@OLD_TIME_ZONE, 'system') */;
/*!40101 SET SQL_MODE=IFNULL(@OLD_SQL_MODE, '') */;
/*!40014 SET FOREIGN_KEY_CHECKS=IFNULL(@OLD_FOREIGN_KEY_CHECKS, 1) */;
/*!40101 SET CHARACTER_SET_CLIENT=@OLD_CHARACTER_SET_CLIENT */;
/*!40111 SET SQL_NOTES=IFNULL(@OLD_SQL_NOTES, 1) */;
